Date,High,Low,Open,Close,Volume,Adj Close
2000-01-03,41.6875,39.8125,41.4375,40.1875,2638200.0,25.741437911987305
2000-01-04,41.125,39.75,40.1875,40.125,3592100.0,25.70140838623047
2000-01-05,43.3125,41.375,41.375,42.625,7631700.0,27.302753448486328
2000-01-06,43.4375,41.125,42.625,43.0625,4922200.0,27.582977294921875
2000-01-07,44.875,43.6875,43.6875,44.3125,6008300.0,28.383647918701172
2000-01-10,44.5,43.5,44.3125,43.6875,2403500.0,27.983306884765625
2000-01-11,43.9375,42.75,43.6875,42.875,2450000.0,27.462879180908203
2000-01-12,44.1875,42.5,42.875,43.0625,2327800.0,27.582977294921875
2000-01-13,43.375,42.0,43.0625,42.375,3035100.0,27.142610549926758
2000-01-14,44.25,42.9375,42.9375,44.0,3834900.0,28.1834774017334
2000-01-18,45.0,43.125,44.0,45.0,5859800.0,28.82400894165039
2000-01-19,48.125,45.25,45.25,47.625,11463600.0,30.50542449951172
2000-01-20,47.875,45.75,47.625,46.5,8941100.0,29.784805297851562
2000-01-21,46.9375,45.0,46.5,45.6875,4392500.0,29.26437759399414
2000-01-24,46.1875,43.625,45.6875,44.3125,3306200.0,28.383647918701172
2000-01-25,46.0,44.75,44.75,45.6875,5057200.0,29.26437759399414
2000-01-26,46.5,45.0,45.6875,46.1875,3090100.0,29.58464241027832
2000-01-27,46.875,44.875,46.1875,45.0625,3339100.0,28.86404800415039
2000-01-28,45.625,44.5,45.0625,44.625,2288100.0,28.583816528320312
2000-01-31,44.5625,43.9375,44.5625,44.5,2411800.0,28.503742218017578
2000-02-01,44.1875,43.3125,44.1875,43.75,2675800.0,28.023353576660156
2000-02-02,45.1875,43.375,43.75,44.625,3295500.0,28.583816528320312
2000-02-03,45.0625,43.125,44.625,43.4375,2889100.0,27.82317352294922
2000-02-04,44.1875,42.5625,43.4375,44.0,2927200.0,28.1834774017334
2000-02-07,43.875,41.6875,43.875,41.8125,3029400.0,26.782316207885742
2000-02-08,42.0625,40.0,41.8125,41.0,5102700.0,26.261877059936523
2000-02-09,40.25,38.375,40.25,39.0,5525000.0,25.066396713256836
2000-02-10,40.1875,38.75,39.0,39.75,4060600.0,25.54844856262207
2000-02-11,40.375,39.125,39.75,39.875,3132800.0,25.62879180908203
2000-02-14,39.6875,38.0625,39.6875,38.25,2606300.0,24.58434295654297
2000-02-15,38.6875,37.375,38.25,38.5,3961300.0,24.745033264160156
2000-02-16,37.9375,36.875,37.9375,37.25,3423000.0,23.94162940979004
2000-02-17,37.875,36.5625,37.25,37.5,3400500.0,24.102310180664062
2000-02-18,37.5,35.875,37.5,36.0,5559500.0,23.138214111328125
2000-02-22,39.9375,35.875,36.0,38.875,4771400.0,24.986061096191406
2000-02-23,38.6875,37.0625,38.6875,37.125,3880800.0,23.861295700073242
2000-02-24,37.0,35.875,37.0,36.5625,4210800.0,23.499765396118164
2000-02-25,38.0,36.8125,36.8125,37.8125,3170600.0,24.303159713745117
2000-02-28,37.625,36.5625,37.625,37.0,3573300.0,23.780941009521484
2000-02-29,37.625,36.125,37.0,36.9375,3513100.0,23.74077033996582
2000-03-01,36.625,35.9375,36.625,36.3125,2838000.0,23.339069366455078
2000-03-02,37.1875,35.375,36.3125,35.9375,4058200.0,23.098041534423828
2000-03-03,36.5,35.6875,35.9375,35.9375,3884100.0,23.098041534423828
2000-03-06,36.1875,35.0,35.9375,35.125,2882000.0,22.575822830200195
2000-03-07,35.125,34.125,35.125,34.75,3565000.0,22.334810256958008
2000-03-08,34.1875,33.375,34.1875,33.375,4134600.0,21.451053619384766
2000-03-09,34.5,33.25,33.375,33.75,3236800.0,21.692079544067383
2000-03-10,33.9375,32.3125,33.75,32.375,5114300.0,20.808324813842773
2000-03-13,33.125,32.0,32.375,32.625,3422700.0,20.969017028808594
2000-03-14,33.8125,32.4375,32.625,33.0625,3727900.0,21.25020408630371
2000-03-15,35.5,32.875,33.0625,34.875,4859300.0,22.415145874023438
2000-03-16,35.9375,34.6875,34.875,35.625,4725200.0,22.897201538085938
2000-03-17,38.9375,35.375,35.625,38.0,15304900.0,24.423669815063477
2000-03-20,37.6875,36.375,37.6875,37.0,5786400.0,23.780941009521484
2000-03-21,37.4375,36.1875,37.0,36.5625,4165400.0,23.499765396118164
2000-03-22,37.1875,35.75,36.5625,36.25,3359600.0,23.298904418945312
2000-03-23,35.9375,34.8125,35.9375,35.125,4080400.0,22.575822830200195
2000-03-24,36.4375,35.5,35.5,36.0,5797500.0,23.138214111328125
2000-03-27,37.3125,36.125,36.125,37.125,2534000.0,23.861295700073242
2000-03-28,38.1875,36.875,37.125,38.0,5056400.0,24.423669815063477
2000-03-29,38.1875,37.3125,38.0,37.875,2731000.0,24.343334197998047
2000-03-30,38.9375,37.625,37.875,38.625,3311100.0,24.82538604736328
2000-03-31,38.8125,37.8125,38.625,37.8125,4640100.0,24.303159713745117
2000-04-03,37.75,37.0625,37.75,37.1875,3234700.0,23.90145492553711
2000-04-04,38.25,36.5625,37.1875,37.3125,4004200.0,23.981796264648438
2000-04-05,37.25,36.0,37.25,36.0625,2919900.0,23.17839241027832
2000-04-06,36.4375,35.625,36.0625,36.125,2970400.0,23.21855354309082
2000-04-07,36.3125,35.375,36.125,35.6875,2381600.0,22.937366485595703
2000-04-10,35.625,35.0,35.625,35.0625,2452600.0,22.535661697387695
2000-04-11,36.375,35.0,35.0625,35.6875,2251100.0,22.937366485595703
2000-04-12,38.375,35.875,35.875,37.625,4620200.0,24.18265151977539
2000-04-13,37.625,36.5,37.625,37.0,2916700.0,23.780941009521484
2000-04-14,36.75,34.75,36.75,35.375,3744900.0,22.736515045166016
2000-04-17,35.375,34.0625,35.375,35.3125,3761600.0,22.69635009765625
2000-04-18,35.0625,34.3125,35.0625,34.75,3379100.0,22.334810256958008
2000-04-19,37.75,35.5625,35.5625,37.25,5749000.0,23.94162940979004
2000-04-20,40.25,37.5,37.5,40.0625,8110700.0,25.749296188354492
2000-04-24,41.25,37.5,40.0625,37.875,10279700.0,24.343334197998047
2000-04-25,39.5625,38.25,38.25,39.0,5399600.0,25.066396713256836
2000-04-26,40.5625,39.0,39.0,39.9375,5338300.0,25.668956756591797
2000-04-27,40.25,38.9375,39.9375,39.8125,3176700.0,25.588611602783203
2000-04-28,40.0625,38.9375,39.8125,39.6875,1853600.0,25.50827980041504
2000-05-01,40.1875,39.0,39.6875,39.0625,2886100.0,25.10658073425293
2000-05-02,39.0625,37.8125,39.0625,37.9375,2552200.0,24.38351058959961
2000-05-03,38.1875,36.8125,37.9375,37.3125,3311300.0,23.981796264648438
2000-05-04,39.3125,37.8125,37.8125,38.1875,2981100.0,24.544187545776367
2000-05-05,39.875,37.9375,38.1875,39.5,2794900.0,25.38776206970215
2000-05-08,39.5,38.1875,39.5,38.25,3146400.0,24.58434295654297
2000-05-09,39.1875,38.125,38.25,38.3125,2567300.0,24.624526977539062
2000-05-10,37.9375,36.5625,37.9375,36.875,4880400.0,23.787538528442383
2000-05-11,38.1875,37.0625,37.0625,37.3125,2947200.0,24.069751739501953
2000-05-12,37.625,37.0625,37.3125,37.1875,2455200.0,23.98911476135254
2000-05-15,37.5,36.4375,37.1875,37.1875,2913500.0,23.98911476135254
2000-05-16,37.875,36.75,37.1875,37.375,3815700.0,24.11007308959961
2000-05-17,37.5,36.5625,37.375,37.375,2739800.0,24.11007308959961
2000-05-18,37.75,37.125,37.375,37.625,2050100.0,24.27134132385254
2000-05-19,37.375,36.25,37.375,36.9375,2193900.0,23.827844619750977
2000-05-22,37.6875,36.25,36.9375,36.5625,2984100.0,23.58595085144043
2000-05-23,37.9375,36.625,36.625,37.125,2851600.0,23.948808670043945
2000-05-24,39.0,37.1875,37.1875,38.875,4642600.0,25.077699661254883
2000-05-25,38.6875,37.875,38.6875,38.375,3027300.0,24.755149841308594
2000-05-26,38.9375,38.0,38.375,38.25,2102100.0,24.674510955810547
2000-05-30,39.6875,38.5625,38.5625,39.5625,2325300.0,25.521190643310547
2000-05-31,39.625,39.0,39.5625,39.0625,2198600.0,25.198657989501953
2000-06-01,40.25,39.3125,39.3125,40.25,2322800.0,25.96469497680664
2000-06-02,40.5625,39.5,40.25,39.875,3449500.0,25.72279167175293
2000-06-05,39.4375,38.5625,39.4375,38.9375,2478000.0,25.11802101135254
2000-06-06,40.1875,39.0625,39.0625,39.875,2945300.0,25.72279167175293
2000-06-07,40.0,38.5,39.875,38.5625,2843100.0,24.87610626220703
2000-06-08,38.625,37.6875,38.5625,38.1875,2481700.0,24.634204864501953
2000-06-09,39.6875,38.625,38.625,39.1875,2714200.0,25.279281616210938
2000-06-12,39.0625,38.0625,39.0625,38.125,1553800.0,24.593889236450195
2000-06-13,38.875,37.6875,38.125,38.8125,2599400.0,25.037391662597656
2000-06-14,39.375,38.375,38.8125,38.8125,2836500.0,25.037391662597656
2000-06-15,41.0,39.25,39.25,40.375,6346900.0,26.045331954956055
2000-06-16,40.375,38.8125,40.375,39.25,4919000.0,25.319610595703125
2000-06-19,39.5625,38.5625,39.25,39.0,3962300.0,25.1583309173584
2000-06-20,39.6875,38.3125,39.0,39.3125,2827400.0,25.35993194580078
2000-06-21,40.125,39.0625,39.3125,39.8125,2538000.0,25.682462692260742
2000-06-22,39.9375,38.75,39.8125,38.9375,2102400.0,25.11802101135254
2000-06-23,40.125,39.375,39.375,39.875,1984700.0,25.72279167175293
2000-06-26,40.0,39.5,39.875,39.75,2666600.0,25.642147064208984
2000-06-27,40.25,39.3125,39.75,40.0,2845500.0,25.803424835205078
2000-06-28,41.625,40.25,40.25,40.53125,3847800.0,26.146127700805664
2000-06-29,41.5,40.5,40.53125,40.9375,3364100.0,26.408187866210938
2000-06-30,42.25,41.0,41.0,41.8125,4823600.0,26.972633361816406
2000-07-03,41.9375,41.4375,41.8125,41.6875,1232300.0,26.892011642456055
2000-07-05,43.375,42.0625,42.0625,42.8125,4990900.0,27.617727279663086
2000-07-06,43.1875,42.5625,42.8125,43.0,3665200.0,27.738670349121094
2000-07-07,44.0625,43.0625,43.0625,43.75,4256800.0,28.222484588623047
2000-07-10,44.0,43.0,43.75,43.0,2834200.0,27.738670349121094
2000-07-11,44.75,43.0625,43.0625,44.3125,3815200.0,28.585355758666992
2000-07-12,44.375,43.6875,44.3125,43.875,2228800.0,28.30312156677246
2000-07-13,45.0,44.125,44.125,44.5625,3452700.0,28.74662208557129
2000-07-14,45.125,44.3125,44.5625,44.4375,3472100.0,28.665996551513672
2000-07-17,44.4375,43.4375,44.4375,43.96875,2497700.0,28.36361312866211
2000-07-18,45.25,43.3125,43.96875,45.125,4783100.0,29.10947608947754
2000-07-19,46.1875,44.0625,45.125,45.875,7490900.0,29.593297958374023
2000-07-20,46.25,45.1875,45.875,46.0625,5034000.0,29.714256286621094
2000-07-21,47.3125,45.8125,46.0625,46.8125,7622000.0,30.198076248168945
2000-07-24,48.25,46.6875,46.8125,48.125,5027400.0,31.04475212097168
2000-07-25,50.25,47.875,48.125,48.625,8836600.0,31.367277145385742
2000-07-26,49.4375,47.6875,48.625,48.0,5444400.0,30.964099884033203
2000-07-27,49.4375,48.1875,48.1875,48.25,3898500.0,31.125391006469727
2000-07-28,49.125,47.9375,48.25,48.8125,3930300.0,31.48822593688965
2000-07-31,49.25,48.4375,48.8125,48.8125,4481100.0,31.48822593688965
2000-08-01,49.5,48.6875,48.8125,48.6875,3226800.0,31.4075984954834
2000-08-02,49.9375,48.875,48.875,49.875,4383700.0,32.173641204833984
2000-08-03,49.9375,48.8125,49.875,49.0,3226900.0,31.60918426513672
2000-08-04,49.125,48.3125,49.0,49.0,2419800.0,31.60918426513672
2000-08-07,49.5,48.5,49.0,49.0625,2113900.0,31.649497985839844
2000-08-08,49.1875,48.375,49.0625,48.5625,3384000.0,31.326953887939453
2000-08-09,48.625,47.125,48.5625,47.75,4282500.0,30.89188575744629
2000-08-10,48.875,47.5625,47.75,48.875,2544700.0,31.61971664428711
2000-08-11,49.9375,48.5,48.875,49.625,3283700.0,32.104923248291016
2000-08-14,49.875,49.3125,49.625,49.5,2855800.0,32.0240478515625
2000-08-15,48.75,47.25,48.75,47.25,3963800.0,30.56842041015625
2000-08-16,46.875,45.875,46.875,46.1875,6353200.0,29.881032943725586
2000-08-17,46.125,45.75,46.125,45.875,2810800.0,29.678852081298828
2000-08-18,46.0625,45.3125,45.875,45.6875,4070600.0,29.55756187438965
2000-08-21,48.25,45.5,45.6875,47.75,4090800.0,30.89188575744629
2000-08-22,49.4375,47.625,47.75,49.3125,4683200.0,31.90273666381836
2000-08-23,50.9375,48.875,49.3125,50.5625,6971500.0,32.71143341064453
2000-08-24,54.0,50.1875,50.5625,53.625,10890300.0,34.69270706176758
2000-08-25,54.5,53.375,53.625,54.125,7671400.0,35.01620864868164
2000-08-28,54.0,52.9375,54.0,53.25,4972200.0,34.45012664794922
2000-08-29,53.125,52.25,53.125,52.3125,4000400.0,33.84360122680664
2000-08-30,53.0,51.9375,52.3125,52.5,3673400.0,33.964908599853516
2000-08-31,54.875,52.25,52.5,53.640625,3762800.0,34.702823638916016
2000-09-01,56.25,53.75,53.75,54.75,5092500.0,35.42054748535156
2000-09-05,56.25,54.0,54.75,55.4375,3704900.0,35.86532211303711
2000-09-06,58.625,55.5625,55.5625,57.8125,7974100.0,37.40182113647461
2000-09-07,59.9375,57.0,57.8125,58.5,10908200.0,37.84661865234375
2000-09-08,59.0,57.625,58.5,58.125,6699000.0,37.60400390625
2000-09-11,59.4375,57.6875,58.125,58.625,4335700.0,37.927486419677734
2000-09-12,60.0625,58.125,58.625,59.0,5650100.0,38.170082092285156
2000-09-13,60.125,58.75,59.0,59.4375,4108800.0,38.453121185302734
2000-09-14,58.875,57.6875,58.875,58.375,4277100.0,37.76573181152344
2000-09-15,59.1875,56.75,58.375,56.875,5906200.0,36.79533004760742
2000-09-18,58.5625,56.625,56.875,56.9375,3178700.0,36.83574295043945
2000-09-19,57.5625,56.25,56.9375,56.75,4221300.0,36.71445846557617
2000-09-20,60.0625,56.9375,56.9375,59.0625,6389400.0,38.21052932739258
2000-09-21,60.6875,59.25,59.25,60.0,6181200.0,38.81702423095703
2000-09-22,64.3125,59.0,60.0,63.5,6837500.0,41.081356048583984
2000-09-25,64.3125,61.75,63.5,63.875,5343300.0,41.32395935058594
2000-09-26,66.9375,62.8125,63.875,66.0625,7072100.0,42.73917007446289
2000-09-27,66.5,63.375,66.0625,64.5625,7540100.0,41.768760681152344
2000-09-28,65.375,63.625,64.5625,64.5,6746600.0,41.72831726074219
2000-09-29,64.5,60.625,64.5,64.5,5010700.0,41.72831726074219
2000-10-02,61.25,57.25,61.25,58.4375,9280800.0,37.806182861328125
2000-10-03,60.3125,59.0,59.0,59.875,5017300.0,38.73616027832031
2000-10-04,62.4375,59.5,59.875,61.125,5019200.0,39.544857025146484
2000-10-05,63.0,60.25,61.125,61.0625,4121900.0,39.504417419433594
2000-10-06,62.1875,60.5,61.0625,61.0,3067100.0,39.46397018432617
2000-10-09,60.6875,59.25,60.6875,59.4375,2180100.0,38.453121185302734
2000-10-10,60.125,59.0625,59.4375,59.5625,2501200.0,38.53398513793945
2000-10-11,61.25,58.8125,59.5625,60.1875,2960800.0,38.9383430480957
2000-10-12,60.3125,54.0,60.1875,56.125,8935800.0,36.31010055541992
2000-10-13,60.3125,55.9375,56.125,58.75,4701200.0,38.00836181640625
2000-10-16,61.0625,59.4375,59.4375,60.1875,2649100.0,38.9383430480957
2000-10-17,61.4375,58.625,60.1875,60.5,2909800.0,39.14051818847656
2000-10-18,61.5,58.375,60.5,60.75,4731100.0,39.30223846435547
2000-10-19,61.1875,57.3125,60.75,58.4375,6481600.0,37.806182861328125
2000-10-20,60.25,57.8125,58.4375,60.0,3795000.0,38.81702423095703
2000-10-23,62.0,60.0625,60.0625,61.25,5692500.0,39.625728607177734
2000-10-24,61.9375,60.625,61.25,61.0,4174700.0,39.46397018432617
2000-10-25,63.9375,61.125,61.125,62.5625,5929900.0,40.4748420715332
2000-10-26,63.625,61.875,62.5625,63.0625,4459800.0,40.79832077026367
2000-10-27,63.8125,63.0,63.0625,63.75,2632700.0,41.243106842041016
2000-10-30,65.1875,63.6875,63.75,64.6875,4779200.0,41.84961700439453
2000-10-31,67.875,64.0625,64.6875,67.8125,4700800.0,43.8713264465332
2000-11-01,67.8125,65.125,67.8125,65.75,5589600.0,42.53700256347656
2000-11-02,67.0,63.8125,65.75,66.125,5114500.0,42.77961730957031
2000-11-03,66.75,65.5,66.125,66.0625,2743700.0,42.73917007446289
2000-11-06,66.375,64.0,66.0625,66.0625,3610300.0,42.73917007446289
2000-11-07,65.9375,65.0625,65.9375,65.1875,3030800.0,42.173091888427734
2000-11-08,66.125,64.5,65.1875,65.0,1600600.0,42.14230728149414
2000-11-09,65.9375,64.4375,65.0,65.6875,2060100.0,42.588035583496094
2000-11-10,65.75,63.25,65.6875,63.5,2847400.0,41.16978073120117
2000-11-13,63.625,61.9375,63.5,62.8125,2943400.0,40.724037170410156
2000-11-14,64.8125,63.0625,63.0625,64.375,3553800.0,41.73708724975586
2000-11-15,63.8125,62.6875,63.8125,63.5625,3139900.0,41.21030807495117
2000-11-16,66.375,63.5625,63.5625,65.8125,3557500.0,42.66908645629883
2000-11-17,66.8125,65.0625,65.8125,65.375,3529100.0,42.38542175292969
2000-11-20,66.5,65.0,65.375,65.5625,2503900.0,42.50700759887695
2000-11-21,69.5,65.3125,65.5625,68.625,5734000.0,44.49253845214844
2000-11-22,68.4375,64.875,68.4375,65.125,4296000.0,42.22333526611328
2000-11-24,66.8125,65.5625,65.5625,65.6875,1122400.0,42.588035583496094
2000-11-27,68.0,67.0,67.0,67.375,2781400.0,43.68212127685547
2000-11-28,68.1875,66.25,67.375,67.5,3248900.0,43.763160705566406
2000-11-29,70.0,66.1875,67.5,69.9375,6378700.0,45.34348678588867
2000-11-30,69.6875,67.5625,69.6875,69.0625,4248500.0,44.77619934082031
2000-12-01,68.6875,65.1875,68.6875,65.8125,4419900.0,42.66908645629883
2000-12-04,65.8125,63.6875,65.8125,64.8125,5211000.0,42.02073669433594
2000-12-05,70.1875,64.5,64.8125,68.9375,6336500.0,44.69514846801758
2000-12-06,69.4375,66.8125,68.9375,67.375,4597700.0,43.68212127685547
2000-12-07,68.125,66.8125,67.375,66.8125,2295400.0,43.31741714477539
2000-12-08,70.9375,67.4375,67.4375,69.9375,5179900.0,45.34348678588867
2000-12-11,70.625,68.375,69.9375,68.375,3801300.0,44.3304557800293
2000-12-12,70.4375,68.125,68.375,69.125,3167400.0,44.81671142578125
2000-12-13,69.8125,67.75,69.125,67.875,2366600.0,44.00627899169922
2000-12-14,68.9375,66.5,67.875,67.25,3369700.0,43.601078033447266
2000-12-15,66.6875,64.75,66.6875,64.875,6340900.0,42.06126022338867
2000-12-18,69.9375,66.0,66.0,68.5,4230000.0,44.41150665283203
2000-12-19,68.625,66.125,68.5,66.375,4316400.0,43.033775329589844
2000-12-20,66.4375,64.0625,66.375,65.0,4112700.0,42.14230728149414
2000-12-21,65.0,62.5625,65.0,64.625,4725400.0,41.899169921875
2000-12-22,65.0,61.4375,64.625,63.4375,4071700.0,41.1292839050293
2000-12-26,64.5,62.25,63.4375,63.0,2366700.0,40.84562301635742
2000-12-27,64.875,62.25,63.0,64.0625,2725700.0,41.53446578979492
2000-12-28,67.0,63.75,64.0625,65.4375,2486100.0,42.42594528198242
2000-12-29,66.75,65.625,65.625,66.0,2554100.0,42.790645599365234
2001-01-02,65.3125,60.5625,65.3125,62.0,3762500.0,40.197265625
2001-01-03,63.75,59.1875,62.0,62.5625,6428600.0,40.56196212768555
2001-01-04,64.1875,60.25,62.5625,61.0,3868900.0,39.54891586303711
2001-01-05,61.5,58.125,61.0,58.75,4012600.0,38.09016799926758
2001-01-08,60.5,58.6875,58.75,59.0,3055100.0,38.252235412597656
2001-01-09,59.0,57.1875,59.0,58.9375,4372800.0,38.21171569824219
2001-01-10,60.875,58.3125,58.9375,60.375,3674200.0,39.143714904785156
2001-01-11,60.75,59.0,60.375,59.125,3385300.0,38.333290100097656
2001-01-12,60.6875,58.5625,59.125,60.625,3161000.0,39.305809020996094
2001-01-16,61.625,59.5,60.625,61.0,3274400.0,39.54891586303711
2001-01-17,62.6875,58.25,61.0,58.75,6608400.0,38.09016799926758
2001-01-18,58.0,55.625,58.0,57.375,6047900.0,37.19869613647461
2001-01-19,57.4375,55.5,57.375,55.6875,4295900.0,36.10459518432617
2001-01-22,56.875,55.6875,55.6875,56.0,3605600.0,36.30720520019531
2001-01-23,58.0,56.1875,56.1875,57.5,4417400.0,37.27973175048828
2001-01-24,58.0,56.875,57.5,57.4375,2998400.0,37.23921203613281
2001-01-25,59.6875,56.5,57.4375,59.25,3684000.0,38.4143180847168
2001-01-26,59.6875,57.5,59.25,58.0625,2300200.0,37.64442825317383
2001-01-29,57.9900016784668,56.310001373291016,57.9900016784668,56.459999084472656,2364700.0,36.60545349121094
2001-01-30,56.59000015258789,54.560001373291016,56.459999084472656,56.150001525878906,3703800.0,36.404457092285156
2001-01-31,58.90999984741211,56.5,56.5,58.5,3614900.0,37.928070068359375
2001-02-01,58.5,56.060001373291016,58.5,56.52000045776367,4105500.0,36.64436340332031
2001-02-02,57.5,56.040000915527344,56.52000045776367,56.849998474121094,2121700.0,36.85831069946289
2001-02-05,58.040000915527344,56.41999816894531,56.849998474121094,57.93000030517578,2188100.0,37.55850601196289
2001-02-06,58.459999084472656,56.470001220703125,57.93000030517578,56.72999954223633,2367000.0,36.780513763427734
2001-02-07,57.88999938964844,56.650001525878906,56.72999954223633,57.45000076293945,2182900.0,37.35926818847656
2001-02-08,58.2599983215332,57.119998931884766,57.45000076293945,57.5099983215332,2802100.0,37.39828109741211
2001-02-09,58.16999816894531,56.779998779296875,57.5099983215332,57.34000015258789,2017300.0,37.287723541259766
2001-02-12,59.099998474121094,58.209999084472656,58.209999084472656,59.06999969482422,2875500.0,38.41273880004883
2001-02-13,61.380001068115234,59.09000015258789,59.09000015258789,60.720001220703125,4984900.0,39.485713958740234
2001-02-14,61.939998626708984,60.34000015258789,60.720001220703125,60.59000015258789,3697900.0,39.40117263793945
2001-02-15,60.7599983215332,58.84000015258789,60.59000015258789,60.150001525878906,2569700.0,39.11504364013672
2001-02-16,60.61000061035156,59.630001068115234,60.150001525878906,59.9900016784668,2934600.0,39.0109977722168
2001-02-20,62.79999923706055,60.150001525878906,60.150001525878906,61.849998474121094,3144600.0,40.22053909301758
2001-02-21,62.380001068115234,60.150001525878906,61.849998474121094,60.20000076293945,2299500.0,39.14757537841797
2001-02-22,62.22999954223633,60.20000076293945,60.20000076293945,61.279998779296875,2767600.0,39.849884033203125
2001-02-23,61.75,60.54999923706055,61.279998779296875,61.61000061035156,2267000.0,40.064476013183594
2001-02-26,62.970001220703125,61.02000045776367,61.61000061035156,62.7599983215332,1854600.0,40.81230163574219
2001-02-27,63.900001525878906,62.0,62.7599983215332,63.70000076293945,2993000.0,41.423580169677734
2001-02-28,63.83000183105469,61.9900016784668,63.70000076293945,62.20000076293945,3053200.0,40.448158264160156
2001-03-01,61.86000061035156,58.599998474121094,61.86000061035156,59.650001525878906,4226100.0,38.78989791870117
2001-03-02,61.45000076293945,58.29999923706055,59.650001525878906,60.099998474121094,3796100.0,39.08253479003906
2001-03-05,62.150001525878906,59.880001068115234,60.099998474121094,61.90999984741211,2814700.0,40.25956726074219
2001-03-06,62.59000015258789,61.290000915527344,61.90999984741211,62.130001068115234,2783400.0,40.40262985229492
2001-03-07,64.20999908447266,61.869998931884766,62.130001068115234,64.0999984741211,3475800.0,41.68370819091797
2001-03-08,65.19999694824219,63.54999923706055,64.0999984741211,64.75,4227400.0,42.10639572143555
2001-03-09,65.5999984741211,64.19999694824219,64.75,65.5,2721500.0,42.59410858154297
2001-03-12,64.31999969482422,60.959999084472656,64.31999969482422,61.0,4324900.0,39.66779708862305
2001-03-13,62.9900016784668,60.060001373291016,61.0,60.56999969482422,4802100.0,39.388153076171875
2001-03-14,59.5099983215332,56.83000183105469,59.5099983215332,58.02000045776367,6086000.0,37.72992706298828
2001-03-15,58.02000045776367,55.5099983215332,58.02000045776367,56.099998474121094,5186800.0,36.48134994506836
2001-03-16,56.20000076293945,52.849998474121094,56.099998474121094,53.75,11244000.0,34.95318603515625
2001-03-19,56.25,53.75,53.75,56.02000045776367,6193500.0,36.429344177246094
2001-03-20,57.189998626708984,54.7599983215332,56.02000045776367,55.0,4360500.0,35.76604080200195
2001-03-21,55.400001525878906,53.20000076293945,55.0,53.849998474121094,3758400.0,35.018218994140625
2001-03-22,53.349998474121094,49.70000076293945,53.349998474121094,52.0,6703700.0,33.815162658691406
2001-03-23,53.439998626708984,51.599998474121094,52.0,53.0,4632500.0,34.46546173095703
2001-03-26,56.16999816894531,53.54999923706055,53.54999923706055,55.439998626708984,4780200.0,36.05216598510742
2001-03-27,56.2400016784668,54.25,55.439998626708984,55.20000076293945,3634800.0,35.89612579345703
2001-03-28,55.18000030517578,54.0,55.18000030517578,55.0,2861600.0,35.76604080200195
2001-03-29,56.29999923706055,54.25,55.0,55.95000076293945,2814300.0,36.38382339477539
2001-03-30,57.27000045776367,55.310001373291016,55.95000076293945,55.709999084472656,3742700.0,36.22775650024414
2001-04-02,56.599998474121094,54.529998779296875,55.709999084472656,55.02000045776367,3182600.0,35.77906036376953
2001-04-03,55.45000076293945,54.11000061035156,55.02000045776367,54.61000061035156,3337500.0,35.5124397277832
2001-04-04,55.20000076293945,53.91999816894531,54.61000061035156,54.630001068115234,2954700.0,35.52544403076172
2001-04-05,57.5,55.84000015258789,55.84000015258789,56.810001373291016,2704800.0,36.94307327270508
2001-04-06,56.650001525878906,55.31999969482422,56.650001525878906,55.97999954223633,2785500.0,36.40333557128906
2001-04-09,57.7400016784668,56.0,56.0,56.869998931884766,2549800.0,36.98206329345703
2001-04-10,60.189998626708984,57.83000183105469,57.83000183105469,59.81999969482422,4486300.0,38.90043640136719
2001-04-11,61.0,58.5,59.81999969482422,59.119998931884766,3980800.0,38.44523239135742
2001-04-12,60.5,58.619998931884766,59.119998931884766,60.5,1607300.0,39.3426628112793
2001-04-16,60.97999954223633,59.18000030517578,60.5,59.75,2145500.0,38.85492706298828
2001-04-17,60.599998474121094,59.0,59.75,60.599998474121094,2258600.0,39.40768051147461
2001-04-18,63.72999954223633,60.70000076293945,60.70000076293945,61.29999923706055,3078200.0,39.862876892089844
2001-04-19,61.619998931884766,59.54999923706055,61.29999923706055,60.630001068115234,3551000.0,39.42719268798828
2001-04-20,64.91000366210938,60.5,60.630001068115234,61.70000076293945,7352100.0,40.12299728393555
2001-04-23,61.279998779296875,59.61000061035156,61.279998779296875,60.13999938964844,4319900.0,39.10853576660156
2001-04-24,62.130001068115234,60.0,60.13999938964844,60.79999923706055,3094100.0,39.53773880004883
2001-04-25,60.40999984741211,59.900001525878906,60.40999984741211,60.34000015258789,3228400.0,39.23860549926758
2001-04-26,61.20000076293945,59.77000045776367,60.34000015258789,60.97999954223633,3036600.0,39.654781341552734
2001-04-27,61.79999923706055,60.84000015258789,60.97999954223633,61.61000061035156,2141800.0,40.064476013183594
2001-04-30,64.16000366210938,61.79999923706055,61.79999923706055,61.79999923706055,3112800.0,40.18803787231445
2001-05-01,64.4800033569336,62.70000076293945,62.70000076293945,63.43000030517578,4773800.0,41.248008728027344
2001-05-02,64.30000305175781,63.25,63.43000030517578,64.0,3346200.0,41.618675231933594
2001-05-03,64.19999694824219,62.709999084472656,64.0,64.0,2171400.0,41.618675231933594
2001-05-04,65.0,63.0,64.0,64.5,2391200.0,41.943817138671875
2001-05-07,65.2699966430664,64.25,64.5,64.69000244140625,2149200.0,42.06736755371094
2001-05-08,65.19999694824219,64.30000305175781,64.69000244140625,64.62999725341797,2663200.0,42.02835464477539
2001-05-09,65.51000213623047,64.0,64.62999725341797,65.0,2575400.0,42.38043975830078
2001-05-10,66.0,65.16000366210938,65.16000366210938,65.94999694824219,2441900.0,42.999847412109375
2001-05-11,66.43000030517578,65.30000305175781,65.94999694824219,66.01000213623047,1659000.0,43.038963317871094
2001-05-14,66.75,65.87000274658203,66.01000213623047,66.73999786376953,1399700.0,43.51493453979492
2001-05-15,66.69999694824219,65.44000244140625,66.69999694824219,66.58999633789062,2684000.0,43.41712188720703
2001-05-16,66.75,65.6500015258789,66.58999633789062,66.75,3985800.0,43.52145767211914
2001-05-17,69.8499984741211,66.55999755859375,66.75,68.79000091552734,6050600.0,44.85153579711914
2001-05-18,68.9000015258789,67.97000122070312,68.79000091552734,68.3499984741211,3360700.0,44.56465530395508
2001-05-21,68.75,67.87000274658203,68.3499984741211,68.69000244140625,1554800.0,44.786354064941406
2001-05-22,68.94999694824219,67.5,68.69000244140625,68.0,2812700.0,44.33644104003906
2001-05-23,67.6500015258789,66.0,67.6500015258789,66.0,3687500.0,43.03244400024414
2001-05-24,67.45999908447266,64.05000305175781,66.0,65.19999694824219,4253400.0,42.51083755493164
2001-05-25,64.9000015258789,62.900001525878906,64.9000015258789,63.33000183105469,3187800.0,41.29156494140625
2001-05-29,63.900001525878906,63.20000076293945,63.33000183105469,63.529998779296875,2271400.0,41.42198944091797
2001-05-30,63.95000076293945,62.79999923706055,63.529998779296875,63.04999923706055,3197700.0,41.109039306640625
2001-05-31,63.400001525878906,62.33000183105469,63.04999923706055,62.88999938964844,2653000.0,41.00470733642578
2001-06-01,65.56999969482422,62.900001525878906,62.900001525878906,65.0,3301500.0,42.38043975830078
2001-06-04,66.69999694824219,64.9000015258789,65.0,66.02999877929688,2465900.0,43.051998138427734
2001-06-05,67.55000305175781,66.69999694824219,66.69999694824219,66.93000030517578,3385500.0,43.638816833496094
2001-06-06,66.26000213623047,65.72000122070312,66.26000213623047,66.0999984741211,3493500.0,43.09764099121094
2001-06-07,66.05999755859375,65.12000274658203,66.05999755859375,65.6500015258789,2176200.0,42.80425262451172
2001-06-08,65.62000274658203,64.0999984741211,65.62000274658203,64.58999633789062,2250000.0,42.11310577392578
2001-06-11,64.75,63.66999816894531,64.58999633789062,64.5,1662300.0,42.0544319152832
2001-06-12,66.13999938964844,64.19999694824219,64.5,65.70999908447266,3116800.0,42.84336471557617
2001-06-13,66.48999786376953,65.4000015258789,65.70999908447266,65.48999786376953,2164000.0,42.699913024902344
2001-06-14,65.48999786376953,63.31999969482422,65.48999786376953,63.560001373291016,3756600.0,41.44154357910156
2001-06-15,64.51000213623047,63.720001220703125,63.720001220703125,64.25,5906700.0,41.89143753051758
2001-06-18,64.98999786376953,64.41000366210938,64.41000366210938,64.87999725341797,2425600.0,42.30219650268555
2001-06-19,64.87999725341797,61.540000915527344,64.87999725341797,61.79999923706055,4464100.0,40.294036865234375
2001-06-20,62.849998474121094,60.380001068115234,61.79999923706055,61.11000061035156,5950700.0,39.84412384033203
2001-06-21,60.0,56.70000076293945,60.0,57.75,9721900.0,37.65338897705078
2001-06-22,57.880001068115234,55.400001525878906,57.75,57.0,6131500.0,37.16436767578125
2001-06-25,57.779998779296875,56.38999938964844,57.0,56.959999084472656,5424700.0,37.1382942199707
2001-06-26,57.81999969482422,56.04999923706055,56.959999084472656,57.02000045776367,4629500.0,37.177425384521484
2001-06-27,58.040000915527344,56.880001068115234,57.02000045776367,57.70000076293945,3117600.0,37.620792388916016
2001-06-28,58.380001068115234,56.880001068115234,57.70000076293945,57.2400016784668,4013500.0,37.320865631103516
2001-06-29,57.5,55.58000183105469,56.88999938964844,55.599998474121094,4835800.0,36.25156784057617
2001-07-02,57.220001220703125,56.29999923706055,56.29999923706055,56.36000061035156,3333200.0,36.74711608886719
2001-07-03,57.060001373291016,56.150001525878906,56.36000061035156,56.33000183105469,2202600.0,36.72754669189453
2001-07-05,56.720001220703125,55.150001525878906,56.33000183105469,55.22999954223633,3141600.0,36.01032257080078
2001-07-06,55.47999954223633,53.77000045776367,55.22999954223633,54.29999923706055,4111300.0,35.403961181640625
2001-07-09,54.02000045776367,52.54999923706055,54.02000045776367,52.83000183105469,5602100.0,34.445518493652344
2001-07-10,54.619998931884766,53.189998626708984,53.189998626708984,54.150001525878906,4709600.0,35.306156158447266
2001-07-11,54.209999084472656,52.900001525878906,54.150001525878906,52.900001525878906,3300000.0,34.491153717041016
2001-07-12,54.790000915527344,53.2599983215332,53.2599983215332,54.5,3217800.0,35.53437423706055
2001-07-13,55.209999084472656,53.77000045776367,54.5,55.06999969482422,1639000.0,35.906009674072266
2001-07-16,55.38999938964844,54.08000183105469,55.06999969482422,55.279998779296875,1950800.0,36.042938232421875
2001-07-17,56.720001220703125,55.400001525878906,55.400001525878906,56.29999923706055,3848400.0,36.707977294921875
2001-07-18,57.599998474121094,55.04999923706055,56.29999923706055,57.130001068115234,5456400.0,37.24916076660156
2001-07-19,57.95000076293945,55.70000076293945,57.130001068115234,56.38999938964844,3427200.0,36.76667022705078
2001-07-20,57.150001525878906,56.27000045776367,56.38999938964844,56.790000915527344,1834100.0,37.02747344970703
2001-07-23,57.25,56.04999923706055,56.790000915527344,56.25,2123900.0,36.67536544799805
2001-07-24,56.599998474121094,55.189998626708984,56.25,55.2599983215332,2178000.0,36.029884338378906
2001-07-25,56.849998474121094,55.81999969482422,55.81999969482422,56.66999816894531,1590500.0,36.949214935302734
2001-07-26,58.18000030517578,56.52000045776367,56.66999816894531,58.11000061035156,2311300.0,37.88810729980469
2001-07-27,58.900001525878906,57.95000076293945,58.11000061035156,58.13999938964844,2612400.0,37.907676696777344
2001-07-30,58.900001525878906,57.400001525878906,58.63999938964844,57.400001525878906,2634300.0,37.42518997192383
2001-07-31,58.790000915527344,57.119998931884766,57.20000076293945,58.529998779296875,2661300.0,38.16194152832031
2001-08-01,59.34000015258789,58.52000045776367,58.650001525878906,59.0,2175100.0,38.46841049194336
2001-08-02,59.75,58.31999969482422,59.5,58.81999969482422,2348200.0,38.35102844238281
2001-08-03,59.25,58.560001373291016,58.81999969482422,59.209999084472656,1947300.0,38.60531234741211
2001-08-06,59.79999923706055,58.34000015258789,59.0,58.400001525878906,2732600.0,38.07720184326172
2001-08-07,57.72999954223633,56.5,57.439998626708984,57.5,4131900.0,37.49038314819336
2001-08-08,57.68000030517578,56.31999969482422,57.150001525878906,56.61000061035156,2982800.0,36.910099029541016
2001-08-09,57.040000915527344,55.880001068115234,56.5099983215332,56.36000061035156,3755500.0,36.74711608886719
2001-08-10,56.93000030517578,56.11000061035156,56.5099983215332,56.849998474121094,2330500.0,37.06659698486328
2001-08-13,57.2400016784668,56.150001525878906,56.54999923706055,56.45000076293945,1641800.0,36.80577850341797
2001-08-14,56.70000076293945,55.849998474121094,56.45000076293945,55.88999938964844,2119000.0,36.44064712524414
2001-08-15,56.099998474121094,54.38999938964844,55.54999923706055,54.439998626708984,3336500.0,35.60354232788086
2001-08-16,55.130001068115234,53.790000915527344,54.099998474121094,55.130001068115234,2962100.0,36.05479049682617
2001-08-17,55.0,53.400001525878906,55.0,54.0,2413700.0,35.3157844543457
2001-08-20,53.79999923706055,52.79999923706055,53.75,53.34000015258789,3248000.0,34.8841438293457
2001-08-21,53.310001373291016,51.939998626708984,53.27000045776367,51.939998626708984,3330300.0,33.96856689453125
2001-08-22,52.599998474121094,51.779998779296875,51.939998626708984,52.29999923706055,4197800.0,34.203983306884766
2001-08-23,52.5,52.0,52.099998474121094,52.16999816894531,1604200.0,34.11896514892578
2001-08-24,53.95000076293945,52.29999923706055,52.34000015258789,53.630001068115234,2351900.0,35.07380676269531
2001-08-27,53.90999984741211,53.0099983215332,53.90999984741211,53.060001373291016,1694300.0,34.70103454589844
2001-08-28,53.209999084472656,51.54999923706055,53.0,51.650001525878906,4484400.0,33.778892517089844
2001-08-29,52.0,50.5099983215332,51.79999923706055,50.70000076293945,3541600.0,33.1575927734375
2001-08-30,51.150001525878906,50.16999816894531,50.70000076293945,50.5,2545200.0,33.02678680419922
2001-08-31,51.20000076293945,50.2599983215332,50.5,51.20000076293945,1939700.0,33.484588623046875
2001-09-04,51.970001220703125,49.45000076293945,49.75,49.95000076293945,3245700.0,32.66709899902344
2001-09-05,51.25,49.900001525878906,50.20000076293945,50.61000061035156,3355600.0,33.09872817993164
2001-09-06,50.45000076293945,48.45000076293945,50.099998474121094,48.84000015258789,3942700.0,31.941162109375
2001-09-07,48.0,44.790000915527344,47.79999923706055,45.18000030517578,8116200.0,29.547534942626953
2001-09-10,45.95000076293945,43.459999084472656,44.900001525878906,43.459999084472656,6618500.0,28.42266082763672
2001-09-17,38.70000076293945,35.45000076293945,35.650001525878906,35.79999923706055,21271400.0,23.413055419921875
2001-09-18,36.15999984741211,32.0,35.79999923706055,33.13999938964844,16794700.0,21.673419952392578
2001-09-19,33.810001373291016,31.93000030517578,32.0,32.61000061035156,15145000.0,21.326810836791992
2001-09-20,32.2400016784668,29.75,32.029998779296875,29.760000228881836,12043800.0,19.462921142578125
2001-09-21,30.299999237060547,27.600000381469727,28.25,30.100000381469727,13526500.0,19.685283660888672
2001-09-24,33.38999938964844,30.09000015258789,30.09000015258789,32.79999923706055,14101600.0,21.451066970825195
2001-09-25,34.47999954223633,32.7599983215332,33.25,34.33000183105469,10210700.0,22.451683044433594
2001-09-26,34.650001525878906,33.349998474121094,34.54999923706055,34.290000915527344,6368500.0,22.42552375793457
2001-09-27,34.59000015258789,32.099998474121094,33.900001525878906,34.400001525878906,9015900.0,22.497468948364258
2001-09-28,34.40999984741211,32.900001525878906,34.40999984741211,33.5,6780600.0,21.90886688232422
2001-10-01,34.25,32.04999923706055,33.5,32.400001525878906,6921500.0,21.189477920532227
2001-10-02,34.47999954223633,33.130001068115234,33.47999954223633,34.25,7077800.0,22.399362564086914
2001-10-03,37.52000045776367,34.400001525878906,34.5099983215332,36.59000015258789,8582000.0,23.92971420288086
2001-10-04,36.880001068115234,35.25,36.59000015258789,36.380001068115234,6461800.0,23.792373657226562
2001-10-05,37.040000915527344,34.95000076293945,36.5,36.2599983215332,3972600.0,23.713890075683594
2001-10-08,37.63999938964844,35.939998626708984,36.20000076293945,36.619998931884766,5169600.0,23.949331283569336
2001-10-09,36.970001220703125,35.619998931884766,36.900001525878906,36.0,3430100.0,23.543851852416992
2001-10-10,36.59000015258789,35.400001525878906,36.04999923706055,35.7599983215332,4520000.0,23.386882781982422
2001-10-11,36.689998626708984,35.88999938964844,35.900001525878906,36.18000030517578,5386900.0,23.661579132080078
2001-10-12,36.0099983215332,34.900001525878906,36.0099983215332,35.900001525878906,5105700.0,23.478458404541016
2001-10-15,35.75,34.779998779296875,35.599998474121094,35.27000045776367,4322600.0,23.06644630432129
2001-10-16,35.54999923706055,34.880001068115234,35.27000045776367,35.119998931884766,3418500.0,22.96833610534668
2001-10-17,35.45000076293945,33.5099983215332,35.29999923706055,33.70000076293945,4089900.0,22.0396671295166
2001-10-18,34.08000183105469,32.5099983215332,33.95000076293945,32.86000061035156,5471800.0,21.490306854248047
2001-10-19,33.75,32.79999923706055,33.36000061035156,33.45000076293945,3233100.0,21.876169204711914
2001-10-22,34.599998474121094,33.540000915527344,33.79999923706055,33.70000076293945,3398700.0,22.0396671295166
2001-10-23,34.54999923706055,33.79999923706055,34.02000045776367,33.88999938964844,3913300.0,22.16392707824707
2001-10-24,34.959999084472656,33.9900016784668,34.650001525878906,34.2400016784668,3792900.0,22.392826080322266
2001-10-25,35.95000076293945,33.630001068115234,34.099998474121094,35.900001525878906,5211400.0,23.478458404541016
2001-10-26,38.099998474121094,36.04999923706055,36.099998474121094,37.68000030517578,11519900.0,24.642568588256836
2001-10-29,35.900001525878906,33.5,35.880001068115234,33.75,10025200.0,22.07236099243164
2001-10-30,34.189998626708984,33.029998779296875,33.650001525878906,33.029998779296875,5458600.0,21.601482391357422
2001-10-31,33.54999923706055,32.41999816894531,33.04999923706055,32.599998474121094,4590700.0,21.32027244567871
2001-11-01,33.5,32.310001373291016,32.5,33.189998626708984,4550500.0,21.706132888793945
2001-11-02,34.54999923706055,33.209999084472656,33.4900016784668,34.349998474121094,4565100.0,22.46475601196289
2001-11-05,35.52000045776367,34.599998474121094,35.0,35.04999923706055,4373700.0,22.922557830810547
2001-11-06,35.7400016784668,34.29999923706055,34.900001525878906,35.52000045776367,3370700.0,23.229934692382812
2001-11-07,35.52000045776367,34.77000045776367,35.22999954223633,34.88999938964844,2988900.0,22.817913055419922
2001-11-08,35.75,34.599998474121094,35.0,34.900001525878906,2847200.0,22.824460983276367
2001-11-09,35.220001220703125,32.79999923706055,35.13999938964844,33.2400016784668,13761900.0,21.73882293701172
2001-11-12,33.279998779296875,31.579999923706055,33.0,33.060001373291016,6359200.0,21.62110710144043
2001-11-13,33.959999084472656,33.20000076293945,33.95000076293945,33.61000061035156,3117800.0,21.980806350708008
2001-11-14,34.25,33.63999938964844,33.95000076293945,34.099998474121094,3694600.0,22.414630889892578
2001-11-15,34.54999923706055,34.08000183105469,34.099998474121094,34.2400016784668,2919500.0,22.50666046142578
2001-11-16,35.0099983215332,34.599998474121094,34.79999923706055,34.9900016784668,3909700.0,22.999650955200195
2001-11-19,35.45000076293945,34.70000076293945,35.0099983215332,35.099998474121094,3807800.0,23.071958541870117
2001-11-20,35.20000076293945,34.86000061035156,35.20000076293945,34.970001220703125,3457000.0,22.986499786376953
2001-11-21,34.970001220703125,34.34000015258789,34.970001220703125,34.70000076293945,1957800.0,22.80902862548828
2001-11-23,35.650001525878906,34.900001525878906,35.09000015258789,35.630001068115234,1168100.0,23.420339584350586
2001-11-26,36.150001525878906,35.599998474121094,36.0,35.88999938964844,3381500.0,23.59123992919922
2001-11-27,36.25,35.150001525878906,36.150001525878906,35.5,3347500.0,23.334875106811523
2001-11-28,35.13999938964844,33.95000076293945,35.13999938964844,34.16999816894531,3843000.0,22.460647583007812
2001-11-29,35.20000076293945,34.310001373291016,34.70000076293945,35.150001525878906,3437100.0,23.104825973510742
2001-11-30,35.099998474121094,34.599998474121094,34.95000076293945,35.099998474121094,3630700.0,23.071958541870117
2001-12-03,35.099998474121094,34.029998779296875,35.099998474121094,35.0,3092700.0,23.006229400634766
2001-12-04,35.38999938964844,34.79999923706055,35.0099983215332,35.380001068115234,3200400.0,23.25600814819336
2001-12-05,36.220001220703125,35.43000030517578,35.5,35.88999938964844,4650500.0,23.59123992919922
2001-12-06,37.20000076293945,36.060001373291016,36.18000030517578,37.11000061035156,6270700.0,24.393173217773438
2001-12-07,37.54999923706055,36.599998474121094,37.400001525878906,37.29999923706055,4499800.0,24.518068313598633
2001-12-10,38.290000915527344,36.709999084472656,37.31999969482422,36.900001525878906,3852900.0,24.255142211914062
2001-12-11,37.650001525878906,36.650001525878906,37.20000076293945,37.06999969482422,2886500.0,24.36687469482422
2001-12-12,37.29999923706055,36.65999984741211,37.29999923706055,36.79999923706055,3972100.0,24.18940544128418
2001-12-13,37.79999923706055,36.0,36.45000076293945,37.0,2712800.0,24.320865631103516
2001-12-14,37.650001525878906,36.81999969482422,37.150001525878906,37.54999923706055,2517000.0,24.682395935058594
2001-12-17,37.66999816894531,36.9900016784668,37.349998474121094,37.060001373291016,2757400.0,24.36031150817871
2001-12-18,37.43000030517578,36.27000045776367,36.599998474121094,37.25,3166000.0,24.485187530517578
2001-12-19,37.880001068115234,36.310001373291016,36.349998474121094,37.5099983215332,4767700.0,24.656097412109375
2001-12-20,39.08000183105469,37.459999084472656,37.849998474121094,38.13999938964844,4437900.0,25.070209503173828
2001-12-21,39.20000076293945,38.150001525878906,38.400001525878906,38.63999938964844,6929100.0,25.398880004882812
2001-12-24,38.900001525878906,38.279998779296875,38.540000915527344,38.41999816894531,1245800.0,25.254261016845703
2001-12-26,38.849998474121094,38.15999984741211,38.45000076293945,38.599998474121094,1921200.0,25.372577667236328
2001-12-27,38.84000015258789,38.54999923706055,38.72999954223633,38.689998626708984,2171900.0,25.431732177734375
2001-12-28,39.119998931884766,38.689998626708984,38.93000030517578,39.099998474121094,2348000.0,25.70124626159668
2001-12-31,39.41999816894531,38.779998779296875,39.189998626708984,38.779998779296875,2308900.0,25.490903854370117
2002-01-02,38.66999816894531,37.849998474121094,38.540000915527344,38.099998474121094,3545800.0,25.04391860961914
2002-01-03,39.0,38.31999969482422,38.400001525878906,38.75,3491900.0,25.47118377685547
2002-01-04,40.400001525878906,39.41999816894531,39.650001525878906,40.36000061035156,4081100.0,26.529464721679688
2002-01-07,41.88999938964844,40.91999816894531,41.0,41.0,6111900.0,26.950153350830078
2002-01-08,41.70000076293945,40.02000045776367,41.470001220703125,40.33000183105469,4211000.0,26.509742736816406
2002-01-09,40.88999938964844,39.5,40.38999938964844,39.900001525878906,4574400.0,26.227102279663086
2002-01-10,40.25,39.630001068115234,40.099998474121094,39.84000015258789,2722800.0,26.187660217285156
2002-01-11,39.95000076293945,38.599998474121094,39.84000015258789,38.689998626708984,3433400.0,25.431732177734375
2002-01-14,38.70000076293945,38.06999969482422,38.689998626708984,38.25,2721400.0,25.14251136779785
2002-01-15,39.4900016784668,38.43000030517578,38.599998474121094,39.349998474121094,3246500.0,25.865577697753906
2002-01-16,39.099998474121094,38.02000045776367,38.650001525878906,38.02000045776367,3783300.0,24.991329193115234
2002-01-17,38.66999816894531,37.650001525878906,38.54999923706055,38.33000183105469,3092700.0,25.195100784301758
2002-01-18,39.619998931884766,38.029998779296875,38.33000183105469,39.150001525878906,2805300.0,25.734107971191406
2002-01-22,39.93000030517578,39.27000045776367,39.70000076293945,39.779998779296875,2796100.0,26.148218154907227
2002-01-23,40.83000183105469,38.0,40.060001373291016,39.33000183105469,8882200.0,25.852418899536133
2002-01-24,40.25,39.400001525878906,39.599998474121094,40.0,5671700.0,26.292835235595703
2002-01-25,40.47999954223633,39.7400016784668,40.029998779296875,40.47999954223633,3090800.0,26.60833740234375
2002-01-28,41.0,40.34000015258789,40.720001220703125,40.900001525878906,2010200.0,26.884429931640625
2002-01-29,41.290000915527344,40.09000015258789,41.16999816894531,40.22999954223633,2640900.0,26.444007873535156
2002-01-30,40.439998626708984,39.04999923706055,39.849998474121094,40.0,3244300.0,26.292835235595703
2002-01-31,40.95000076293945,39.869998931884766,40.04999923706055,40.95000076293945,4390700.0,26.917287826538086
2002-02-01,41.650001525878906,40.900001525878906,41.0,41.459999084472656,4728700.0,27.252519607543945
2002-02-04,41.810001373291016,40.79999923706055,41.54999923706055,41.099998474121094,4489400.0,27.015878677368164
2002-02-05,41.4900016784668,40.5,40.849998474121094,40.900001525878906,3253200.0,26.884429931640625
2002-02-06,41.5,40.560001373291016,40.72999954223633,40.97999954223633,3395100.0,27.049434661865234
2002-02-07,41.459999084472656,40.959999084472656,41.16999816894531,41.060001373291016,2139500.0,27.10224151611328
2002-02-08,41.900001525878906,40.810001373291016,41.04999923706055,41.70000076293945,2557500.0,27.52468490600586
2002-02-11,43.20000076293945,41.720001220703125,41.900001525878906,43.0,3976900.0,28.38275146484375
2002-02-12,43.349998474121094,42.61000061035156,42.75,43.150001525878906,4444100.0,28.481769561767578
2002-02-13,44.9900016784668,43.52000045776367,43.599998474121094,44.900001525878906,5587900.0,29.636877059936523
2002-02-14,44.79999923706055,44.0,44.70000076293945,44.77000045776367,3145300.0,29.55108070373535
2002-02-15,45.0099983215332,44.36000061035156,44.77000045776367,44.900001525878906,3735900.0,29.636877059936523
2002-02-19,44.130001068115234,43.400001525878906,44.099998474121094,43.709999084472656,5718300.0,28.85141944885254
2002-02-20,43.95000076293945,42.54999923706055,43.79999923706055,43.310001373291016,5053200.0,28.587390899658203
2002-02-21,45.099998474121094,43.20000076293945,43.25,44.209999084472656,5014600.0,29.18143653869629
2002-02-22,45.06999969482422,43.369998931884766,43.869998931884766,44.7599983215332,4148600.0,29.544475555419922
2002-02-25,45.0,43.900001525878906,44.75,44.939998626708984,3310500.0,29.66328239440918
2002-02-26,45.459999084472656,44.25,44.7400016784668,45.150001525878906,3880300.0,29.801891326904297
2002-02-27,46.869998931884766,45.41999816894531,45.650001525878906,45.900001525878906,4545300.0,30.296951293945312
2002-02-28,47.470001220703125,45.900001525878906,46.0099983215332,45.959999084472656,4099400.0,30.336559295654297
2002-03-01,47.84000015258789,46.5,46.54999923706055,47.84000015258789,3936800.0,31.57746696472168
2002-03-04,49.540000915527344,47.900001525878906,48.0,49.130001068115234,3743600.0,32.428958892822266
2002-03-05,49.099998474121094,47.40999984741211,49.099998474121094,48.209999084472656,3606200.0,31.821693420410156
2002-03-06,49.86000061035156,47.7400016784668,48.220001220703125,49.86000061035156,3690700.0,32.91080093383789
2002-03-07,50.0,47.5,49.79999923706055,48.47999954223633,3859100.0,31.999910354614258
2002-03-08,49.88999938964844,48.93000030517578,49.5,49.400001525878906,4340100.0,32.607177734375
2002-03-11,51.06999969482422,49.04999923706055,49.400001525878906,50.880001068115234,4624300.0,33.58405685424805
2002-03-12,50.47999954223633,49.45000076293945,49.880001068115234,50.279998779296875,4091100.0,33.18803024291992
2002-03-13,50.25,48.900001525878906,50.18000030517578,49.220001220703125,3415300.0,32.488380432128906
2002-03-14,49.22999954223633,47.34000015258789,49.22999954223633,47.61000061035156,5426700.0,31.42566680908203
2002-03-15,47.9900016784668,46.40999984741211,47.68000030517578,47.97999954223633,6360100.0,31.669893264770508
2002-03-18,48.439998626708984,46.77000045776367,48.27000045776367,47.630001068115234,3092900.0,31.438844680786133
2002-03-19,48.25,47.220001220703125,47.630001068115234,48.040000915527344,2768800.0,31.709482192993164
2002-03-20,47.650001525878906,46.900001525878906,47.599998474121094,47.029998779296875,2393600.0,31.04281997680664
2002-03-21,47.849998474121094,46.34000015258789,46.72999954223633,47.66999816894531,2708200.0,31.465255737304688
2002-03-22,47.25,46.119998931884766,47.0,46.38999938964844,2989000.0,30.620384216308594
2002-03-25,46.84000015258789,45.25,46.20000076293945,45.720001220703125,2528900.0,30.178142547607422
2002-03-26,46.650001525878906,45.540000915527344,45.849998474121094,45.790000915527344,2276100.0,30.224340438842773
2002-03-27,47.7599983215332,46.04999923706055,46.04999923706055,47.33000183105469,4907800.0,31.240848541259766
2002-03-28,48.720001220703125,47.5,47.56999969482422,48.25,4088900.0,31.848093032836914
2002-04-01,48.75,47.79999923706055,48.25,47.91999816894531,2996800.0,31.630277633666992
2002-04-02,49.54999923706055,47.619998931884766,47.91999816894531,49.09000015258789,3427600.0,32.40256118774414
2002-04-03,49.849998474121094,48.560001373291016,48.650001525878906,48.72999954223633,4754600.0,32.16493606567383
2002-04-04,49.5,48.560001373291016,48.72999954223633,49.08000183105469,2660000.0,32.39595413208008
2002-04-05,49.68000030517578,47.400001525878906,49.45000076293945,48.290000915527344,2654500.0,31.87449073791504
2002-04-08,49.119998931884766,47.59000015258789,47.900001525878906,49.0,2403200.0,32.3431396484375
2002-04-09,49.13999938964844,48.29999923706055,49.0,48.56999969482422,2183600.0,32.05933380126953
2002-04-10,49.72999954223633,48.38999938964844,48.56999969482422,49.58000183105469,3434200.0,32.72598648071289
2002-04-11,50.04999923706055,48.599998474121094,49.79999923706055,48.81999969482422,3757500.0,32.224342346191406
2002-04-12,49.290000915527344,48.22999954223633,49.25,48.54999923706055,2058800.0,32.0461311340332
2002-04-15,48.45000076293945,47.529998779296875,48.20000076293945,47.650001525878906,2017800.0,31.452072143554688
2002-04-16,48.97999954223633,48.189998626708984,48.45000076293945,48.70000076293945,2105400.0,32.145118713378906
2002-04-17,47.560001373291016,45.0,47.54999923706055,45.369998931884766,10684800.0,29.947107315063477
2002-04-18,45.380001068115234,41.9900016784668,45.380001068115234,43.70000076293945,16723200.0,28.844810485839844
2002-04-19,44.29999923706055,42.7400016784668,44.060001373291016,42.75,8358500.0,28.217748641967773
2002-04-22,43.380001068115234,42.400001525878906,42.79999923706055,43.13999938964844,4359100.0,28.475177764892578
2002-04-23,43.77000045776367,42.0,43.189998626708984,42.5,5398100.0,28.052734375
2002-04-24,43.22999954223633,42.349998474121094,42.900001525878906,42.400001525878906,3312500.0,27.986724853515625
2002-04-25,43.0,41.0,42.25,41.900001525878906,4308800.0,27.65669059753418
2002-04-26,42.459999084472656,41.29999923706055,42.0,41.5099983215332,2785300.0,27.39927101135254
2002-04-29,43.9900016784668,43.099998474121094,43.70000076293945,43.630001068115234,6451500.0,28.798603057861328
2002-04-30,45.72999954223633,43.47999954223633,43.79999923706055,44.599998474121094,5521100.0,29.438871383666992
2002-05-01,45.5,43.83000183105469,44.900001525878906,45.5,4288900.0,30.032920837402344
2002-05-02,45.5,44.47999954223633,45.4900016784668,44.869998931884766,2616800.0,29.61708641052246
2002-05-03,45.099998474121094,43.849998474121094,44.66999816894531,44.630001068115234,2119400.0,29.458662033081055
2002-05-06,45.209999084472656,43.33000183105469,45.0,43.380001068115234,2519200.0,28.633602142333984
2002-05-07,43.849998474121094,42.79999923706055,43.599998474121094,43.13999938964844,3633700.0,28.475177764892578
2002-05-08,44.7400016784668,43.29999923706055,43.29999923706055,44.40999984741211,2822100.0,29.313453674316406
2002-05-09,45.2400016784668,44.5,44.599998474121094,44.97999954223633,2411800.0,29.689697265625
2002-05-10,44.75,43.54999923706055,44.400001525878906,43.630001068115234,4264800.0,28.798603057861328
2002-05-13,44.619998931884766,43.7599983215332,43.900001525878906,44.279998779296875,2412200.0,29.227649688720703
2002-05-14,45.7400016784668,44.63999938964844,45.58000183105469,45.47999954223633,3432200.0,30.01972007751465
2002-05-15,45.380001068115234,44.5099983215332,45.380001068115234,44.54999923706055,2210200.0,29.516183853149414
2002-05-16,45.18000030517578,44.52000045776367,44.849998474121094,45.0,2272100.0,29.814332962036133
2002-05-17,45.61000061035156,44.79999923706055,45.22999954223633,45.41999816894531,2418300.0,30.092620849609375
2002-05-20,46.029998779296875,44.869998931884766,45.63999938964844,45.130001068115234,2440400.0,29.900461196899414
2002-05-21,45.75,44.11000061035156,45.13999938964844,44.349998474121094,2608300.0,29.383684158325195
2002-05-22,44.59000015258789,43.290000915527344,44.25,44.40999984741211,2441000.0,29.423437118530273
2002-05-23,44.5,43.38999938964844,43.83000183105469,44.150001525878906,2628800.0,29.251178741455078
2002-05-24,44.0,43.04999923706055,44.0,43.349998474121094,2198100.0,28.72113037109375
2002-05-28,43.349998474121094,42.75,43.349998474121094,43.0,2429500.0,28.489240646362305
2002-05-29,43.5,42.650001525878906,42.70000076293945,43.0,2925800.0,28.489240646362305
2002-05-30,44.189998626708984,42.459999084472656,42.599998474121094,43.65999984741211,3062000.0,28.92652702331543
2002-05-31,44.09000015258789,42.650001525878906,43.81999969482422,42.650001525878906,2598400.0,28.25736427307129
2002-06-03,43.869998931884766,41.83000183105469,43.400001525878906,41.86000061035156,2926500.0,27.733964920043945
2002-06-04,42.400001525878906,41.45000076293945,41.869998931884766,41.849998474121094,2779900.0,27.727333068847656
2002-06-05,42.790000915527344,41.869998931884766,42.099998474121094,42.540000915527344,1642100.0,28.184494018554688
2002-06-06,42.77000045776367,41.91999816894531,42.540000915527344,41.959999084472656,1764200.0,27.800220489501953
2002-06-07,43.25,41.75,41.959999084472656,42.7599983215332,2987600.0,28.330236434936523
2002-06-10,43.5,42.83000183105469,42.95000076293945,42.91999816894531,1850700.0,28.436248779296875
2002-06-11,43.79999923706055,42.29999923706055,43.099998474121094,42.5,1819500.0,28.157991409301758
2002-06-12,43.9900016784668,42.599998474121094,42.619998931884766,43.83000183105469,2183000.0,29.03916358947754
2002-06-13,43.75,42.38999938964844,43.29999923706055,42.5,2378900.0,28.157991409301758
2002-06-14,43.0,41.779998779296875,42.75,42.529998779296875,2537600.0,28.1778621673584
2002-06-17,44.349998474121094,42.540000915527344,42.540000915527344,44.0,3068400.0,29.15178871154785
2002-06-18,44.279998779296875,43.400001525878906,43.95000076293945,43.779998779296875,1984200.0,29.006027221679688
2002-06-19,44.099998474121094,43.099998474121094,43.470001220703125,43.130001068115234,1965500.0,28.575382232666016
2002-06-20,44.4900016784668,43.02000045776367,43.130001068115234,43.77000045776367,2671600.0,28.999412536621094
2002-06-21,43.720001220703125,42.7400016784668,43.029998779296875,42.970001220703125,3668300.0,28.46937370300293
2002-06-24,43.66999816894531,41.52000045776367,42.91999816894531,42.7400016784668,3751900.0,28.316987991333008
2002-06-25,44.119998931884766,42.81999969482422,43.29999923706055,42.869998931884766,3939000.0,28.403120040893555
2002-06-26,43.099998474121094,41.869998931884766,41.869998931884766,42.720001220703125,3375300.0,28.303743362426758
2002-06-27,44.880001068115234,42.959999084472656,43.0,44.79999923706055,3375500.0,29.681814193725586
2002-06-28,45.09000015258789,44.099998474121094,44.349998474121094,45.0,5541300.0,29.814332962036133
2002-07-01,45.279998779296875,44.560001373291016,44.970001220703125,44.599998474121094,3513300.0,29.549320220947266
2002-07-02,44.779998779296875,43.86000061035156,44.400001525878906,44.540000915527344,2878200.0,29.509567260742188
2002-07-03,44.45000076293945,43.16999816894531,44.13999938964844,43.77000045776367,3033300.0,28.999412536621094
2002-07-05,45.20000076293945,44.04999923706055,44.20000076293945,45.0,1805700.0,29.814332962036133
2002-07-08,45.09000015258789,43.869998931884766,44.720001220703125,44.099998474121094,2690300.0,29.218050003051758
2002-07-09,44.689998626708984,43.09000015258789,43.9900016784668,43.220001220703125,2634600.0,28.635019302368164
2002-07-10,43.70000076293945,40.459999084472656,43.52000045776367,40.79999923706055,6568600.0,27.031667709350586
2002-07-11,41.470001220703125,39.54999923706055,40.79999923706055,41.16999816894531,5696900.0,27.276792526245117
2002-07-12,41.4900016784668,39.130001068115234,41.2400016784668,40.150001525878906,3227900.0,26.601011276245117
2002-07-15,39.869998931884766,37.20000076293945,39.849998474121094,39.7599983215332,5209100.0,26.342618942260742
2002-07-16,41.79999923706055,40.04999923706055,40.04999923706055,40.869998931884766,5454200.0,27.078035354614258
2002-07-17,43.189998626708984,42.150001525878906,42.41999816894531,42.939998626708984,6341000.0,28.449487686157227
2002-07-18,43.099998474121094,41.22999954223633,43.09000015258789,41.290000915527344,3626200.0,27.356313705444336
2002-07-19,41.0,39.560001373291016,40.88999938964844,39.91999816894531,4261500.0,26.448627471923828
2002-07-22,40.150001525878906,37.58000183105469,39.79999923706055,38.529998779296875,5745600.0,25.527685165405273
2002-07-23,39.900001525878906,38.099998474121094,38.45000076293945,38.849998474121094,5608500.0,25.739707946777344
2002-07-24,41.369998931884766,37.099998474121094,37.5,41.189998626708984,5581600.0,27.290056228637695
2002-07-25,42.939998626708984,40.310001373291016,41.0,42.939998626708984,5145300.0,28.449487686157227
2002-07-26,42.5099983215332,40.13999938964844,42.5,42.0,3402100.0,27.826702117919922
2002-07-29,42.9900016784668,41.29999923706055,42.939998626708984,42.029998779296875,5596700.0,27.846576690673828
2002-07-30,42.0,40.599998474121094,41.9900016784668,41.650001525878906,5213200.0,27.594833374023438
2002-07-31,41.65999984741211,40.349998474121094,41.65999984741211,41.52000045776367,4392400.0,27.508682250976562
2002-08-01,41.400001525878906,40.349998474121094,41.0,40.630001068115234,3374200.0,26.919036865234375
2002-08-02,40.86000061035156,39.099998474121094,40.630001068115234,39.849998474121094,2937200.0,26.402250289916992
2002-08-05,40.27000045776367,38.529998779296875,39.650001525878906,38.61000061035156,3146300.0,25.580707550048828
2002-08-06,40.59000015258789,39.0099983215332,39.0099983215332,39.40999984741211,3076200.0,26.11073112487793
2002-08-07,41.130001068115234,39.70000076293945,39.849998474121094,41.099998474121094,3484100.0,27.230422973632812
2002-08-08,41.599998474121094,40.25,41.0,41.5,3806300.0,27.495439529418945
2002-08-09,41.650001525878906,40.40999984741211,41.099998474121094,41.0,3368000.0,27.164175033569336
2002-08-12,40.650001525878906,39.54999923706055,40.150001525878906,40.5,2871100.0,26.83290672302246
2002-08-13,39.90999984741211,37.099998474121094,39.900001525878906,37.22999954223633,9662900.0,24.6663875579834
2002-08-14,36.84000015258789,34.099998474121094,36.83000183105469,36.349998474121094,12130700.0,24.193824768066406
2002-08-15,37.95000076293945,35.400001525878906,36.0,37.4900016784668,7617800.0,24.95260238647461
2002-08-16,38.349998474121094,36.9900016784668,37.95000076293945,37.5,4675000.0,24.95924949645996
2002-08-19,38.560001373291016,37.40999984741211,37.5099983215332,38.5,3631600.0,25.624828338623047
2002-08-20,38.56999969482422,37.72999954223633,38.56999969482422,37.880001068115234,2990800.0,25.2121639251709
2002-08-21,38.43000030517578,36.90999984741211,38.0,37.56999969482422,2997600.0,25.00583839416504
2002-08-22,38.650001525878906,37.2599983215332,37.599998474121094,38.5,2858800.0,25.624828338623047
2002-08-23,38.5,36.900001525878906,38.5,37.130001068115234,3601900.0,24.712980270385742
2002-08-26,37.27000045776367,35.849998474121094,37.130001068115234,36.88999938964844,3026100.0,24.553247451782227
2002-08-27,37.689998626708984,36.59000015258789,37.099998474121094,37.029998779296875,2878600.0,24.646419525146484
2002-08-28,37.849998474121094,36.400001525878906,37.029998779296875,37.529998779296875,4135700.0,24.979206085205078
2002-08-29,37.79999923706055,36.33000183105469,36.72999954223633,37.16999816894531,3628200.0,24.73960304260254
2002-08-30,37.70000076293945,36.70000076293945,36.93000030517578,37.06999969482422,2162000.0,24.673049926757812
2002-09-03,36.849998474121094,35.22999954223633,36.79999923706055,35.459999084472656,3566600.0,23.601469039916992
2002-09-04,37.060001373291016,35.25,35.5,36.849998474121094,2867600.0,24.526620864868164
2002-09-05,36.95000076293945,36.0,36.45000076293945,36.029998779296875,2970800.0,23.98084259033203
2002-09-06,37.650001525878906,36.540000915527344,36.58000183105469,37.209999084472656,2403500.0,24.766225814819336
2002-09-09,37.7599983215332,36.5,37.209999084472656,37.349998474121094,3198600.0,24.859418869018555
2002-09-10,37.779998779296875,36.54999923706055,37.29999923706055,37.18000030517578,2616900.0,24.746259689331055
2002-09-11,37.79999923706055,36.91999816894531,37.43000030517578,37.08000183105469,2469500.0,24.679698944091797
2002-09-12,37.11000061035156,36.349998474121094,36.880001068115234,36.45000076293945,2923100.0,24.260393142700195
2002-09-13,36.16999816894531,35.0099983215332,35.869998931884766,35.58000183105469,3580800.0,23.681337356567383
2002-09-16,37.40999984741211,35.900001525878906,35.900001525878906,37.22999954223633,3316600.0,24.779529571533203
2002-09-17,37.59000015258789,36.06999969482422,37.400001525878906,36.290000915527344,3776900.0,24.153905868530273
2002-09-18,37.150001525878906,36.0099983215332,36.09000015258789,36.77000045776367,3420600.0,24.473373413085938
2002-09-19,36.70000076293945,35.45000076293945,36.0,35.52000045776367,3112500.0,23.641399383544922
2002-09-20,36.75,35.650001525878906,35.900001525878906,36.47999954223633,5104100.0,24.280359268188477
2002-09-23,36.0,34.86000061035156,35.900001525878906,35.400001525878906,3628200.0,23.56153678894043
2002-09-24,35.70000076293945,34.650001525878906,35.119998931884766,34.959999084472656,3722200.0,23.268672943115234
2002-09-25,35.5,34.5,35.099998474121094,35.40999984741211,3647900.0,23.56818199157715
2002-09-26,36.59000015258789,35.560001373291016,35.810001373291016,36.54999923706055,2328300.0,24.326948165893555
2002-09-27,36.29999923706055,34.65999984741211,36.29999923706055,34.70000076293945,3487900.0,23.09562110900879
2002-09-30,34.81999969482422,33.20000076293945,34.400001525878906,34.130001068115234,4105800.0,22.716238021850586
2002-10-01,36.02000045776367,34.25,34.31999969482422,36.0,3378800.0,23.960866928100586
2002-10-02,35.5,34.130001068115234,35.5,34.380001068115234,2978900.0,22.882633209228516
2002-10-03,35.29999923706055,34.189998626708984,34.779998779296875,34.310001373291016,3657400.0,22.836044311523438
2002-10-04,34.31999969482422,31.950000762939453,34.31999969482422,32.0099983215332,7794400.0,21.30521583557129
2002-10-07,32.900001525878906,31.6299991607666,32.220001220703125,32.380001068115234,4367100.0,21.551477432250977
2002-10-08,33.0099983215332,31.18000030517578,33.0,32.0099983215332,4257500.0,21.30521583557129
2002-10-09,31.75,29.950000762939453,31.399999618530273,30.440000534057617,6319100.0,20.2602481842041
2002-10-10,31.700000762939453,29.979999542236328,30.299999237060547,31.350000381469727,4591300.0,20.865930557250977
2002-10-11,32.650001525878906,31.34000015258789,31.75,32.0,4083100.0,21.29855728149414
2002-10-14,31.350000381469727,30.25,30.299999237060547,31.059999465942383,5326300.0,20.672910690307617
2002-10-15,32.40999984741211,31.139999389648438,31.530000686645508,32.150001525878906,4714700.0,21.398405075073242
2002-10-16,32.52000045776367,30.270000457763672,32.15999984741211,30.5,7308000.0,20.30019187927246
2002-10-17,31.0,29.459999084472656,30.75,29.979999542236328,8574700.0,19.954092025756836
2002-10-18,29.450000762939453,28.530000686645508,28.690000534057617,29.0,7007700.0,19.301820755004883
2002-10-21,30.5,28.579999923706055,29.0,30.360000610351562,6035500.0,20.20701026916504
2002-10-22,30.280000686645508,29.549999237060547,29.979999542236328,30.139999389648438,4045700.0,20.060577392578125
2002-10-23,30.709999084472656,29.850000381469727,29.969999313354492,30.700000762939453,3355100.0,20.43330192565918
2002-10-24,31.200000762939453,29.700000762939453,30.8700008392334,29.950000762939453,4167500.0,19.93411636352539
2002-10-25,30.350000381469727,29.350000381469727,29.989999771118164,30.31999969482422,3339500.0,20.180383682250977
2002-10-28,30.799999237060547,28.700000762939453,30.420000076293945,28.979999542236328,5213700.0,19.28850555419922
2002-10-29,29.899999618530273,28.540000915527344,28.899999618530273,29.700000762939453,4097200.0,19.767724990844727
2002-10-30,30.389999389648438,29.200000762939453,29.770000457763672,30.200000762939453,3086400.0,20.100513458251953
2002-10-31,30.520000457763672,29.549999237060547,30.399999618530273,29.75,2913300.0,19.801000595092773
2002-11-01,30.649999618530273,29.559999465942383,29.790000915527344,30.399999618530273,2946900.0,20.233627319335938
2002-11-04,30.860000610351562,29.6299991607666,30.40999984741211,29.670000076293945,4926600.0,19.747751235961914
2002-11-05,31.979999542236328,29.8700008392334,29.8700008392334,31.520000457763672,4752200.0,20.97907257080078
2002-11-06,34.43000030517578,32.0099983215332,32.040000915527344,33.58000183105469,8653700.0,22.350175857543945
2002-11-07,33.900001525878906,32.11000061035156,33.779998779296875,32.290000915527344,4378800.0,21.491575241088867
2002-11-08,33.599998474121094,32.5,32.849998474121094,33.18000030517578,4248000.0,22.083942413330078
2002-11-11,33.209999084472656,31.0,33.18000030517578,31.229999542236328,3693400.0,20.78605842590332
2002-11-12,32.099998474121094,31.25,31.799999237060547,31.65999984741211,4739000.0,21.0722599029541
2002-11-13,32.27000045776367,30.8700008392334,31.6299991607666,31.420000076293945,3404900.0,21.025419235229492
2002-11-14,32.400001525878906,30.8700008392334,32.099998474121094,31.350000381469727,3147700.0,20.97857666015625
2002-11-15,32.0,31.040000915527344,31.350000381469727,31.5,2646500.0,21.078960418701172
2002-11-18,31.780000686645508,30.899999618530273,31.540000915527344,30.920000076293945,3393400.0,20.690832138061523
2002-11-19,31.649999618530273,30.6200008392334,31.020000457763672,31.399999618530273,3520400.0,21.012033462524414
2002-11-20,32.25,31.200000762939453,31.200000762939453,31.729999542236328,3409500.0,21.232872009277344
2002-11-21,33.02000045776367,32.02000045776367,32.20000076293945,32.439998626708984,5260700.0,21.707983016967773
2002-11-22,34.43000030517578,32.79999923706055,32.84000015258789,34.0,5483700.0,22.751876831054688
2002-11-25,34.189998626708984,33.20000076293945,33.54999923706055,33.4900016784668,3172200.0,22.410602569580078
2002-11-26,34.04999923706055,33.2599983215332,33.70000076293945,33.66999816894531,3167200.0,22.531051635742188
2002-11-27,35.13999938964844,33.849998474121094,34.0,35.02000045776367,3806800.0,23.4344425201416
2002-11-29,35.029998779296875,33.79999923706055,35.029998779296875,34.04999923706055,2437900.0,22.78533935546875
2002-12-02,34.880001068115234,33.70000076293945,34.599998474121094,34.099998474121094,2643600.0,22.81879234313965
2002-12-03,34.5,33.810001373291016,34.25,34.2400016784668,2869600.0,22.912492752075195
2002-12-04,34.380001068115234,33.560001373291016,33.77000045776367,33.93000030517578,2678800.0,22.705049514770508
2002-12-05,33.7599983215332,32.43000030517578,33.75,32.959999084472656,3864400.0,22.055950164794922
2002-12-06,33.75,32.22999954223633,32.400001525878906,33.400001525878906,3733700.0,22.350387573242188
2002-12-09,33.25,32.310001373291016,32.630001068115234,32.400001525878906,2949700.0,21.681211471557617
2002-12-10,32.599998474121094,32.0,32.349998474121094,32.25,3097300.0,21.580825805664062
2002-12-11,32.63999938964844,31.75,32.04999923706055,32.529998779296875,3299700.0,21.768205642700195
2002-12-12,32.5,31.799999237060547,32.0,32.04999923706055,2645400.0,21.446996688842773
2002-12-13,32.04999923706055,31.399999618530273,32.04999923706055,31.399999618530273,2273900.0,21.012033462524414
2002-12-16,32.099998474121094,31.25,31.270000457763672,31.920000076293945,3094800.0,21.360004425048828
2002-12-17,32.7400016784668,31.84000015258789,32.060001373291016,31.850000381469727,2125900.0,21.313159942626953
2002-12-18,32.5,31.420000076293945,31.770000457763672,32.02000045776367,2176300.0,21.426921844482422
2002-12-19,32.47999954223633,31.729999542236328,31.729999542236328,32.25,2723700.0,21.580825805664062
2002-12-20,32.939998626708984,32.290000915527344,32.91999816894531,32.709999084472656,4569300.0,21.888652801513672
2002-12-23,32.95000076293945,32.400001525878906,32.709999084472656,32.790000915527344,2203300.0,21.942184448242188
2002-12-24,33.099998474121094,32.529998779296875,32.900001525878906,32.650001525878906,1085000.0,21.848499298095703
2002-12-26,33.279998779296875,32.52000045776367,32.849998474121094,32.630001068115234,1450000.0,21.835115432739258
2002-12-27,33.09000015258789,32.13999938964844,32.900001525878906,32.33000183105469,1662600.0,21.634363174438477
2002-12-30,33.0,32.33000183105469,32.33000183105469,32.900001525878906,2245100.0,22.015798568725586
2002-12-31,33.130001068115234,32.470001220703125,32.66999816894531,32.9900016784668,2092400.0,22.07602310180664
2003-01-02,33.91999816894531,33.0,33.0,33.880001068115234,2122500.0,22.67158317565918
2003-01-03,34.439998626708984,33.88999938964844,34.099998474121094,34.18000030517578,2303000.0,22.872333526611328
2003-01-06,34.560001373291016,33.959999084472656,34.04999923706055,34.130001068115234,2234100.0,22.838871002197266
2003-01-07,34.130001068115234,33.029998779296875,34.119998931884766,33.29999923706055,2969700.0,22.283462524414062
2003-01-08,33.5,33.029998779296875,33.369998931884766,33.5,3059200.0,22.41729164123535
2003-01-09,34.04999923706055,33.369998931884766,33.75,33.900001525878906,3166100.0,22.684967041015625
2003-01-10,34.099998474121094,33.43000030517578,33.90999984741211,33.849998474121094,3081100.0,22.651512145996094
2003-01-13,34.59000015258789,33.75,34.150001525878906,34.29999923706055,3040900.0,22.95263671875
2003-01-14,34.2400016784668,33.81999969482422,34.150001525878906,34.150001525878906,1863500.0,22.85226058959961
2003-01-15,34.38999938964844,33.25,34.04999923706055,33.349998474121094,2209700.0,22.316919326782227
2003-01-16,34.2400016784668,33.279998779296875,33.79999923706055,33.459999084472656,2399800.0,22.39052963256836
2003-01-17,33.72999954223633,33.029998779296875,33.349998474121094,33.290000915527344,2034900.0,22.276769638061523
2003-01-21,33.310001373291016,32.27000045776367,33.290000915527344,32.400001525878906,2463800.0,21.681211471557617
2003-01-22,32.70000076293945,31.760000228881836,32.04999923706055,31.780000686645508,3308700.0,21.266326904296875
2003-01-23,32.27000045776367,31.780000686645508,31.799999237060547,31.850000381469727,2429400.0,21.313159942626953
2003-01-24,31.850000381469727,31.0,31.600000381469727,31.010000228881836,2470100.0,20.751049041748047
2003-01-27,31.25,30.600000381469727,31.010000228881836,30.6200008392334,2386400.0,20.49008560180664
2003-01-28,31.549999237060547,30.59000015258789,30.739999771118164,31.450000762939453,2411600.0,21.045488357543945
2003-01-29,31.459999084472656,30.5,31.459999084472656,30.610000610351562,2791500.0,20.4833927154541
2003-01-30,31.299999237060547,30.200000762939453,30.270000457763672,30.65999984741211,3790800.0,20.516849517822266
2003-01-31,32.220001220703125,31.200000762939453,31.3799991607666,31.59000015258789,3685800.0,21.139175415039062
2003-02-03,31.5,30.530000686645508,30.899999618530273,31.110000610351562,4019600.0,20.817981719970703
2003-02-04,31.420000076293945,30.5,30.799999237060547,31.239999771118164,3107700.0,20.904970169067383
2003-02-05,31.6299991607666,30.540000915527344,31.06999969482422,30.670000076293945,3074100.0,20.63582992553711
2003-02-06,30.969999313354492,30.329999923706055,30.65999984741211,30.549999237060547,2249800.0,20.555097579956055
2003-02-07,30.899999618530273,29.899999618530273,30.649999618530273,30.0,2295100.0,20.185035705566406
2003-02-10,30.479999542236328,29.889999389648438,30.100000381469727,30.270000457763672,2276900.0,20.36670684814453
2003-02-11,30.510000228881836,29.56999969482422,30.270000457763672,29.84000015258789,2732400.0,20.07737922668457
2003-02-12,29.889999389648438,29.360000610351562,29.799999237060547,29.6299991607666,2524400.0,19.936086654663086
2003-02-13,29.809999465942383,28.899999618530273,29.459999084472656,29.5,2867000.0,19.84861946105957
2003-02-14,30.469999313354492,29.43000030517578,29.450000762939453,30.149999618530273,3025100.0,20.285959243774414
2003-02-18,30.799999237060547,29.8799991607666,30.5,30.0,2662600.0,20.185035705566406
2003-02-19,30.18000030517578,29.59000015258789,30.0,30.18000030517578,2175900.0,20.306142807006836
2003-02-20,30.200000762939453,28.200000762939453,30.18000030517578,29.170000076293945,7121600.0,19.626585006713867
2003-02-21,29.639999389648438,28.43000030517578,29.0,29.639999389648438,4523300.0,19.942813873291016
2003-02-24,29.639999389648438,28.399999618530273,29.280000686645508,28.489999771118164,4341500.0,19.16905975341797
2003-02-25,28.5,27.989999771118164,28.440000534057617,28.190000534057617,4816200.0,18.967201232910156
2003-02-26,28.5,27.639999389648438,28.360000610351562,27.84000015258789,3843400.0,18.731712341308594
2003-02-27,28.309999465942383,27.65999984741211,28.110000610351562,27.950000762939453,3075800.0,18.80573081970215
2003-02-28,28.1200008392334,27.239999771118164,28.0,27.559999465942383,3961500.0,18.543315887451172
2003-03-03,27.799999237060547,27.020000457763672,27.700000762939453,27.110000610351562,4066300.0,18.24054527282715
2003-03-04,27.81999969482422,26.90999984741211,27.100000381469727,27.450000762939453,5462000.0,18.469310760498047
2003-03-05,27.450000762939453,26.530000686645508,27.450000762939453,26.739999771118164,5300600.0,17.99159049987793
2003-03-06,26.700000762939453,26.0,26.600000381469727,26.15999984741211,4497700.0,17.60135269165039
2003-03-07,25.940000534057617,25.399999618530273,25.799999237060547,25.84000015258789,6361900.0,17.38604164123535
2003-03-10,26.200000762939453,25.459999084472656,25.700000762939453,25.520000457763672,3705000.0,17.170738220214844
2003-03-11,25.84000015258789,25.110000610351562,25.6299991607666,25.219999313354492,3400400.0,16.968883514404297
2003-03-12,25.420000076293945,24.729999542236328,25.149999618530273,25.149999618530273,4288500.0,16.921785354614258
2003-03-13,25.520000457763672,24.899999618530273,25.420000076293945,25.350000381469727,6496300.0,17.05636215209961
2003-03-14,26.25,25.170000076293945,25.25,25.549999237060547,6480800.0,17.19092559814453
2003-03-17,27.09000015258789,25.31999969482422,25.5,26.899999618530273,5838600.0,18.099252700805664
2003-03-18,28.420000076293945,27.0,27.3700008392334,27.829999923706055,5973600.0,18.7249813079834
2003-03-19,28.350000381469727,27.549999237060547,27.899999618530273,27.950000762939453,3544200.0,18.80573081970215
2003-03-20,28.15999984741211,27.3700008392334,27.899999618530273,27.81999969482422,3723400.0,18.7182559967041
2003-03-21,28.25,27.010000228881836,28.239999771118164,28.100000381469727,6547300.0,18.906654357910156
2003-03-24,27.799999237060547,26.940000534057617,27.799999237060547,27.030000686645508,3703800.0,18.18671417236328
2003-03-25,27.649999618530273,26.829999923706055,27.25,27.3700008392334,3913900.0,18.415477752685547
2003-03-26,27.399999618530273,26.209999084472656,27.3700008392334,26.399999618530273,5804200.0,17.762826919555664
2003-03-27,26.559999465942383,25.899999618530273,26.399999618530273,26.520000457763672,4391200.0,17.843570709228516
2003-03-28,26.299999237060547,25.989999771118164,26.299999237060547,26.100000381469727,3035600.0,17.56097984313965
2003-03-31,25.59000015258789,24.850000381469727,25.0,25.059999465942383,5626000.0,16.861228942871094
2003-04-01,25.959999084472656,25.200000762939453,25.3700008392334,25.670000076293945,5666000.0,17.271663665771484
2003-04-02,26.760000228881836,25.899999618530273,25.979999542236328,26.65999984741211,4855500.0,17.937768936157227
2003-04-03,27.100000381469727,26.43000030517578,26.940000534057617,26.549999237060547,3491100.0,17.863752365112305
2003-04-04,26.850000381469727,26.100000381469727,26.790000915527344,26.5,3452200.0,17.83011817932129
2003-04-07,27.799999237060547,27.100000381469727,27.100000381469727,27.399999618530273,4935100.0,18.4356632232666
2003-04-08,27.719999313354492,26.899999618530273,27.149999618530273,27.360000610351562,3953700.0,18.408750534057617
2003-04-09,28.049999237060547,27.31999969482422,27.360000610351562,27.479999542236328,4074200.0,18.48948860168457
2003-04-10,27.479999542236328,26.420000076293945,27.479999542236328,27.09000015258789,4948600.0,18.227081298828125
2003-04-11,27.100000381469727,25.700000762939453,27.09000015258789,26.469999313354492,4940600.0,17.809932708740234
2003-04-14,27.25,26.350000381469727,26.479999542236328,27.25,3568800.0,18.334739685058594
2003-04-15,27.290000915527344,26.549999237060547,26.899999618530273,27.290000915527344,4156200.0,18.36165428161621
2003-04-16,27.459999084472656,26.559999465942383,27.360000610351562,26.639999389648438,3340000.0,17.9243106842041
2003-04-17,26.719999313354492,26.030000686645508,26.639999389648438,26.649999618530273,4471300.0,17.93103790283203
2003-04-21,27.110000610351562,26.649999618530273,26.649999618530273,26.780000686645508,3541400.0,18.018503189086914
2003-04-22,27.809999465942383,26.59000015258789,26.600000381469727,27.799999237060547,6410800.0,18.704801559448242
2003-04-23,28.65999984741211,27.649999618530273,28.0,28.139999389648438,9115300.0,18.93355941772461
2003-04-24,28.440000534057617,27.520000457763672,27.940000534057617,27.6299991607666,5179200.0,18.59041404724121
2003-04-25,27.850000381469727,27.15999984741211,27.829999923706055,27.190000534057617,3800600.0,18.29436683654785
2003-04-28,27.459999084472656,26.489999771118164,26.729999542236328,27.3799991607666,5494500.0,18.42220115661621
2003-04-29,27.84000015258789,27.3799991607666,27.3799991607666,27.760000228881836,4308500.0,18.677888870239258
2003-04-30,27.6200008392334,27.229999542236328,27.399999618530273,27.280000686645508,5511900.0,18.35492515563965
2003-05-01,27.299999237060547,27.0,27.170000076293945,27.110000610351562,3222300.0,18.24054527282715
2003-05-02,28.770000457763672,27.489999771118164,27.549999237060547,28.6200008392334,5679400.0,19.256521224975586
2003-05-05,28.389999389648438,27.450000762939453,28.1200008392334,27.6200008392334,7041100.0,18.58369255065918
2003-05-06,28.260000228881836,27.399999618530273,27.5,28.139999389648438,5460100.0,18.93355941772461
2003-05-07,28.969999313354492,28.010000228881836,28.139999389648438,28.3799991607666,4667700.0,19.09504508972168
2003-05-08,28.40999984741211,27.940000534057617,28.0,28.139999389648438,2937400.0,18.93355941772461
2003-05-09,29.100000381469727,28.299999237060547,28.549999237060547,29.100000381469727,4133600.0,19.579483032226562
2003-05-12,29.979999542236328,28.829999923706055,28.899999618530273,29.81999969482422,5077900.0,20.063926696777344
2003-05-13,29.780000686645508,29.290000915527344,29.780000686645508,29.549999237060547,3775600.0,19.88225746154785
2003-05-14,29.829999923706055,29.1299991607666,29.700000762939453,29.489999771118164,3427600.0,19.956701278686523
2003-05-15,30.25,29.5,29.549999237060547,30.15999984741211,4674300.0,20.41010856628418
2003-05-16,30.760000228881836,30.100000381469727,30.350000381469727,30.420000076293945,5223000.0,20.586055755615234
2003-05-19,30.059999465942383,28.950000762939453,30.049999237060547,29.06999969482422,4525600.0,19.672470092773438
2003-05-20,29.25,28.6200008392334,29.170000076293945,28.93000030517578,3770300.0,19.577739715576172
2003-05-21,29.299999237060547,28.549999237060547,28.799999237060547,28.799999237060547,3248700.0,19.489755630493164
2003-05-22,29.25,28.760000228881836,28.799999237060547,29.100000381469727,2495900.0,19.69277572631836
2003-05-23,30.610000610351562,28.760000228881836,29.020000457763672,29.989999771118164,5766800.0,20.295063018798828
2003-05-27,30.0,29.40999984741211,29.989999771118164,29.899999618530273,4648200.0,20.23415184020996
2003-05-28,30.649999618530273,29.899999618530273,29.950000762939453,30.3799991607666,4420500.0,20.558982849121094
2003-05-29,30.860000610351562,29.809999465942383,30.389999389648438,29.950000762939453,3599100.0,20.267986297607422
2003-05-30,30.860000610351562,30.149999618530273,30.200000762939453,30.670000076293945,4221300.0,20.75523567199707
2003-06-02,32.470001220703125,31.0,31.100000381469727,31.959999084472656,7347400.0,21.628215789794922
2003-06-03,32.150001525878906,31.700000762939453,31.959999084472656,32.11000061035156,4382800.0,21.729724884033203
2003-06-04,33.63999938964844,32.029998779296875,32.119998931884766,33.54999923706055,7432700.0,22.70421600341797
2003-06-05,33.95000076293945,33.2599983215332,33.54999923706055,33.68000030517578,4630100.0,22.792184829711914
2003-06-06,35.18000030517578,33.95000076293945,34.150001525878906,34.86000061035156,6821800.0,23.59072494506836
2003-06-09,34.70000076293945,32.83000183105469,34.400001525878906,33.16999816894531,5990200.0,22.447053909301758
2003-06-10,35.2400016784668,33.0,33.810001373291016,34.310001373291016,6225800.0,23.21852684020996
2003-06-11,35.400001525878906,34.0,34.310001373291016,35.400001525878906,5272900.0,23.956165313720703
2003-06-12,35.900001525878906,34.93000030517578,35.900001525878906,35.75,4915300.0,24.19301986694336
2003-06-13,35.939998626708984,35.029998779296875,35.75,35.34000015258789,5022400.0,23.915550231933594
2003-06-16,36.439998626708984,35.400001525878906,35.650001525878906,36.40999984741211,4441200.0,24.63965606689453
2003-06-17,37.36000061035156,35.529998779296875,35.900001525878906,36.150001525878906,5796100.0,24.463712692260742
2003-06-18,36.0099983215332,35.2599983215332,36.0,35.83000183105469,8157400.0,24.24715232849121
2003-06-19,35.720001220703125,35.099998474121094,35.45000076293945,35.5,4700200.0,24.023832321166992
2003-06-20,35.83000183105469,35.20000076293945,35.5,35.529998779296875,5822300.0,24.044130325317383
2003-06-23,35.20000076293945,34.349998474121094,34.84000015258789,34.459999084472656,4890800.0,23.32004165649414
2003-06-24,35.099998474121094,34.31999969482422,34.36000061035156,34.5,4073000.0,23.34709930419922
2003-06-25,35.150001525878906,34.2400016784668,34.540000915527344,34.40999984741211,2362500.0,23.28620147705078
2003-06-26,34.880001068115234,34.119998931884766,34.220001220703125,34.400001525878906,2801200.0,23.27943229675293
2003-06-27,34.79999923706055,34.20000076293945,34.29999923706055,34.220001220703125,2376000.0,23.157623291015625
2003-06-30,34.779998779296875,34.029998779296875,34.54999923706055,34.31999969482422,4958800.0,23.22529411315918
2003-07-01,34.75,33.900001525878906,34.099998474121094,34.650001525878906,5643300.0,23.4486141204834
2003-07-02,34.93000030517578,34.25,34.41999816894531,34.79999923706055,3997100.0,23.550121307373047
2003-07-03,34.65999984741211,34.22999954223633,34.29999923706055,34.58000183105469,2253500.0,23.40123748779297
2003-07-07,35.20000076293945,34.709999084472656,34.880001068115234,35.0099983215332,3692500.0,23.692235946655273
2003-07-08,35.20000076293945,34.380001068115234,35.119998931884766,34.9900016784668,3123500.0,23.678695678710938
2003-07-09,35.54999923706055,34.630001068115234,35.0,35.22999954223633,3452000.0,23.84111976623535
2003-07-10,35.150001525878906,34.5099983215332,34.83000183105469,34.689998626708984,2102900.0,23.475677490234375
2003-07-11,35.18000030517578,34.65999984741211,34.720001220703125,35.18000030517578,2088700.0,23.807281494140625
2003-07-14,35.43000030517578,34.5,35.400001525878906,34.58000183105469,4114700.0,23.40123748779297
2003-07-15,34.04999923706055,33.0,33.45000076293945,33.439998626708984,9281500.0,22.62977409362793
2003-07-16,33.95000076293945,33.06999969482422,33.400001525878906,33.38999938964844,3692800.0,22.595937728881836
2003-07-17,33.560001373291016,32.119998931884766,33.150001525878906,33.16999816894531,3626000.0,22.447053909301758
2003-07-18,33.349998474121094,32.52000045776367,33.209999084472656,33.349998474121094,4037600.0,22.568862915039062
2003-07-21,33.0,32.13999938964844,33.0,32.349998474121094,4525500.0,21.89215087890625
2003-07-22,32.75,32.20000076293945,32.20000076293945,32.56999969482422,4450000.0,22.041017532348633
2003-07-23,33.25,31.75,32.2400016784668,32.689998626708984,4801900.0,22.122234344482422
2003-07-24,32.849998474121094,32.189998626708984,32.599998474121094,32.20000076293945,5820600.0,21.790630340576172
2003-07-25,32.77000045776367,31.15999984741211,31.549999237060547,32.68000030517578,4221200.0,22.115461349487305
2003-07-28,32.9900016784668,32.5,32.68000030517578,32.77000045776367,3329700.0,22.176362991333008
2003-07-29,32.869998931884766,31.989999771118164,32.599998474121094,32.04999923706055,3513500.0,21.689125061035156
2003-07-30,32.560001373291016,32.0,32.0,32.52000045776367,3245200.0,22.007183074951172
2003-07-31,33.400001525878906,32.619998931884766,32.619998931884766,33.119998931884766,5215800.0,22.413227081298828
2003-08-01,33.0,32.380001068115234,32.709999084472656,32.41999816894531,3544300.0,21.93951416015625
2003-08-04,32.650001525878906,31.950000762939453,32.20000076293945,32.220001220703125,3233900.0,21.80416488647461
2003-08-05,32.18000030517578,31.219999313354492,31.959999084472656,31.219999313354492,3912600.0,21.127437591552734
2003-08-06,32.2599983215332,31.0,31.25,31.90999984741211,3255300.0,21.59438133239746
2003-08-07,31.979999542236328,31.350000381469727,31.719999313354492,31.93000030517578,1665500.0,21.60791778564453
2003-08-08,32.529998779296875,31.920000076293945,31.93000030517578,32.25,2745000.0,21.8244686126709
2003-08-11,32.54999923706055,31.709999084472656,32.400001525878906,32.220001220703125,2166300.0,21.80416488647461
2003-08-12,32.619998931884766,32.060001373291016,32.119998931884766,32.61000061035156,2119500.0,22.068090438842773
2003-08-13,32.72999954223633,32.22999954223633,32.439998626708984,32.380001068115234,1844800.0,22.027271270751953
2003-08-14,33.04999923706055,32.119998931884766,32.5,32.97999954223633,2276500.0,22.435434341430664
2003-08-15,33.150001525878906,32.65999984741211,33.150001525878906,32.939998626708984,1663800.0,22.40822982788086
2003-08-18,33.65999984741211,33.0,33.099998474121094,33.58000183105469,2986800.0,22.84360122680664
2003-08-19,34.349998474121094,33.529998779296875,33.630001068115234,34.33000183105469,4553700.0,23.35380744934082
2003-08-20,34.630001068115234,33.970001220703125,34.33000183105469,34.36000061035156,3063100.0,23.374216079711914
2003-08-21,35.25,34.47999954223633,34.5,34.939998626708984,3912000.0,23.76877784729004
2003-08-22,36.279998779296875,35.45000076293945,35.650001525878906,35.68000030517578,6420200.0,24.272171020507812
2003-08-25,35.77000045776367,35.130001068115234,35.66999816894531,35.29999923706055,2976200.0,24.013671875
2003-08-26,35.79999923706055,35.11000061035156,35.20000076293945,35.709999084472656,3392900.0,24.29258918762207
2003-08-27,36.349998474121094,35.34000015258789,35.650001525878906,36.13999938964844,3830900.0,24.58509635925293
2003-08-28,37.06999969482422,36.02000045776367,36.13999938964844,36.97999954223633,3999200.0,25.156526565551758
2003-08-29,37.459999084472656,36.58000183105469,36.90999984741211,37.38999938964844,2781100.0,25.43545150756836
2003-09-02,37.779998779296875,37.2400016784668,37.290000915527344,37.689998626708984,2984800.0,25.639530181884766
2003-09-03,38.900001525878906,37.5099983215332,37.79999923706055,38.369998931884766,4937300.0,26.102108001708984
2003-09-04,38.7599983215332,37.790000915527344,38.369998931884766,37.88999938964844,3161100.0,25.775585174560547
2003-09-05,37.88999938964844,36.79999923706055,37.88999938964844,37.15999984741211,3938900.0,25.27898406982422
2003-09-08,37.59000015258789,36.7400016784668,37.45000076293945,36.959999084472656,4605700.0,25.142925262451172
2003-09-09,36.90999984741211,36.25,36.75,36.33000183105469,3460200.0,24.7143611907959
2003-09-10,36.4900016784668,35.33000183105469,36.18000030517578,35.619998931884766,4059000.0,24.231365203857422
2003-09-11,36.099998474121094,35.11000061035156,35.619998931884766,35.720001220703125,3921400.0,24.29939079284668
2003-09-12,36.0,35.470001220703125,35.720001220703125,35.65999984741211,3478300.0,24.258575439453125
2003-09-15,35.66999816894531,35.209999084472656,35.40999984741211,35.5,2238400.0,24.14972686767578
2003-09-16,35.95000076293945,35.47999954223633,35.47999954223633,35.810001373291016,3047000.0,24.360618591308594
2003-09-17,35.849998474121094,35.43000030517578,35.720001220703125,35.43000030517578,1595600.0,24.102115631103516
2003-09-18,36.34000015258789,35.47999954223633,35.68000030517578,36.13999938964844,3374000.0,24.58509635925293
2003-09-19,36.599998474121094,35.66999816894531,36.13999938964844,35.790000915527344,3482600.0,24.34701156616211
2003-09-22,35.45000076293945,34.709999084472656,35.45000076293945,34.88999938964844,2881500.0,23.734756469726562
2003-09-23,35.31999969482422,34.2599983215332,34.689998626708984,35.150001525878906,3356500.0,23.911640167236328
2003-09-24,35.08000183105469,34.08000183105469,34.900001525878906,34.20000076293945,3030300.0,23.265371322631836
2003-09-25,34.4900016784668,33.65999984741211,33.959999084472656,33.7599983215332,3055500.0,22.966047286987305
2003-09-26,34.380001068115234,33.70000076293945,33.81999969482422,34.0099983215332,3042000.0,23.136117935180664
2003-09-29,34.849998474121094,34.310001373291016,34.45000076293945,34.45000076293945,3373500.0,23.435440063476562
2003-09-30,34.599998474121094,33.88999938964844,34.150001525878906,34.33000183105469,2740400.0,23.35380744934082
2003-10-01,35.36000061035156,34.400001525878906,34.5,35.34000015258789,2726400.0,24.0408878326416
2003-10-02,35.45000076293945,34.810001373291016,35.0,35.33000183105469,2339300.0,24.034080505371094
2003-10-03,36.31999969482422,35.56999969482422,35.84000015258789,35.849998474121094,3515900.0,24.3878231048584
2003-10-06,35.91999816894531,35.2599983215332,35.599998474121094,35.810001373291016,2134000.0,24.360618591308594
2003-10-07,36.290000915527344,35.529998779296875,36.099998474121094,36.16999816894531,2188900.0,24.605518341064453
2003-10-08,36.439998626708984,35.75,35.900001525878906,36.279998779296875,2246800.0,24.680330276489258
2003-10-09,37.2599983215332,36.560001373291016,36.72999954223633,36.790000915527344,3631100.0,25.027286529541016
2003-10-10,37.2400016784668,36.880001068115234,37.0,36.95000076293945,2575900.0,25.136123657226562
2003-10-13,37.29999923706055,36.900001525878906,36.959999084472656,37.29999923706055,2160600.0,25.374216079711914
2003-10-14,37.22999954223633,36.81999969482422,37.0,37.150001525878906,2873800.0,25.272184371948242
2003-10-15,37.09000015258789,36.61000061035156,36.91999816894531,37.0,2814800.0,25.170141220092773
2003-10-16,37.68000030517578,36.709999084472656,36.79999923706055,37.45000076293945,2848300.0,25.476272583007812
2003-10-17,37.75,37.189998626708984,37.5,37.2400016784668,2148500.0,25.333402633666992
2003-10-20,37.61000061035156,36.91999816894531,37.04999923706055,37.27000045776367,1907700.0,25.353803634643555
2003-10-21,37.25,36.31999969482422,37.25,36.599998474121094,2314200.0,24.89801788330078
2003-10-22,36.38999938964844,35.95000076293945,36.20000076293945,36.15999984741211,2131400.0,24.598709106445312
2003-10-23,36.15999984741211,35.52000045776367,36.15999984741211,35.939998626708984,2305800.0,24.449045181274414
2003-10-24,36.279998779296875,35.45000076293945,35.45000076293945,36.279998779296875,2004400.0,24.680330276489258
2003-10-27,36.4900016784668,35.91999816894531,36.27000045776367,36.040000915527344,1524900.0,24.517072677612305
2003-10-28,36.380001068115234,35.310001373291016,36.04999923706055,36.040000915527344,3785900.0,24.517072677612305
2003-10-29,38.900001525878906,37.099998474121094,37.25,38.5,8121500.0,26.190547943115234
2003-10-30,39.209999084472656,38.68000030517578,39.0,38.77000045776367,5708600.0,26.374223709106445
2003-10-31,39.0,38.11000061035156,38.900001525878906,38.4900016784668,3036000.0,26.18374252319336
2003-11-03,39.25,38.540000915527344,38.540000915527344,38.90999984741211,2627100.0,26.469465255737305
2003-11-04,39.060001373291016,38.5099983215332,38.66999816894531,38.72999954223633,2155300.0,26.34701919555664
2003-11-05,39.0,38.310001373291016,38.95000076293945,38.599998474121094,2642100.0,26.258588790893555
2003-11-06,39.04999923706055,38.36000061035156,38.36000061035156,38.88999938964844,2929000.0,26.45585060119629
2003-11-07,39.22999954223633,38.709999084472656,39.20000076293945,38.900001525878906,2592000.0,26.462656021118164
2003-11-10,39.0,38.38999938964844,39.0,38.83000183105469,2263500.0,26.415040969848633
2003-11-11,38.790000915527344,38.060001373291016,38.599998474121094,38.31999969482422,2376000.0,26.068098068237305
2003-11-12,39.290000915527344,38.099998474121094,38.13999938964844,39.06999969482422,2911600.0,26.696746826171875
2003-11-13,40.150001525878906,39.0099983215332,39.0099983215332,39.900001525878906,4061400.0,27.263883590698242
2003-11-14,40.0,38.970001220703125,39.97999954223633,39.25,1889900.0,26.819747924804688
2003-11-17,39.970001220703125,38.900001525878906,39.0,39.7400016784668,3391600.0,27.154560089111328
2003-11-18,39.66999816894531,38.5099983215332,39.25,38.83000183105469,5336500.0,26.532751083374023
2003-11-19,39.619998931884766,38.529998779296875,38.599998474121094,39.400001525878906,2442000.0,26.9222412109375
2003-11-20,39.56999969482422,38.90999984741211,39.099998474121094,39.349998474121094,2614700.0,26.888072967529297
2003-11-21,39.47999954223633,38.5,39.349998474121094,38.86000061035156,2793600.0,26.553247451782227
2003-11-24,39.04999923706055,38.02000045776367,39.04999923706055,38.88999938964844,6189700.0,26.573740005493164
2003-11-25,38.900001525878906,38.20000076293945,38.66999816894531,38.2599983215332,3817300.0,26.143264770507812
2003-11-26,38.380001068115234,37.61000061035156,38.20000076293945,38.279998779296875,3481100.0,26.15692901611328
2003-11-28,38.75,38.2400016784668,38.380001068115234,38.38999938964844,1210600.0,26.232093811035156
2003-12-01,38.68000030517578,37.599998474121094,37.599998474121094,38.02000045776367,7158500.0,25.979270935058594
2003-12-02,38.470001220703125,37.599998474121094,38.0,37.83000183105469,6297800.0,25.849451065063477
2003-12-03,38.68000030517578,37.650001525878906,37.880001068115234,38.52000045776367,3782800.0,26.320926666259766
2003-12-04,39.20000076293945,38.349998474121094,38.52000045776367,39.11000061035156,3092300.0,26.72407341003418
2003-12-05,38.939998626708984,37.869998931884766,38.86000061035156,38.0,4324900.0,25.965604782104492
2003-12-08,39.119998931884766,38.150001525878906,38.18000030517578,39.119998931884766,2956200.0,26.730911254882812
2003-12-09,39.119998931884766,38.150001525878906,39.04999923706055,38.58000183105469,3342500.0,26.361921310424805
2003-12-10,39.0,38.290000915527344,38.5,38.869998931884766,3180500.0,26.560077667236328
2003-12-11,39.61000061035156,38.900001525878906,38.900001525878906,39.560001373291016,3057400.0,27.03156852722168
2003-12-12,39.4900016784668,38.900001525878906,39.4900016784668,39.369998931884766,2608500.0,26.9017276763916
2003-12-15,39.869998931884766,39.20000076293945,39.72999954223633,39.20000076293945,2758700.0,26.785564422607422
2003-12-16,39.9900016784668,39.16999816894531,39.16999816894531,39.93000030517578,2845500.0,27.284387588500977
2003-12-17,41.09000015258789,39.970001220703125,39.970001220703125,40.86000061035156,5534600.0,27.91985321044922
2003-12-18,41.380001068115234,40.689998626708984,40.97999954223633,41.349998474121094,3143500.0,28.254676818847656
2003-12-19,41.95000076293945,41.150001525878906,41.72999954223633,41.47999954223633,5971500.0,28.343505859375
2003-12-22,41.880001068115234,41.290000915527344,41.4900016784668,41.599998474121094,2771000.0,28.425504684448242
2003-12-23,42.0,41.65999984741211,41.720001220703125,41.939998626708984,2127200.0,28.65781593322754
2003-12-24,41.86000061035156,41.290000915527344,41.599998474121094,41.36000061035156,1341300.0,28.261507034301758
2003-12-26,41.65999984741211,41.349998474121094,41.5,41.470001220703125,502900.0,28.336681365966797
2003-12-29,42.029998779296875,41.369998931884766,41.540000915527344,42.0,1873300.0,28.698829650878906
2003-12-30,43.369998931884766,42.16999816894531,42.650001525878906,42.279998779296875,4884800.0,28.890153884887695
2003-12-31,42.560001373291016,41.88999938964844,42.54999923706055,42.13999938964844,2432900.0,28.794485092163086
2004-01-02,42.70000076293945,41.709999084472656,42.5,41.9900016784668,3146700.0,28.692001342773438
2004-01-05,42.58000183105469,41.939998626708984,42.20000076293945,42.06999969482422,4115500.0,28.74666404724121
2004-01-06,42.0,41.470001220703125,42.0,41.93000030517578,2515800.0,28.651002883911133
2004-01-07,42.650001525878906,41.689998626708984,41.93000030517578,42.279998779296875,4219200.0,28.890153884887695
2004-01-08,43.13999938964844,42.2599983215332,42.5,42.86000061035156,3114600.0,29.28647232055664
2004-01-09,44.529998779296875,42.540000915527344,42.79999923706055,42.63999938964844,4080900.0,29.13614273071289
2004-01-12,42.63999938964844,42.04999923706055,42.63999938964844,42.40999984741211,2449200.0,28.978979110717773
2004-01-13,42.470001220703125,41.599998474121094,42.29999923706055,42.2400016784668,2383600.0,28.862831115722656
2004-01-14,43.29999923706055,42.560001373291016,42.599998474121094,43.11000061035156,2968000.0,29.45729637145996
2004-01-15,43.400001525878906,42.709999084472656,43.20000076293945,43.040000915527344,2353500.0,29.40947151184082
2004-01-16,44.0099983215332,43.060001373291016,43.45000076293945,44.0099983215332,2644100.0,30.072267532348633
2004-01-20,44.709999084472656,42.97999954223633,44.54999923706055,43.18000030517578,5003600.0,29.50511932373047
2004-01-21,43.81999969482422,42.900001525878906,43.22999954223633,43.599998474121094,3585400.0,29.7921142578125
2004-01-22,43.630001068115234,42.880001068115234,43.400001525878906,42.900001525878906,2591800.0,29.313791275024414
2004-01-23,43.08000183105469,41.63999938964844,42.849998474121094,41.849998474121094,4071200.0,28.596330642700195
2004-01-26,42.540000915527344,41.650001525878906,41.849998474121094,42.439998626708984,2867500.0,28.999481201171875
2004-01-27,42.599998474121094,41.650001525878906,42.29999923706055,41.939998626708984,2111800.0,28.65781593322754
2004-01-28,42.599998474121094,41.5,41.95000076293945,41.540000915527344,3394700.0,28.384504318237305
2004-01-29,42.68000030517578,42.0,42.5,42.29999923706055,3339600.0,28.903810501098633
2004-01-30,42.150001525878906,41.52000045776367,42.0,41.75,2648800.0,28.528005599975586
2004-02-02,43.09000015258789,41.599998474121094,41.66999816894531,42.540000915527344,3297800.0,29.06781578063965
2004-02-03,43.47999954223633,42.209999084472656,42.540000915527344,43.099998474121094,3800700.0,29.45046615600586
2004-02-04,44.25,43.04999923706055,43.099998474121094,43.560001373291016,5417700.0,29.764785766601562
2004-02-05,44.45000076293945,43.58000183105469,43.630001068115234,44.36000061035156,3405300.0,30.311431884765625
2004-02-06,45.02000045776367,43.9900016784668,44.36000061035156,44.349998474121094,4877300.0,30.30458641052246
2004-02-09,44.349998474121094,43.720001220703125,44.20000076293945,43.959999084472656,3042800.0,30.038103103637695
2004-02-10,43.900001525878906,43.5,43.81999969482422,43.77000045776367,2803500.0,29.908292770385742
2004-02-11,44.61000061035156,43.31999969482422,43.599998474121094,44.4900016784668,3146000.0,30.518802642822266
2004-02-12,44.47999954223633,44.02000045776367,44.29999923706055,44.369998931884766,1798300.0,30.436473846435547
2004-02-13,44.65999984741211,44.16999816894531,44.20000076293945,44.45000076293945,1935900.0,30.491355895996094
2004-02-17,44.75,44.38999938964844,44.599998474121094,44.599998474121094,2101100.0,30.59424591064453
2004-02-18,45.099998474121094,44.380001068115234,44.900001525878906,44.59000015258789,2962600.0,30.58738899230957
2004-02-19,44.959999084472656,44.400001525878906,44.900001525878906,44.52000045776367,3531800.0,30.539379119873047
2004-02-20,44.939998626708984,44.29999923706055,44.650001525878906,44.34000015258789,3277100.0,30.415903091430664
2004-02-23,44.56999969482422,43.09000015258789,44.540000915527344,43.619998931884766,4039400.0,29.921993255615234
2004-02-24,43.72999954223633,42.900001525878906,43.29999923706055,43.220001220703125,3146900.0,29.647613525390625
2004-02-25,44.060001373291016,43.09000015258789,43.220001220703125,43.81999969482422,3079600.0,30.059202194213867
2004-02-26,43.720001220703125,41.970001220703125,43.0,42.439998626708984,7138600.0,29.112548828125
2004-02-27,43.56999969482422,42.650001525878906,42.650001525878906,43.369998931884766,6752700.0,29.75050163269043
2004-03-01,43.869998931884766,43.0,43.380001068115234,43.77000045776367,2622000.0,30.02488899230957
2004-03-02,43.86000061035156,42.97999954223633,43.54999923706055,43.33000183105469,2843200.0,29.723068237304688
2004-03-03,43.400001525878906,42.959999084472656,43.06999969482422,43.060001373291016,2838400.0,29.537858963012695
2004-03-04,43.0,42.220001220703125,42.869998931884766,42.630001068115234,2423400.0,29.242887496948242
2004-03-05,42.900001525878906,42.13999938964844,42.54999923706055,42.720001220703125,3163700.0,29.30462074279785
2004-03-08,42.849998474121094,42.400001525878906,42.720001220703125,42.41999816894531,2552800.0,29.098833084106445
2004-03-09,42.70000076293945,41.40999984741211,42.20000076293945,41.68000030517578,3561800.0,28.591215133666992
2004-03-10,41.75,40.72999954223633,41.75,41.119998931884766,3745800.0,28.207063674926758
2004-03-11,41.119998931884766,40.06999969482422,41.0,40.150001525878906,3113400.0,27.54167938232422
2004-03-12,40.38999938964844,38.869998931884766,40.08000183105469,40.29999923706055,4599100.0,27.644582748413086
2004-03-15,40.459999084472656,39.43000030517578,39.95000076293945,39.779998779296875,3114000.0,27.287879943847656
2004-03-16,39.59000015258789,38.97999954223633,38.97999954223633,39.40999984741211,3629000.0,27.0340576171875
2004-03-17,39.88999938964844,39.47999954223633,39.54999923706055,39.79999923706055,2581800.0,27.30158805847168
2004-03-18,39.93000030517578,39.29999923706055,39.75,39.720001220703125,2352800.0,27.246715545654297
2004-03-19,40.04999923706055,39.369998931884766,39.720001220703125,39.43000030517578,2732400.0,27.04777717590332
2004-03-22,38.900001525878906,38.040000915527344,38.43000030517578,38.68000030517578,4475800.0,26.533308029174805
2004-03-23,39.88999938964844,38.93000030517578,38.93000030517578,39.11000061035156,3495900.0,26.82826805114746
2004-03-24,39.27000045776367,38.34000015258789,38.72999954223633,39.029998779296875,3381100.0,26.773391723632812
2004-03-25,39.900001525878906,39.099998474121094,39.25,39.720001220703125,2025300.0,27.246715545654297
2004-03-26,39.77000045776367,39.099998474121094,39.52000045776367,39.349998474121094,3591900.0,26.992910385131836
2004-03-29,40.02000045776367,39.599998474121094,39.79999923706055,39.93000030517578,2133500.0,27.390769958496094
2004-03-30,40.43000030517578,39.70000076293945,39.79999923706055,40.33000183105469,2467300.0,27.66514778137207
2004-03-31,41.349998474121094,40.31999969482422,40.5,41.06999969482422,3416500.0,28.172765731811523
2004-04-01,41.27000045776367,40.599998474121094,41.06999969482422,40.77000045776367,2315900.0,27.96698760986328
2004-04-02,42.040000915527344,41.04999923706055,41.099998474121094,41.84000015258789,3273200.0,28.700973510742188
2004-04-05,42.58000183105469,41.849998474121094,41.849998474121094,42.540000915527344,2391800.0,29.1811580657959
2004-04-06,42.400001525878906,42.11000061035156,42.349998474121094,42.36000061035156,1925000.0,29.05768585205078
2004-04-07,42.36000061035156,41.5099983215332,42.15999984741211,41.7599983215332,2845300.0,28.646093368530273
2004-04-08,42.22999954223633,41.20000076293945,41.95000076293945,41.349998474121094,2152000.0,28.364845275878906
2004-04-12,42.189998626708984,41.599998474121094,41.70000076293945,42.150001525878906,1606200.0,28.913618087768555
2004-04-13,42.599998474121094,41.68000030517578,42.16999816894531,41.779998779296875,2586000.0,28.659820556640625
2004-04-14,41.900001525878906,41.41999816894531,41.72999954223633,41.56999969482422,1666800.0,28.51575469970703
2004-04-15,42.029998779296875,41.11000061035156,41.849998474121094,41.529998779296875,1516200.0,28.488330841064453
2004-04-16,42.2400016784668,41.400001525878906,42.029998779296875,41.5,2625100.0,28.467729568481445
2004-04-19,41.709999084472656,41.38999938964844,41.630001068115234,41.4900016784668,1312800.0,28.46088981628418
2004-04-20,41.70000076293945,40.54999923706055,41.470001220703125,40.54999923706055,2292100.0,27.816068649291992
2004-04-21,41.220001220703125,40.310001373291016,40.4900016784668,40.849998474121094,2137500.0,28.021860122680664
2004-04-22,42.630001068115234,41.349998474121094,41.70000076293945,42.27000045776367,3583200.0,28.995939254760742
2004-04-23,42.75,41.869998931884766,42.15999984741211,42.45000076293945,2225600.0,29.119413375854492
2004-04-26,43.5,42.93000030517578,43.150001525878906,43.2400016784668,3311100.0,29.66132926940918
2004-04-27,44.0,43.2400016784668,43.2400016784668,43.54999923706055,2892200.0,29.873971939086914
2004-04-28,44.900001525878906,43.54999923706055,44.04999923706055,44.029998779296875,6048100.0,30.20323944091797
2004-04-29,44.150001525878906,43.06999969482422,44.029998779296875,43.25,2485400.0,29.668190002441406
2004-04-30,43.279998779296875,42.599998474121094,43.25,42.689998626708984,2675700.0,29.28404998779297
2004-05-03,44.0,43.20000076293945,43.25,43.58000183105469,2806900.0,29.89455795288086
2004-05-04,43.65999984741211,43.0099983215332,43.58000183105469,43.279998779296875,3223200.0,29.688762664794922
2004-05-05,44.09000015258789,43.0,43.130001068115234,43.7599983215332,2519100.0,30.018037796020508
2004-05-06,44.29999923706055,43.5,43.68000030517578,43.93000030517578,3401400.0,30.134647369384766
2004-05-07,44.04999923706055,43.310001373291016,43.599998474121094,43.400001525878906,2263900.0,29.771080017089844
2004-05-10,43.279998779296875,42.290000915527344,43.0,42.59000015258789,3666900.0,29.215452194213867
2004-05-11,43.36000061035156,42.40999984741211,42.5,43.18000030517578,3322000.0,29.620174407958984
2004-05-12,43.58000183105469,42.70000076293945,43.20000076293945,43.58000183105469,2763300.0,29.89455795288086
2004-05-13,43.84000015258789,43.18000030517578,43.630001068115234,43.619998931884766,2008300.0,29.921993255615234
2004-05-14,43.59000015258789,42.95000076293945,43.099998474121094,43.439998626708984,2710000.0,29.798526763916016
2004-05-17,43.61000061035156,42.4900016784668,42.70000076293945,42.72999954223633,2454500.0,29.311477661132812
2004-05-18,43.20000076293945,42.70000076293945,42.84000015258789,43.02000045776367,1477200.0,29.510417938232422
2004-05-19,44.11000061035156,43.040000915527344,43.099998474121094,43.380001068115234,3016800.0,29.89634895324707
2004-05-20,43.220001220703125,42.75,43.13999938964844,42.91999816894531,2281200.0,29.57933235168457
2004-05-21,43.459999084472656,43.0,43.150001525878906,43.400001525878906,2493000.0,29.910133361816406
2004-05-24,44.599998474121094,44.02000045776367,44.220001220703125,44.560001373291016,3803600.0,30.70957374572754
2004-05-25,44.91999816894531,44.25,44.54999923706055,44.70000076293945,3989900.0,30.806049346923828
2004-05-26,44.97999954223633,44.130001068115234,44.349998474121094,44.7599983215332,3432900.0,30.847410202026367
2004-05-27,46.619998931884766,44.90999984741211,45.0,46.20000076293945,6691500.0,31.839818954467773
2004-05-28,46.5,45.45000076293945,46.0,45.79999923706055,5323600.0,31.56415367126465
2004-06-01,46.29999923706055,45.5099983215332,45.900001525878906,45.880001068115234,4211300.0,31.619291305541992
2004-06-02,47.220001220703125,45.900001525878906,47.220001220703125,46.75,4115400.0,32.21886444091797
2004-06-03,46.650001525878906,46.099998474121094,46.45000076293945,46.099998474121094,2363100.0,31.77090835571289
2004-06-04,47.029998779296875,46.20000076293945,46.29999923706055,46.900001525878906,2832700.0,32.32225036621094
2004-06-07,48.400001525878906,47.470001220703125,47.5,48.130001068115234,5770800.0,33.169925689697266
2004-06-08,48.130001068115234,47.619998931884766,48.0,48.09000015258789,3664400.0,33.142356872558594
2004-06-09,48.81999969482422,48.04999923706055,48.09000015258789,48.65999984741211,3340400.0,33.53519058227539
2004-06-10,48.83000183105469,48.439998626708984,48.619998931884766,48.75,2532500.0,33.597225189208984
2004-06-14,48.97999954223633,48.369998931884766,48.5,48.83000183105469,4027300.0,33.652366638183594
2004-06-15,49.900001525878906,48.900001525878906,49.900001525878906,49.25,7011800.0,33.94179916381836
2004-06-16,50.0,49.310001373291016,49.470001220703125,49.900001525878906,3370100.0,34.389774322509766
2004-06-17,49.689998626708984,49.34000015258789,49.58000183105469,49.470001220703125,3540400.0,34.09341812133789
2004-06-18,49.95000076293945,49.2400016784668,49.31999969482422,49.79999923706055,4066600.0,34.32085037231445
2004-06-21,49.91999816894531,49.470001220703125,49.650001525878906,49.5,2346100.0,34.11408615112305
2004-06-22,49.790000915527344,49.33000183105469,49.349998474121094,49.66999816894531,2640700.0,34.231266021728516
2004-06-23,50.75,49.400001525878906,49.5,50.66999816894531,3559100.0,34.92041778564453
2004-06-24,50.779998779296875,50.11000061035156,50.2599983215332,50.349998474121094,2463300.0,34.699886322021484
2004-06-25,51.349998474121094,50.400001525878906,50.41999816894531,51.29999923706055,4449200.0,35.35459899902344
2004-06-28,51.4900016784668,50.099998474121094,51.29999923706055,50.209999084472656,2966400.0,34.60340881347656
2004-06-29,50.70000076293945,49.81999969482422,49.9900016784668,50.5099983215332,3127500.0,34.810157775878906
2004-06-30,51.22999954223633,50.41999816894531,50.5099983215332,51.09000015258789,2692000.0,35.20988464355469
2004-07-01,50.529998779296875,49.56999969482422,50.099998474121094,49.900001525878906,3591700.0,34.389774322509766
2004-07-02,49.689998626708984,48.84000015258789,49.52000045776367,49.52000045776367,2820700.0,34.12788772583008
2004-07-06,50.11000061035156,49.06999969482422,49.900001525878906,49.310001373291016,4004200.0,33.983158111572266
2004-07-07,49.83000183105469,49.130001068115234,49.54999923706055,49.38999938964844,2882300.0,34.038291931152344
2004-07-08,50.27000045776367,48.81999969482422,49.38999938964844,49.970001220703125,3536200.0,34.43801498413086
2004-07-09,50.25,49.880001068115234,49.939998626708984,50.040000915527344,2353100.0,34.486244201660156
2004-07-12,50.29999923706055,49.75,49.95000076293945,50.20000076293945,2947400.0,34.59650802612305
2004-07-13,50.369998931884766,49.91999816894531,50.20000076293945,50.2599983215332,2052000.0,34.63787078857422
2004-07-14,50.650001525878906,49.150001525878906,50.2599983215332,49.31999969482422,2811600.0,33.990047454833984
2004-07-15,49.470001220703125,48.34000015258789,49.099998474121094,49.13999938964844,3533600.0,33.86598205566406
2004-07-16,49.61000061035156,49.0,49.599998474121094,49.130001068115234,2191100.0,33.859100341796875
2004-07-19,49.529998779296875,48.47999954223633,49.349998474121094,48.66999816894531,2645900.0,33.542083740234375
2004-07-20,48.86000061035156,48.310001373291016,48.68000030517578,48.7599983215332,2419800.0,33.60411071777344
2004-07-21,49.09000015258789,47.720001220703125,48.70000076293945,47.720001220703125,3197200.0,32.88737487792969
2004-07-22,48.029998779296875,46.400001525878906,47.720001220703125,47.29999923706055,6510000.0,32.59791564941406
2004-07-23,47.380001068115234,46.61000061035156,47.310001373291016,47.060001373291016,2905500.0,32.43251419067383
2004-07-26,47.41999816894531,46.88999938964844,47.099998474121094,47.0,2238500.0,32.391170501708984
2004-07-27,48.349998474121094,47.11000061035156,47.349998474121094,48.220001220703125,2979300.0,33.23194885253906
2004-07-28,49.77000045776367,48.5099983215332,48.7400016784668,49.0099983215332,4192600.0,33.776397705078125
2004-07-29,49.95000076293945,49.209999084472656,49.400001525878906,49.68000030517578,2885700.0,34.23814010620117
2004-07-30,51.25,49.7400016784668,49.900001525878906,50.75,4844300.0,34.97556686401367
2004-08-02,51.04999923706055,50.15999984741211,50.20000076293945,50.90999984741211,2417200.0,35.08583450317383
2004-08-03,51.459999084472656,50.61000061035156,50.939998626708984,50.7599983215332,3477700.0,34.98245620727539
2004-08-04,51.04999923706055,50.29999923706055,50.599998474121094,51.0,3574400.0,35.14786148071289
2004-08-05,51.18000030517578,50.0,51.0,50.0099983215332,2862300.0,34.465576171875
2004-08-06,49.970001220703125,48.27000045776367,49.970001220703125,48.33000183105469,3667000.0,33.30775451660156
2004-08-09,48.939998626708984,48.459999084472656,48.79999923706055,48.7599983215332,2382900.0,33.60411071777344
2004-08-10,49.61000061035156,48.5099983215332,48.5099983215332,49.61000061035156,3542600.0,34.189918518066406
2004-08-11,49.790000915527344,48.529998779296875,49.25,49.68000030517578,2992200.0,34.376739501953125
2004-08-12,49.75,48.63999938964844,49.439998626708984,49.33000183105469,2987600.0,34.13456726074219
2004-08-13,49.79999923706055,49.20000076293945,49.70000076293945,49.720001220703125,2226700.0,34.4044075012207
2004-08-16,51.06999969482422,49.63999938964844,49.720001220703125,50.95000076293945,4286400.0,35.25552749633789
2004-08-17,51.31999969482422,50.18000030517578,51.20000076293945,50.310001373291016,3607200.0,34.81266403198242
2004-08-18,50.75,49.93000030517578,50.290000915527344,50.7400016784668,2006100.0,35.110233306884766
2004-08-19,50.83000183105469,49.95000076293945,50.7400016784668,50.25,2199900.0,34.77114486694336
2004-08-20,50.560001373291016,49.970001220703125,50.0,50.459999084472656,3430000.0,34.91646957397461
2004-08-23,50.7599983215332,50.349998474121094,50.75,50.650001525878906,2112700.0,35.04793930053711
2004-08-24,51.0,50.38999938964844,50.72999954223633,50.90999984741211,1713800.0,35.22784423828125
2004-08-25,52.81999969482422,51.150001525878906,51.54999923706055,52.5,7318100.0,36.32807159423828
2004-08-26,52.650001525878906,51.93000030517578,52.5099983215332,52.06999969482422,3363600.0,36.03052520751953
2004-08-27,52.599998474121094,51.880001068115234,52.130001068115234,51.9900016784668,1457000.0,35.97517776489258
2004-08-30,52.5099983215332,51.810001373291016,51.9900016784668,51.869998931884766,1615000.0,35.892127990722656
2004-08-31,52.220001220703125,51.689998626708984,51.900001525878906,52.220001220703125,2246400.0,36.134315490722656
2004-09-01,52.58000183105469,51.939998626708984,52.099998474121094,52.38999938964844,2275100.0,36.251949310302734
2004-09-02,53.689998626708984,52.36000061035156,52.38999938964844,53.619998931884766,2894000.0,37.103065490722656
2004-09-03,53.95000076293945,53.099998474121094,53.68000030517578,53.099998474121094,2888500.0,36.743228912353516
2004-09-07,54.0099983215332,53.400001525878906,53.400001525878906,53.970001220703125,2965800.0,37.345272064208984
2004-09-08,54.31999969482422,53.599998474121094,53.61000061035156,54.04999923706055,3034500.0,37.400596618652344
2004-09-09,54.16999816894531,53.22999954223633,53.970001220703125,53.2599983215332,2572000.0,36.85395050048828
2004-09-10,54.20000076293945,52.650001525878906,52.849998474121094,54.150001525878906,3128100.0,37.469818115234375
2004-09-13,54.86000061035156,53.810001373291016,54.150001525878906,54.279998779296875,2988800.0,37.55976486206055
2004-09-14,54.4900016784668,53.720001220703125,54.290000915527344,53.91999816894531,1938800.0,37.31065368652344
2004-09-15,54.25,53.33000183105469,54.04999923706055,53.65999984741211,1709100.0,37.1307373046875
2004-09-16,54.56999969482422,53.66999816894531,53.79999923706055,54.52000045776367,2396600.0,37.72584533691406
2004-09-17,55.2400016784668,54.560001373291016,54.72999954223633,55.150001525878906,3318500.0,38.161773681640625
2004-09-20,55.189998626708984,54.41999816894531,54.75,54.7400016784668,2458000.0,37.87807846069336
2004-09-21,55.04999923706055,54.52000045776367,54.709999084472656,54.70000076293945,2631700.0,37.85038757324219
2004-09-22,54.439998626708984,53.40999984741211,54.29999923706055,53.68000030517578,2831300.0,37.144588470458984
2004-09-23,53.25,52.58000183105469,53.20000076293945,53.0,4001900.0,36.67404556274414
2004-09-24,53.400001525878906,52.790000915527344,52.97999954223633,53.13999938964844,2748300.0,36.77090835571289
2004-09-27,53.0,52.29999923706055,52.900001525878906,52.5099983215332,2092500.0,36.33498764038086
2004-09-28,52.720001220703125,51.75,52.5099983215332,52.31999969482422,3510700.0,36.20351028442383
2004-09-29,51.41999816894531,50.5,51.41999816894531,51.0099983215332,5992800.0,35.29704284667969
2004-09-30,51.9900016784668,50.619998931884766,50.849998474121094,51.619998931884766,3846000.0,35.71913528442383
2004-10-01,52.4900016784668,51.41999816894531,51.619998931884766,52.47999954223633,3384700.0,36.31422805786133
2004-10-04,52.869998931884766,50.880001068115234,52.54999923706055,52.31999969482422,4832900.0,36.20351028442383
2004-10-05,52.06999969482422,51.29999923706055,52.0,51.4900016784668,3402200.0,35.62919616699219
2004-10-06,52.36000061035156,51.13999938964844,51.4900016784668,52.36000061035156,2485700.0,36.231204986572266
2004-10-07,52.4900016784668,51.31999969482422,52.4900016784668,51.31999969482422,1998800.0,35.51155090332031
2004-10-08,51.2400016784668,49.88999938964844,51.119998931884766,50.099998474121094,3952100.0,34.66736602783203
2004-10-11,50.4900016784668,49.970001220703125,50.11000061035156,50.2599983215332,2236000.0,34.77806091308594
2004-10-12,50.560001373291016,49.810001373291016,50.27000045776367,50.400001525878906,2509300.0,34.87493896484375
2004-10-13,51.09000015258789,49.91999816894531,50.709999084472656,50.22999954223633,2272300.0,34.757320404052734
2004-10-14,51.0,50.150001525878906,50.150001525878906,50.25,3048600.0,34.77114486694336
2004-10-15,51.279998779296875,50.18000030517578,50.5,50.189998626708984,3467700.0,34.72964096069336
2004-10-18,49.83000183105469,49.25,49.54999923706055,49.59000015258789,3079100.0,34.314449310302734
2004-10-19,50.0,48.849998474121094,49.099998474121094,49.209999084472656,3186000.0,34.051509857177734
2004-10-20,49.54999923706055,48.29999923706055,49.29999923706055,48.959999084472656,3242100.0,33.87852096557617
2004-10-21,49.97999954223633,48.810001373291016,48.95000076293945,49.560001373291016,3704100.0,34.2936897277832
2004-10-22,50.099998474121094,49.06999969482422,49.5,49.5099983215332,2456400.0,34.259098052978516
2004-10-25,49.31999969482422,48.099998474121094,49.04999923706055,49.0,4022100.0,33.90620040893555
2004-10-26,50.16999816894531,48.650001525878906,48.81999969482422,49.97999954223633,3880000.0,34.58433151245117
2004-10-27,51.25,49.79999923706055,51.0,50.099998474121094,5435700.0,34.66736602783203
2004-10-28,50.45000076293945,49.540000915527344,50.11000061035156,49.869998931884766,4138500.0,34.50821304321289
2004-10-29,50.220001220703125,49.79999923706055,49.970001220703125,49.900001525878906,2720200.0,34.52896499633789
2004-11-01,50.16999816894531,49.650001525878906,50.099998474121094,49.95000076293945,2526500.0,34.563568115234375
2004-11-02,50.540000915527344,49.65999984741211,50.04999923706055,49.880001068115234,2806900.0,34.5151252746582
2004-11-03,52.099998474121094,50.939998626708984,51.0,51.150001525878906,5451100.0,35.393924713134766
2004-11-04,50.91999816894531,50.16999816894531,50.849998474121094,50.59000015258789,4875700.0,35.006412506103516
2004-11-05,51.369998931884766,50.40999984741211,50.79999923706055,51.150001525878906,4379900.0,35.393924713134766
2004-11-08,52.47999954223633,51.060001373291016,51.150001525878906,52.06999969482422,4025700.0,36.03052520751953
2004-11-09,52.88999938964844,51.599998474121094,51.849998474121094,52.5099983215332,4092700.0,36.47509002685547
2004-11-10,53.45000076293945,52.7400016784668,52.81999969482422,53.400001525878906,4082800.0,37.09331512451172
2004-11-11,54.31999969482422,53.40999984741211,53.40999984741211,54.29999923706055,4110600.0,37.71847915649414
2004-11-12,54.38999938964844,53.52000045776367,54.20000076293945,53.93000030517578,2654800.0,37.461463928222656
2004-11-15,54.22999954223633,53.61000061035156,53.849998474121094,54.029998779296875,3782300.0,37.53093338012695
2004-11-16,54.15999984741211,53.720001220703125,54.0,54.0,2752200.0,37.51010513305664
2004-11-17,55.220001220703125,54.2400016784668,54.29999923706055,54.75,4262400.0,38.031063079833984
2004-11-18,55.47999954223633,54.650001525878906,55.150001525878906,54.849998474121094,3064900.0,38.10053634643555
2004-11-19,54.849998474121094,53.77000045776367,54.849998474121094,53.77000045776367,2915200.0,37.350318908691406
2004-11-22,53.970001220703125,53.25,53.7599983215332,53.970001220703125,3036900.0,37.4892692565918
2004-11-23,54.34000015258789,53.40999984741211,53.959999084472656,54.33000183105469,3228500.0,37.739315032958984
2004-11-24,54.5,53.7599983215332,54.33000183105469,54.119998931884766,3231200.0,37.593448638916016
2004-11-26,54.2400016784668,53.900001525878906,54.130001068115234,54.02000045776367,1456100.0,37.52397537231445
2004-11-29,54.380001068115234,53.279998779296875,54.02000045776367,53.619998931884766,2666800.0,37.246124267578125
2004-11-30,54.040000915527344,53.439998626708984,53.45000076293945,53.56999969482422,2455500.0,37.21141052246094
2004-12-01,54.70000076293945,53.56999969482422,53.599998474121094,54.70000076293945,2976100.0,37.99633026123047
2004-12-02,54.900001525878906,54.29999923706055,54.5,54.86000061035156,2433500.0,38.10748291015625
2004-12-03,55.290000915527344,54.599998474121094,54.91999816894531,55.2599983215332,3358700.0,38.38533401489258
2004-12-06,55.2599983215332,54.52000045776367,55.2599983215332,54.75,2272900.0,38.031063079833984
2004-12-07,55.0,53.720001220703125,54.75,53.75,2738000.0,37.33644104003906
2004-12-08,53.97999954223633,52.41999816894531,53.95000076293945,52.79999923706055,4284000.0,36.676536560058594
2004-12-09,52.9900016784668,52.20000076293945,52.68000030517578,52.779998779296875,4347100.0,36.66263198852539
2004-12-10,52.9900016784668,52.33000183105469,52.630001068115234,52.41999816894531,4107600.0,36.412574768066406
2004-12-13,54.369998931884766,52.2599983215332,54.369998931884766,52.66999816894531,2921900.0,36.58622360229492
2004-12-14,53.02000045776367,52.4900016784668,52.91999816894531,52.63999938964844,3101600.0,36.565406799316406
2004-12-15,52.779998779296875,52.290000915527344,52.779998779296875,52.400001525878906,3598200.0,36.39869689941406
2004-12-16,52.4900016784668,51.790000915527344,52.400001525878906,52.08000183105469,3512700.0,36.176395416259766
2004-12-17,53.400001525878906,51.97999954223633,52.0,53.099998474121094,5306600.0,36.88490676879883
2004-12-20,53.7599983215332,53.09000015258789,53.099998474121094,53.220001220703125,2348100.0,36.968292236328125
2004-12-21,53.68000030517578,52.720001220703125,53.2599983215332,53.41999816894531,2676400.0,37.10719680786133
2004-12-22,54.290000915527344,53.619998931884766,53.65999984741211,53.90999984741211,1999100.0,37.447566986083984
2004-12-23,53.849998474121094,53.31999969482422,53.75,53.529998779296875,1110900.0,37.183624267578125
2004-12-27,53.650001525878906,52.90999984741211,53.38999938964844,53.150001525878906,1467500.0,36.919654846191406
2004-12-28,53.540000915527344,52.970001220703125,52.970001220703125,53.25,996600.0,36.98910903930664
2004-12-29,52.65999984741211,51.77000045776367,52.650001525878906,52.06999969482422,4026500.0,36.16944885253906
2004-12-30,52.5,51.619998931884766,52.25,51.900001525878906,2591900.0,36.051368713378906
2004-12-31,52.09000015258789,51.689998626708984,51.77000045776367,51.77000045776367,1675700.0,35.96105194091797
2005-01-03,52.25,50.91999816894531,51.849998474121094,50.970001220703125,3749900.0,35.405357360839844
2005-01-04,51.150001525878906,49.880001068115234,51.150001525878906,49.97999954223633,4657900.0,34.71767807006836
2005-01-05,51.130001068115234,49.54999923706055,50.0,50.810001373291016,5336700.0,35.294212341308594
2005-01-06,51.119998931884766,50.34000015258789,50.68000030517578,50.47999954223633,3076700.0,35.064979553222656
2005-01-07,50.849998474121094,50.099998474121094,50.5,50.310001373291016,1957100.0,34.94689178466797
2005-01-10,51.33000183105469,50.099998474121094,50.130001068115234,50.97999954223633,2877800.0,35.41231155395508
2005-01-11,51.099998474121094,50.619998931884766,51.029998779296875,50.81999969482422,2044100.0,35.3011474609375
2005-01-12,51.959999084472656,50.95000076293945,51.0,51.939998626708984,4126100.0,36.07915115356445
2005-01-13,52.150001525878906,50.59000015258789,51.900001525878906,50.630001068115234,4252500.0,35.169193267822266
2005-01-14,50.9900016784668,50.099998474121094,50.599998474121094,50.90999984741211,3084500.0,35.363677978515625
2005-01-18,51.970001220703125,50.45000076293945,50.5,51.880001068115234,3537400.0,36.037479400634766
2005-01-19,51.86000061035156,51.310001373291016,51.599998474121094,51.40999984741211,2723200.0,35.710994720458984
2005-01-20,51.5099983215332,50.880001068115234,51.099998474121094,50.900001525878906,2457500.0,35.35673522949219
2005-01-21,50.97999954223633,50.0099983215332,50.650001525878906,50.06999969482422,2593000.0,34.780189514160156
2005-01-24,50.599998474121094,49.52000045776367,50.33000183105469,49.63999938964844,3019300.0,34.48150634765625
2005-01-25,50.209999084472656,49.52000045776367,50.150001525878906,49.84000015258789,2954600.0,34.620418548583984
2005-01-26,50.34000015258789,49.52000045776367,49.560001373291016,49.86000061035156,3530800.0,34.63433074951172
2005-01-27,51.0,49.540000915527344,49.540000915527344,50.970001220703125,4708800.0,35.405357360839844
2005-01-28,50.97999954223633,49.540000915527344,50.970001220703125,49.91999816894531,3717100.0,34.67598342895508
2005-01-31,50.630001068115234,50.06999969482422,50.25,50.599998474121094,3894400.0,35.14834976196289
2005-02-01,51.18000030517578,50.220001220703125,50.599998474121094,51.040000915527344,2684700.0,35.453975677490234
2005-02-02,52.88999938964844,51.41999816894531,52.20000076293945,52.22999954223633,6095300.0,36.28058624267578
2005-02-03,52.95000076293945,51.939998626708984,52.95000076293945,52.0,4199200.0,36.120826721191406
2005-02-04,52.900001525878906,51.900001525878906,51.95000076293945,52.58000183105469,3324900.0,36.52370834350586
2005-02-07,52.689998626708984,52.29999923706055,52.41999816894531,52.5,3731200.0,36.468143463134766
2005-02-08,53.619998931884766,52.38999938964844,52.650001525878906,53.5,6070700.0,37.16278076171875
2005-02-09,54.15999984741211,53.36000061035156,53.5,54.119998931884766,4835300.0,37.76993942260742
2005-02-10,54.43000030517578,53.630001068115234,54.119998931884766,53.86000061035156,3634700.0,37.58848190307617
2005-02-11,54.29999923706055,53.349998474121094,53.75,54.13999938964844,2204300.0,37.78388977050781
2005-02-14,54.33000183105469,53.720001220703125,54.0099983215332,54.040000915527344,2882800.0,37.714115142822266
2005-02-15,54.81999969482422,54.0099983215332,54.25,54.43000030517578,3302200.0,37.98627853393555
2005-02-16,54.290000915527344,53.79999923706055,54.150001525878906,53.91999816894531,2767500.0,37.63035583496094
2005-02-17,54.45000076293945,53.58000183105469,54.20000076293945,53.65999984741211,4133800.0,37.44889831542969
2005-02-18,53.66999816894531,52.54999923706055,53.66999816894531,52.779998779296875,4805100.0,36.83475875854492
2005-02-22,52.54999923706055,52.06999969482422,52.349998474121094,52.150001525878906,3327100.0,36.39508056640625
2005-02-23,53.11000061035156,52.560001373291016,52.79999923706055,52.720001220703125,4072900.0,36.79288101196289
2005-02-24,53.939998626708984,52.959999084472656,53.20000076293945,53.939998626708984,3890600.0,37.64432144165039
2005-02-25,55.029998779296875,53.33000183105469,53.599998474121094,54.9900016784668,4502800.0,38.377098083496094
2005-02-28,55.04999923706055,54.709999084472656,54.900001525878906,54.970001220703125,4608600.0,38.3631477355957
2005-03-01,55.22999954223633,54.2599983215332,54.97999954223633,54.4900016784668,4279200.0,38.02817916870117
2005-03-02,55.41999816894531,54.369998931884766,54.45000076293945,55.29999923706055,4414100.0,38.59344482421875
2005-03-03,58.06999969482422,55.31999969482422,55.45000076293945,57.41999816894531,8889100.0,40.07299041748047
2005-03-04,58.7400016784668,56.9900016784668,57.630001068115234,58.380001068115234,6625600.0,40.742958068847656
2005-03-07,58.41999816894531,57.25,57.52000045776367,58.29999923706055,6256100.0,40.687129974365234
2005-03-08,58.68000030517578,57.810001373291016,58.310001373291016,58.150001525878906,4604500.0,40.58244705200195
2005-03-09,58.04999923706055,57.439998626708984,57.849998474121094,57.75,3505800.0,40.303279876708984
2005-03-10,58.36000061035156,57.689998626708984,57.7599983215332,57.97999954223633,3411000.0,40.46381759643555
2005-03-11,58.220001220703125,57.20000076293945,57.849998474121094,57.4900016784668,3275100.0,40.121849060058594
2005-03-14,57.9900016784668,57.29999923706055,57.5,57.709999084472656,3272300.0,40.275386810302734
2005-03-15,58.939998626708984,57.630001068115234,57.849998474121094,58.47999954223633,4775300.0,40.81276321411133
2005-03-16,58.52000045776367,56.70000076293945,58.29999923706055,56.77000045776367,4868300.0,39.61935806274414
2005-03-17,57.310001373291016,56.709999084472656,56.75,56.88999938964844,3839200.0,39.703094482421875
2005-03-18,57.189998626708984,56.56999969482422,57.04999923706055,57.15999984741211,5497600.0,39.89155197143555
2005-03-21,57.20000076293945,56.58000183105469,57.0,56.84000015258789,2053200.0,39.6682243347168
2005-03-22,57.70000076293945,56.95000076293945,57.0,57.220001220703125,3646500.0,39.93339538574219
2005-03-23,57.400001525878906,56.619998931884766,57.22999954223633,56.849998474121094,3041300.0,39.67518997192383
2005-03-24,57.2400016784668,56.66999816894531,57.02000045776367,56.79999923706055,1806400.0,39.640296936035156
2005-03-28,58.130001068115234,57.2599983215332,57.29999923706055,58.099998474121094,3104100.0,40.547550201416016
2005-03-29,58.16999816894531,57.0,57.72999954223633,57.25,5307200.0,39.9543571472168
2005-03-30,58.79999923706055,57.25,57.25,58.790000915527344,3652600.0,41.02910232543945
2005-03-31,58.790000915527344,57.939998626708984,58.790000915527344,58.459999084472656,3385300.0,40.798789978027344
2005-04-01,59.119998931884766,58.29999923706055,58.54999923706055,58.779998779296875,3853800.0,41.02210998535156
2005-04-04,58.720001220703125,58.0099983215332,58.599998474121094,58.33000183105469,2961100.0,40.70808029174805
2005-04-05,59.45000076293945,58.04999923706055,58.31999969482422,58.33000183105469,4414900.0,40.70808029174805
2005-04-06,58.779998779296875,58.349998474121094,58.720001220703125,58.43000030517578,2595600.0,40.7778434753418
2005-04-07,59.13999938964844,58.29999923706055,58.45000076293945,59.0099983215332,3491900.0,41.18263244628906
2005-04-08,59.0099983215332,58.41999816894531,59.0,58.599998474121094,2527400.0,40.89649200439453
2005-04-11,59.810001373291016,58.75,58.75,59.400001525878906,4269300.0,41.454811096191406
2005-04-12,59.54999923706055,57.75,59.400001525878906,58.45000076293945,6787500.0,40.79182052612305
2005-04-13,59.04999923706055,58.45000076293945,58.650001525878906,58.66999816894531,3825800.0,40.945350646972656
2005-04-14,59.31999969482422,58.130001068115234,59.04999923706055,58.15999984741211,3730000.0,40.58942794799805
2005-04-15,58.4900016784668,57.0,58.04999923706055,57.0,3339600.0,39.77986145019531
2005-04-18,57.31999969482422,56.220001220703125,56.650001525878906,56.91999816894531,3497700.0,39.72404479980469
2005-04-19,58.36000061035156,56.619998931884766,56.93000030517578,58.09000015258789,3570000.0,40.54057693481445
2005-04-20,58.369998931884766,57.22999954223633,58.099998474121094,57.22999954223633,3940900.0,39.94039535522461
2005-04-21,59.08000183105469,57.720001220703125,57.849998474121094,59.08000183105469,3354900.0,41.231483459472656
2005-04-22,58.84000015258789,57.2400016784668,58.54999923706055,57.880001068115234,3050700.0,40.39402770996094
2005-04-25,59.7599983215332,58.79999923706055,58.79999923706055,59.58000183105469,3492300.0,41.580448150634766
2005-04-26,60.0,58.150001525878906,59.849998474121094,59.0,5073300.0,41.1756591796875
2005-04-27,60.099998474121094,58.25,58.4900016784668,59.65999984741211,7408000.0,41.636260986328125
2005-04-28,60.0,58.61000061035156,60.0,58.720001220703125,4778800.0,40.98025131225586
2005-04-29,59.599998474121094,58.2599983215332,59.029998779296875,59.52000045776367,3698600.0,41.53855895996094
2005-05-02,59.880001068115234,58.900001525878906,59.52000045776367,59.380001068115234,4266800.0,41.440860748291016
2005-05-03,60.400001525878906,59.22999954223633,59.650001525878906,59.869998931884766,4469400.0,41.782814025878906
2005-05-04,60.47999954223633,59.63999938964844,59.75,60.279998779296875,3287500.0,42.06895065307617
2005-05-05,60.380001068115234,59.59000015258789,60.099998474121094,59.7400016784668,3144000.0,41.692108154296875
2005-05-06,61.25,60.130001068115234,60.18000030517578,61.0099983215332,3279200.0,42.57842254638672
2005-05-09,60.959999084472656,60.15999984741211,60.75,60.560001373291016,3871300.0,42.264366149902344
2005-05-10,62.5,60.5,60.560001373291016,61.040000915527344,9135400.0,42.59935760498047
2005-05-11,61.380001068115234,59.5099983215332,61.04999923706055,60.400001525878906,5590900.0,42.3260498046875
2005-05-12,61.25,60.2599983215332,60.529998779296875,60.4900016784668,5362500.0,42.38913345336914
2005-05-13,60.88999938964844,58.619998931884766,60.88999938964844,59.5,4180500.0,41.69536590576172
2005-05-16,60.4900016784668,59.529998779296875,59.70000076293945,60.40999984741211,2244300.0,42.333072662353516
2005-05-17,60.970001220703125,60.220001220703125,60.5,60.90999984741211,3440300.0,42.68344497680664
2005-05-18,62.5099983215332,61.16999816894531,61.16999816894531,61.689998626708984,4602800.0,43.23004150390625
2005-05-19,62.27000045776367,60.97999954223633,62.04999923706055,61.349998474121094,3531700.0,42.991790771484375
2005-05-20,62.2400016784668,61.5099983215332,61.75,61.900001525878906,3716900.0,43.37721633911133
2005-05-23,62.119998931884766,61.540000915527344,61.95000076293945,61.63999938964844,3197700.0,43.19499588012695
2005-05-24,62.59000015258789,61.220001220703125,61.400001525878906,62.25,3656800.0,43.622474670410156
2005-05-25,61.79999923706055,61.119998931884766,61.72999954223633,61.45000076293945,3101500.0,43.061859130859375
2005-05-26,63.0,61.95000076293945,62.04999923706055,62.9900016784668,2998900.0,44.14103317260742
2005-05-27,63.400001525878906,62.81999969482422,63.0,63.02000045776367,2591500.0,44.16206741333008
2005-05-31,64.19999694824219,62.90999984741211,63.0099983215332,63.900001525878906,4241200.0,44.77873229980469
2005-06-01,64.05000305175781,63.349998474121094,63.95000076293945,63.79999923706055,3613800.0,44.708641052246094
2005-06-02,64.5,63.5099983215332,63.79999923706055,64.37999725341797,2667400.0,45.11508560180664
2005-06-03,64.98999786376953,64.0999984741211,64.16000366210938,64.66000366210938,4526900.0,45.311302185058594
2005-06-06,65.76000213623047,64.63999938964844,64.87999725341797,65.55000305175781,4055000.0,45.93498992919922
2005-06-07,66.08999633789062,65.27999877929688,65.58000183105469,65.27999877929688,6010100.0,45.745784759521484
2005-06-08,65.44999694824219,64.23999786376953,65.06999969482422,64.47000122070312,4191000.0,45.17816162109375
2005-06-09,65.19000244140625,64.04000091552734,64.4800033569336,65.11000061035156,3461400.0,45.62665939331055
2005-06-10,65.05999755859375,64.11000061035156,65.05000305175781,64.6500015258789,3192300.0,45.304298400878906
2005-06-13,65.3499984741211,63.91999816894531,65.05000305175781,64.62999725341797,5477400.0,45.290279388427734
2005-06-14,64.80000305175781,62.849998474121094,64.68000030517578,62.93000030517578,6143900.0,44.09898376464844
2005-06-15,64.41000366210938,63.209999084472656,63.400001525878906,64.41000366210938,3944800.0,45.13612365722656
2005-06-16,64.26000213623047,63.650001525878906,64.25,63.689998626708984,2825700.0,44.63157272338867
2005-06-17,64.77999877929688,63.70000076293945,64.1500015258789,64.62000274658203,4531600.0,45.28327941894531
2005-06-20,64.0999984741211,63.58000183105469,63.900001525878906,63.66999816894531,2991500.0,44.617549896240234
2005-06-21,63.40999984741211,62.689998626708984,63.400001525878906,62.779998779296875,4041000.0,43.993865966796875
2005-06-22,63.369998931884766,62.20000076293945,62.400001525878906,63.130001068115234,3498200.0,44.239139556884766
2005-06-23,63.189998626708984,61.790000915527344,63.13999938964844,61.86000061035156,2894100.0,43.34916305541992
2005-06-24,61.90999984741211,60.5,61.599998474121094,60.59000015258789,4432100.0,42.459197998046875
2005-06-27,61.810001373291016,59.70000076293945,60.349998474121094,61.7599983215332,6830500.0,43.27910232543945
2005-06-28,62.45000076293945,61.27000045776367,62.099998474121094,62.45000076293945,3937100.0,43.76262664794922
2005-06-29,62.630001068115234,61.400001525878906,62.45000076293945,61.66999816894531,3215800.0,43.216033935546875
2005-06-30,66.8499984741211,64.30000305175781,65.5,66.0,17247000.0,46.25033950805664
2005-07-01,65.95999908447266,64.44000244140625,65.77999877929688,64.68000030517578,6861500.0,45.32532501220703
2005-07-05,65.44000244140625,64.16999816894531,64.30000305175781,65.41999816894531,3317300.0,45.84387969970703
2005-07-06,66.11000061035156,64.19999694824219,65.5,64.29000091552734,3954300.0,45.052005767822266
2005-07-07,65.18000030517578,63.45000076293945,63.97999954223633,65.18000030517578,5567400.0,45.67569351196289
2005-07-08,65.23999786376953,64.51000213623047,65.06999969482422,65.06999969482422,3715300.0,45.59861755371094
2005-07-11,65.48999786376953,64.77999877929688,65.25,64.97000122070312,2037100.0,45.52853775024414
2005-07-12,64.97000122070312,64.1500015258789,64.95999908447266,64.30000305175781,2920800.0,45.05903244018555
2005-07-13,64.88999938964844,64.19999694824219,64.30000305175781,64.58000183105469,3112700.0,45.255252838134766
2005-07-14,65.2300033569336,64.37000274658203,64.94999694824219,64.58000183105469,2257000.0,45.255252838134766
2005-07-15,64.87999725341797,64.2300033569336,64.58000183105469,64.75,2023300.0,45.37437438964844
2005-07-18,64.86000061035156,64.25,64.75,64.73999786376953,1902500.0,45.367366790771484
2005-07-19,65.5,64.62999725341797,65.0,64.88999938964844,2226400.0,45.47248458862305
2005-07-20,66.27999877929688,64.62999725341797,64.88999938964844,66.08000183105469,2610000.0,46.3063850402832
2005-07-21,66.30999755859375,65.69000244140625,66.18000030517578,65.70999908447266,4864100.0,46.04710388183594
2005-07-22,66.29000091552734,65.26000213623047,65.4000015258789,66.19999694824219,2629100.0,46.39048767089844
2005-07-25,66.79000091552734,65.9800033569336,66.0,66.05000305175781,2962700.0,46.285369873046875
2005-07-26,67.12000274658203,66.12999725341797,66.61000061035156,66.3499984741211,4117700.0,46.49559783935547
2005-07-27,67.94999694824219,66.56999969482422,67.69999694824219,66.69999694824219,5188800.0,46.74085998535156
2005-07-28,66.7699966430664,65.5999984741211,66.70999908447266,66.0,4947300.0,46.25033950805664
2005-07-29,66.81999969482422,66.01000213623047,66.20999908447266,66.01000213623047,3560000.0,46.257347106933594
2005-08-01,66.48999786376953,65.63999938964844,66.30000305175781,65.75,2367900.0,46.075130462646484
2005-08-02,66.4000015258789,65.69000244140625,65.75,66.33000183105469,2318300.0,46.4815788269043
2005-08-03,66.68000030517578,65.8499984741211,65.9800033569336,66.6500015258789,2238100.0,46.705814361572266
2005-08-04,66.7699966430664,66.01000213623047,66.63999938964844,66.2699966430664,2651100.0,46.43952560424805
2005-08-05,66.5199966430664,66.01000213623047,66.12999725341797,66.19000244140625,2142300.0,46.38346862792969
2005-08-08,66.5,65.63999938964844,66.30000305175781,65.98999786376953,2242400.0,46.24332046508789
2005-08-09,67.48999786376953,65.97000122070312,66.30000305175781,67.12999725341797,3282400.0,47.04218292236328
2005-08-10,67.31999969482422,65.5999984741211,67.16000366210938,65.95999908447266,3096800.0,46.395084381103516
2005-08-11,67.30999755859375,66.04000091552734,66.11000061035156,67.30999755859375,3112400.0,47.34463119506836
2005-08-12,67.5,66.0999984741211,67.30999755859375,66.54000091552734,2823000.0,46.80303955078125
2005-08-15,67.68000030517578,66.3499984741211,66.4000015258789,67.45999908447266,2160100.0,47.45014572143555
2005-08-16,67.72000122070312,66.2699966430664,67.4000015258789,66.2699966430664,3280800.0,46.61311340332031
2005-08-17,67.58000183105469,66.37999725341797,66.38999938964844,67.0199966430664,2432800.0,47.140663146972656
2005-08-18,67.18000030517578,66.20999908447266,66.94000244140625,66.62999725341797,2912600.0,46.8663330078125
2005-08-19,67.44999694824219,66.5199966430664,66.69999694824219,67.1500015258789,2281600.0,47.23209762573242
2005-08-22,68.37999725341797,67.33999633789062,67.38999938964844,67.79000091552734,3433000.0,47.68225860595703
2005-08-23,67.9000015258789,67.1500015258789,67.6500015258789,67.43000030517578,2310200.0,47.429054260253906
2005-08-24,67.94999694824219,67.08000183105469,67.30000305175781,67.12999725341797,3524400.0,47.21803665161133
2005-08-25,67.4000015258789,67.05000305175781,67.12999725341797,67.20999908447266,2529100.0,47.27430725097656
2005-08-26,67.1500015258789,66.08999633789062,67.1500015258789,66.30999755859375,2822300.0,46.64125061035156
2005-08-29,67.66000366210938,66.06999969482422,66.0999984741211,67.58000183105469,2974400.0,47.534549713134766
2005-08-30,67.55000305175781,66.44999694824219,67.30000305175781,66.73999786376953,3158600.0,46.9437255859375
2005-08-31,67.0999984741211,66.04000091552734,66.9000015258789,67.0199966430664,3137700.0,47.140663146972656
2005-09-01,66.8499984741211,65.87000274658203,66.6500015258789,65.98999786376953,4073800.0,46.41618347167969
2005-09-02,64.93000030517578,63.95000076293945,64.87000274658203,64.33999633789062,6810400.0,45.255592346191406
2005-09-06,65.44999694824219,64.25,64.37000274658203,65.02999877929688,4783600.0,45.740936279296875
2005-09-07,64.81999969482422,64.0,64.80000305175781,64.5,4501900.0,45.36813735961914
2005-09-08,64.9000015258789,64.31999969482422,64.80000305175781,64.58999633789062,4331600.0,45.43144989013672
2005-09-09,65.62999725341797,64.7699966430664,64.83000183105469,65.4000015258789,4205100.0,46.00118637084961
2005-09-12,65.44999694824219,64.73999786376953,65.1500015258789,65.13999938964844,2733300.0,45.81831359863281
2005-09-13,65.6500015258789,65.11000061035156,65.13999938964844,65.4000015258789,2891500.0,46.00118637084961
2005-09-14,65.69000244140625,63.970001220703125,65.41000366210938,64.18000030517578,3534900.0,45.14305877685547
2005-09-15,65.19999694824219,63.95000076293945,64.19000244140625,65.08000183105469,4252500.0,45.77610778808594
2005-09-16,65.44999694824219,64.47000122070312,65.44999694824219,64.80000305175781,5205900.0,45.57915496826172
2005-09-19,64.5999984741211,63.029998779296875,64.5,64.0999984741211,3725400.0,45.08677673339844
2005-09-20,64.45999908447266,63.34000015258789,63.849998474121094,63.45000076293945,3842600.0,44.62958526611328
2005-09-21,63.31999969482422,62.0099983215332,62.470001220703125,62.40999984741211,4645800.0,43.898075103759766
2005-09-22,62.810001373291016,62.04999923706055,62.349998474121094,62.5099983215332,3215700.0,43.96841812133789
2005-09-23,63.45000076293945,62.400001525878906,62.560001373291016,63.20000076293945,3297800.0,44.453739166259766
2005-09-26,65.94999694824219,64.23999786376953,65.5,64.66999816894531,5909100.0,45.48771286010742
2005-09-27,66.70999908447266,64.86000061035156,64.98999786376953,66.55000305175781,5461200.0,46.81007766723633
2005-09-28,67.33000183105469,66.30999755859375,66.5,67.20999908447266,4806800.0,47.27430725097656
2005-09-29,67.3499984741211,66.37000274658203,66.94999694824219,67.27999877929688,2482700.0,47.32353591918945
2005-09-30,68.25,66.80000305175781,67.1500015258789,67.94999694824219,3151400.0,47.79482650756836
2005-10-03,67.98999786376953,67.0,67.91999816894531,67.13999938964844,3238800.0,47.22505187988281
2005-10-04,68.4800033569336,67.44999694824219,67.44999694824219,67.94999694824219,3693600.0,47.79482650756836
2005-10-05,67.66000366210938,66.87000274658203,67.44999694824219,67.05000305175781,3579300.0,47.161773681640625
2005-10-06,68.23999786376953,67.31999969482422,67.55000305175781,67.93000030517578,3787900.0,47.780731201171875
2005-10-07,67.70999908447266,66.6500015258789,67.70999908447266,67.30000305175781,3607600.0,47.33760070800781
2005-10-10,68.06999969482422,66.72000122070312,67.05999755859375,67.9000015258789,2435400.0,47.75963592529297
2005-10-11,67.79000091552734,66.55999755859375,67.55000305175781,66.69999694824219,3213500.0,46.915592193603516
2005-10-12,67.9000015258789,66.69999694824219,66.80000305175781,67.6500015258789,4424500.0,47.58379364013672
2005-10-13,67.62000274658203,66.23999786376953,67.2699966430664,66.48999786376953,4219300.0,46.767852783203125
2005-10-14,67.77999877929688,66.5999984741211,66.61000061035156,67.5,4260700.0,47.47828674316406
2005-10-17,67.44999694824219,66.45999908447266,67.1500015258789,67.23999786376953,4333800.0,47.295406341552734
2005-10-18,67.33999633789062,66.55000305175781,67.11000061035156,67.12000274658203,4779400.0,47.210994720458984
2005-10-19,68.4000015258789,66.81999969482422,66.87000274658203,68.37000274658203,4449300.0,48.090232849121094
2005-10-20,68.9800033569336,67.19000244140625,68.5,67.30000305175781,4343600.0,47.33760070800781
2005-10-21,67.55000305175781,65.83000183105469,67.27999877929688,66.0199966430664,7277400.0,46.43727493286133
2005-10-24,67.77999877929688,66.25,66.5,67.31999969482422,4353200.0,47.35167694091797
2005-10-25,67.3499984741211,66.51000213623047,67.3499984741211,66.97000122070312,2899300.0,47.10548782348633
2005-10-26,66.19999694824219,64.22000122070312,65.4000015258789,65.0999984741211,10236200.0,45.790157318115234
2005-10-27,65.11000061035156,63.95000076293945,65.0999984741211,64.05000305175781,5328000.0,45.05162048339844
2005-10-28,65.75,63.70000076293945,64.25,65.63999938964844,5222300.0,46.16999053955078
2005-10-31,66.58000183105469,64.5999984741211,65.80000305175781,64.63999938964844,6685200.0,45.46660614013672
2005-11-01,65.69999694824219,64.68000030517578,65.0,65.05000305175781,5642600.0,45.75501251220703
2005-11-02,64.94999694824219,64.19999694824219,64.72000122070312,64.69999694824219,5864600.0,45.508811950683594
2005-11-03,65.5999984741211,64.4000015258789,64.4000015258789,65.5,5364800.0,46.0715217590332
2005-11-04,65.70999908447266,65.0199966430664,65.19999694824219,65.27999877929688,3560300.0,45.91679382324219
2005-11-07,65.70999908447266,65.30000305175781,65.4800033569336,65.69000244140625,2994000.0,46.20516586303711
2005-11-08,65.1500015258789,64.5199966430664,65.05000305175781,65.01000213623047,2808800.0,45.90155792236328
2005-11-09,65.31999969482422,64.55999755859375,65.0999984741211,64.70999908447266,3530500.0,45.68973922729492
2005-11-10,66.11000061035156,64.73999786376953,64.7699966430664,66.0999984741211,3237700.0,46.67116928100586
2005-11-11,65.93000030517578,65.30000305175781,65.80000305175781,65.3499984741211,2642000.0,46.14160919189453
2005-11-14,66.61000061035156,64.94000244140625,65.25,66.2300033569336,3942600.0,46.762969970703125
2005-11-15,67.08000183105469,66.0,66.20999908447266,67.0,5230400.0,47.306636810302734
2005-11-16,68.0999984741211,67.0999984741211,67.0999984741211,67.44000244140625,4628300.0,47.61729049682617
2005-11-17,68.19000244140625,67.51000213623047,67.91999816894531,67.6500015258789,4269200.0,47.76557922363281
2005-11-18,68.0999984741211,66.75,67.94999694824219,66.94999694824219,5623600.0,47.271331787109375
2005-11-21,69.4800033569336,67.9000015258789,68.12999725341797,69.0,7738600.0,48.718753814697266
2005-11-22,69.0999984741211,68.08999633789062,69.01000213623047,69.0999984741211,4238900.0,48.78937911987305
2005-11-23,69.9000015258789,68.88999938964844,68.94999694824219,69.44000244140625,2662700.0,49.029449462890625
2005-11-25,69.6500015258789,68.83000183105469,69.5999984741211,69.05999755859375,959700.0,48.761138916015625
2005-11-28,69.1500015258789,68.4000015258789,69.01000213623047,68.62999725341797,2581100.0,48.45751190185547
2005-11-29,69.68000030517578,69.0,69.0999984741211,69.12999725341797,2822100.0,48.810550689697266
2005-11-30,69.56999969482422,68.18000030517578,69.44999694824219,68.19000244140625,3781600.0,48.146846771240234
2005-12-01,69.7699966430664,68.31999969482422,68.3499984741211,69.66999816894531,3042000.0,49.19184875488281
2005-12-02,70.0,69.37000274658203,69.81999969482422,69.44000244140625,3237500.0,49.029449462890625
2005-12-05,69.5999984741211,68.69999694824219,69.44999694824219,69.19999694824219,3893300.0,48.859981536865234
2005-12-06,70.0,69.43000030517578,69.6500015258789,69.56999969482422,3730900.0,49.1212272644043
2005-12-07,69.95999908447266,69.08000183105469,69.61000061035156,69.6500015258789,3850400.0,49.17770767211914
2005-12-08,70.22000122070312,69.23999786376953,69.66000366210938,70.06999969482422,3958200.0,49.47426223754883
2005-12-09,70.16999816894531,69.5199966430664,70.06999969482422,69.6500015258789,4014600.0,49.17770767211914
2005-12-12,70.23999786376953,69.54000091552734,70.0,70.19000244140625,2654900.0,49.55898666381836
2005-12-13,70.94000244140625,69.9000015258789,70.0,70.58999633789062,2733800.0,49.8414192199707
2005-12-14,71.9800033569336,70.80999755859375,71.0,71.44999694824219,4900100.0,50.44866180419922
2005-12-15,71.9800033569336,70.7300033569336,71.44999694824219,70.79000091552734,3567700.0,49.982627868652344
2005-12-16,71.19999694824219,70.4800033569336,71.05000305175781,70.75,6021000.0,49.95439529418945
2005-12-19,70.75,69.5999984741211,70.75,69.97000122070312,3686100.0,49.40365982055664
2005-12-20,71.08999633789062,70.1500015258789,70.19999694824219,70.73999786376953,2657300.0,49.947322845458984
2005-12-21,71.51000213623047,70.37999725341797,70.97000122070312,70.38999938964844,2974700.0,49.700218200683594
2005-12-22,71.38999938964844,70.83000183105469,70.94999694824219,71.31999969482422,2235300.0,50.356842041015625
2005-12-23,72.05000305175781,71.41999816894531,71.94999694824219,71.48999786376953,2631300.0,50.476871490478516
2005-12-27,72.4000015258789,70.47000122070312,71.9000015258789,70.52999877929688,2676300.0,49.79905700683594
2005-12-28,71.2300033569336,70.69000244140625,70.86000061035156,70.95999908447266,1717000.0,50.1026611328125
2005-12-29,71.62000274658203,71.13999938964844,71.19999694824219,71.18000030517578,1939500.0,50.25800704956055
2005-12-30,71.05999755859375,70.16000366210938,71.05000305175781,70.23999786376953,1825400.0,49.59428024291992
2006-01-03,70.5999984741211,69.33000183105469,70.4000015258789,70.44000244140625,4943000.0,49.73551940917969
2006-01-04,71.2699966430664,69.86000061035156,70.08000183105469,71.16999816894531,3165000.0,50.25094985961914
2006-01-05,70.55000305175781,69.58000183105469,70.55000305175781,70.33000183105469,4598100.0,49.6578483581543
2006-01-06,70.5,69.05000305175781,70.33999633789062,69.3499984741211,4820000.0,48.96588897705078
2006-01-09,69.4000015258789,68.66000366210938,69.27999877929688,68.7699966430664,4567300.0,48.55636978149414
2006-01-10,69.23999786376953,68.56999969482422,68.80000305175781,69.0999984741211,3869000.0,48.78937911987305
2006-01-11,70.30000305175781,69.11000061035156,69.97000122070312,70.0999984741211,5011600.0,49.49544143676758
2006-01-12,70.44999694824219,69.54000091552734,70.25,69.69000244140625,2347000.0,49.205970764160156
2006-01-13,70.19999694824219,68.79000091552734,69.63999938964844,69.4800033569336,2963700.0,49.05769348144531
2006-01-17,69.4000015258789,68.66000366210938,69.06999969482422,68.69000244140625,2712900.0,48.49989700317383
2006-01-18,68.91999816894531,68.05000305175781,68.55000305175781,68.33000183105469,2650700.0,48.24571228027344
2006-01-19,68.48999786376953,67.72000122070312,68.16000366210938,68.16999816894531,2642700.0,48.13272476196289
2006-01-20,68.16000366210938,66.48999786376953,68.0999984741211,66.5,6433800.0,46.9536018371582
2006-01-23,67.33999633789062,65.9000015258789,65.9000015258789,67.0199966430664,4067400.0,47.32075119018555
2006-01-24,67.87999725341797,67.12999725341797,67.41000366210938,67.66000366210938,3581900.0,47.77263641357422
2006-01-25,67.91000366210938,66.91000366210938,67.70999908447266,66.91000366210938,3722700.0,47.24307632446289
2006-01-26,68.75,67.31999969482422,67.44000244140625,68.72000122070312,4768300.0,48.52106475830078
2006-01-27,69.25,67.98999786376953,68.38999938964844,68.55999755859375,3954700.0,48.40808868408203
2006-01-30,69.05000305175781,68.19999694824219,68.5199966430664,69.02999877929688,2048100.0,48.739952087402344
2006-01-31,69.05000305175781,68.30999755859375,69.0,68.30999755859375,4090500.0,48.231590270996094
2006-02-01,72.16999816894531,70.0,70.0,71.62000274658203,11806000.0,50.568687438964844
2006-02-02,72.30000305175781,71.30000305175781,71.3499984741211,71.69999694824219,6602900.0,50.62517166137695
2006-02-03,72.08999633789062,70.86000061035156,71.69999694824219,70.87000274658203,3786800.0,50.03912353515625
2006-02-06,71.63999938964844,70.30000305175781,70.6500015258789,71.13999938964844,3162900.0,50.229766845703125
2006-02-07,72.05000305175781,71.16000366210938,71.30000305175781,71.55000305175781,4246300.0,50.519248962402344
2006-02-08,71.93000030517578,71.0,71.25,71.76000213623047,2890800.0,50.88086700439453
2006-02-09,72.76000213623047,71.37000274658203,71.7699966430664,72.01000213623047,4149200.0,51.05813217163086
2006-02-10,72.69999694824219,72.02999877929688,72.0999984741211,72.52999877929688,2813100.0,51.426815032958984
2006-02-13,72.63999938964844,71.81999969482422,71.94999694824219,72.11000061035156,3294600.0,51.129024505615234
2006-02-14,72.86000061035156,71.93000030517578,72.3499984741211,72.70999908447266,4160300.0,51.5544548034668
2006-02-15,72.73999786376953,72.05000305175781,72.37000274658203,72.44999694824219,2797800.0,51.370113372802734
2006-02-16,72.93000030517578,72.19999694824219,72.6500015258789,72.55000305175781,2216800.0,51.44100570678711
2006-02-17,73.0,72.27999877929688,72.55000305175781,72.95999908447266,2670700.0,51.731693267822266
2006-02-21,73.4000015258789,72.6500015258789,73.1500015258789,73.05000305175781,3333000.0,51.79552459716797
2006-02-22,74.61000061035156,73.05999755859375,73.05999755859375,74.38999938964844,5008400.0,52.745635986328125
2006-02-23,74.19999694824219,73.77999877929688,73.94999694824219,73.9000015258789,2574200.0,52.39820098876953
2006-02-24,74.58999633789062,73.30999755859375,73.6500015258789,74.30999755859375,2646200.0,52.68890380859375
2006-02-27,74.88999938964844,74.0,74.05000305175781,74.12999725341797,1974100.0,52.56129455566406
2006-02-28,74.0,72.36000061035156,73.9000015258789,72.69000244140625,3903000.0,51.540279388427734
2006-03-01,73.08000183105469,72.25,72.55999755859375,72.94999694824219,2047000.0,51.724613189697266
2006-03-02,73.3499984741211,72.33999633789062,72.75,72.80000305175781,1781000.0,51.6182746887207
2006-03-03,74.4000015258789,72.51000213623047,72.80999755859375,73.38999938964844,2707900.0,52.036598205566406
2006-03-06,73.70999908447266,72.30000305175781,73.69999694824219,72.62999725341797,2347000.0,51.497703552246094
2006-03-07,73.2300033569336,72.37000274658203,72.66000366210938,73.16000366210938,1919400.0,51.873531341552734
2006-03-08,72.86000061035156,71.9000015258789,72.8499984741211,72.81999969482422,3173300.0,51.6324577331543
2006-03-09,74.25,72.5,72.75,73.76000213623047,3000600.0,52.298954010009766
2006-03-10,74.9000015258789,73.19999694824219,73.7699966430664,74.79000091552734,3029100.0,53.02927017211914
2006-03-13,75.9000015258789,74.5,75.20999908447266,74.83999633789062,3658300.0,53.064693450927734
2006-03-14,75.62999725341797,74.72000122070312,74.83999633789062,75.44999694824219,2602500.0,53.49720764160156
2006-03-15,76.30000305175781,75.2699966430664,75.4000015258789,76.05000305175781,2594900.0,53.922664642333984
2006-03-16,77.05000305175781,76.0999984741211,76.25,76.7300033569336,2633500.0,54.404815673828125
2006-03-17,78.08000183105469,77.05000305175781,77.19999694824219,77.8499984741211,4535500.0,55.19893264770508
2006-03-20,78.86000061035156,77.83000183105469,78.5,78.18000030517578,3363400.0,55.43290328979492
2006-03-21,79.19999694824219,78.25,78.80000305175781,78.26000213623047,4118800.0,55.48964309692383
2006-03-22,78.80000305175781,78.3499984741211,78.5999984741211,78.61000061035156,2525300.0,55.73778533935547
2006-03-23,78.62000274658203,77.51000213623047,78.61000061035156,77.9000015258789,2285900.0,55.23438262939453
2006-03-24,79.11000061035156,78.05000305175781,78.05000305175781,78.7300033569336,2947500.0,55.8228759765625
2006-03-27,78.75,77.81999969482422,78.7300033569336,78.38999938964844,3137900.0,55.58181381225586
2006-03-28,79.0,77.37000274658203,78.51000213623047,77.51000213623047,2901700.0,54.95785140991211
2006-03-29,79.4800033569336,77.86000061035156,77.94999694824219,79.18000030517578,4044000.0,56.141963958740234
2006-03-30,79.5,78.05999755859375,78.94999694824219,78.41999816894531,3002400.0,55.60306930541992
2006-03-31,78.91999816894531,77.80999755859375,78.5999984741211,77.93000030517578,2294300.0,55.255645751953125
2006-04-03,79.12999725341797,78.01000213623047,78.25,78.01000213623047,3303500.0,55.312374114990234
2006-04-04,78.8499984741211,77.5,78.58000183105469,78.5999984741211,2598500.0,55.7307014465332
2006-04-05,79.19000244140625,77.81999969482422,78.8499984741211,79.11000061035156,3085100.0,56.09231948852539
2006-04-06,80.12999725341797,79.22000122070312,79.22000122070312,79.81999969482422,2910700.0,56.59573745727539
2006-04-07,80.37000274658203,78.72000122070312,79.98999786376953,79.56999969482422,2709900.0,56.41846466064453
2006-04-10,80.91999816894531,79.61000061035156,79.62000274658203,80.79000091552734,2808100.0,57.283512115478516
2006-04-11,80.70999908447266,79.70999908447266,80.62999725341797,80.56999969482422,2748000.0,57.12751770019531
2006-04-12,84.2300033569336,81.11000061035156,81.12000274658203,83.20999908447266,6518900.0,58.99940490722656
2006-04-13,83.69999694824219,82.80999755859375,83.69999694824219,82.93000030517578,3230700.0,58.80086135864258
2006-04-17,83.98999786376953,81.94999694824219,83.19999694824219,82.3499984741211,3318000.0,58.389617919921875
2006-04-18,83.37000274658203,81.87999725341797,82.41999816894531,83.30000305175781,4339800.0,59.063201904296875
2006-04-19,84.98999786376953,83.69999694824219,83.75,84.95999908447266,3359900.0,60.24020004272461
2006-04-20,86.26000213623047,84.70999908447266,84.70999908447266,85.5,4445900.0,60.62307357788086
2006-04-21,86.58000183105469,85.86000061035156,86.19999694824219,86.45999908447266,4202800.0,61.30377960205078
2006-04-24,87.25,86.0999984741211,86.66000366210938,86.0999984741211,3623600.0,61.04853820800781
2006-04-25,86.4800033569336,84.9000015258789,86.3499984741211,85.11000061035156,4649400.0,60.3465576171875
2006-04-26,86.0999984741211,83.19999694824219,84.16000366210938,84.91000366210938,6190800.0,60.20475769042969
2006-04-27,84.69999694824219,83.0999984741211,84.54000091552734,84.0999984741211,3906500.0,59.63045120239258
2006-04-28,84.66000366210938,83.01000213623047,84.27999877929688,83.44999694824219,3863800.0,59.16958236694336
2006-05-01,84.12000274658203,82.81999969482422,83.44999694824219,83.86000061035156,3928200.0,59.46027755737305
2006-05-02,85.81999969482422,83.86000061035156,84.26000213623047,85.33000183105469,3012300.0,60.5025634765625
2006-05-03,86.02999877929688,85.22000122070312,85.4000015258789,85.87000274658203,3040800.0,60.88542938232422
2006-05-04,87.1500015258789,85.80999755859375,85.88999938964844,86.63999938964844,3319700.0,61.431400299072266
2006-05-05,88.55000305175781,87.30000305175781,87.47000122070312,88.47000122070312,3349100.0,62.72895812988281
2006-05-08,89.30000305175781,87.36000061035156,88.4800033569336,87.58999633789062,3334800.0,62.10500717163086
2006-05-09,88.0,87.0999984741211,87.61000061035156,87.98999786376953,2231900.0,62.388614654541016
2006-05-10,89.58000183105469,87.6500015258789,88.0,88.94000244140625,3781600.0,63.2779541015625
2006-05-11,89.55000305175781,87.9000015258789,89.44999694824219,88.20999908447266,2652700.0,62.758583068847656
2006-05-12,89.01000213623047,86.94000244140625,88.20999908447266,87.01000213623047,2932000.0,61.904808044433594
2006-05-15,86.47000122070312,84.56999969482422,85.76000213623047,85.86000061035156,4170600.0,61.086639404296875
2006-05-16,86.9800033569336,85.3499984741211,85.88999938964844,86.4000015258789,3056600.0,61.47081756591797
2006-05-17,86.4000015258789,83.27999877929688,86.4000015258789,83.7699966430664,5267000.0,59.59966278076172
2006-05-18,84.83999633789062,82.5999984741211,84.25,82.7300033569336,3616900.0,58.85972595214844
2006-05-19,85.30000305175781,82.05999755859375,83.0,84.61000061035156,5575700.0,60.19728469848633
2006-05-22,86.02999877929688,84.0199966430664,84.45999908447266,85.70999908447266,4535100.0,60.97990417480469
2006-05-23,86.69999694824219,85.1500015258789,86.04000091552734,85.1500015258789,4044000.0,60.581478118896484
2006-05-24,85.1500015258789,81.62999725341797,84.97000122070312,82.37999725341797,6731600.0,58.610721588134766
2006-05-25,83.80000305175781,82.29000091552734,82.80000305175781,82.98999786376953,3295700.0,59.044708251953125
2006-05-26,83.80999755859375,83.05000305175781,83.5999984741211,83.5,2354600.0,59.40757369995117
2006-05-30,83.5,81.56999969482422,83.5,82.12999725341797,3935800.0,58.43283462524414
2006-05-31,83.44000244140625,81.20999908447266,81.20999908447266,83.25,3958200.0,59.229698181152344
2006-06-01,83.72000122070312,82.55000305175781,83.5999984741211,83.63999938964844,2373600.0,59.50719451904297
2006-06-02,84.58000183105469,83.16999816894531,84.0,83.80000305175781,3230300.0,59.621009826660156
2006-06-05,83.97000122070312,82.05999755859375,83.79000091552734,82.12999725341797,3421800.0,58.43283462524414
2006-06-06,82.33999633789062,79.47000122070312,82.0,80.6500015258789,6324700.0,57.379878997802734
2006-06-07,81.91999816894531,80.29000091552734,80.83000183105469,81.45999908447266,5014200.0,57.956172943115234
2006-06-08,81.83999633789062,79.01000213623047,81.45999908447266,81.19000244140625,7561100.0,57.76408386230469
2006-06-09,81.98999786376953,80.0,81.94999694824219,80.5,3927800.0,57.273170471191406
2006-06-12,80.75,77.47000122070312,80.5999984741211,77.87999725341797,5244400.0,55.409095764160156
2006-06-13,77.87999725341797,76.4000015258789,77.7699966430664,76.9800033569336,5184100.0,54.76879119873047
2006-06-14,82.01000213623047,79.19999694824219,79.4000015258789,82.01000213623047,9857200.0,58.34749221801758
2006-06-15,85.12999725341797,82.01000213623047,82.01000213623047,84.80999755859375,8055900.0,60.33958435058594
2006-06-16,85.8499984741211,84.75,85.0999984741211,85.54000091552734,6019900.0,60.85895919799805
2006-06-19,86.2300033569336,84.30999755859375,85.6500015258789,84.76000213623047,4342100.0,60.30400848388672
2006-06-20,85.4800033569336,84.05000305175781,85.25,84.8499984741211,3094400.0,60.3680534362793
2006-06-21,86.08000183105469,84.9000015258789,84.9000015258789,85.8499984741211,3589600.0,61.07950973510742
2006-06-22,85.68000030517578,83.87999725341797,85.55000305175781,84.05999755859375,3631100.0,59.80598068237305
2006-06-23,84.4800033569336,83.16000366210938,84.05999755859375,83.38999938964844,3066100.0,59.32931137084961
2006-06-26,84.27999877929688,82.80000305175781,83.4800033569336,83.88999938964844,1930000.0,59.685028076171875
2006-06-27,84.19999694824219,81.76000213623047,83.8499984741211,81.93000030517578,3214200.0,58.29056167602539
2006-06-28,82.69000244140625,80.83000183105469,81.94000244140625,82.63999938964844,3171600.0,58.79569625854492
2006-06-29,83.5,81.27999877929688,82.63999938964844,83.0,5236500.0,59.05182647705078
2006-06-30,83.0,81.56999969482422,82.98999786376953,81.91000366210938,4470800.0,58.27633285522461
2006-07-03,81.66999816894531,80.94000244140625,81.3499984741211,81.30000305175781,1629300.0,57.842342376708984
2006-07-05,81.29000091552734,79.26000213623047,81.27999877929688,80.16999816894531,5662800.0,57.03839111328125
2006-07-06,80.9800033569336,80.0,80.2699966430664,80.80999755859375,3195900.0,57.49371337890625
2006-07-07,81.29000091552734,79.52999877929688,80.4000015258789,79.98999786376953,2586400.0,56.910301208496094
2006-07-10,81.25,80.02999877929688,80.02999877929688,80.3499984741211,2665800.0,57.16644287109375
2006-07-11,81.80999755859375,78.86000061035156,80.0999984741211,81.62999725341797,3821900.0,58.07711410522461
2006-07-12,81.94999694824219,80.37000274658203,81.44999694824219,80.91999816894531,2659200.0,57.571983337402344
2006-07-13,81.04000091552734,79.47000122070312,80.69999694824219,79.58999633789062,3609900.0,56.62571716308594
2006-07-14,79.5999984741211,76.88999938964844,79.58999633789062,77.25,5436600.0,54.960914611816406
2006-07-17,79.7699966430664,77.80000305175781,78.11000061035156,78.94999694824219,4515600.0,56.17037582397461
2006-07-18,80.26000213623047,77.97000122070312,79.5,79.16999816894531,4306900.0,56.32691955566406
2006-07-19,82.56999969482422,78.36000061035156,79.31999969482422,82.29000091552734,5065700.0,58.54667282104492
2006-07-20,83.0,80.62000274658203,82.9000015258789,80.69000244140625,4605700.0,57.40834045410156
2006-07-21,80.69000244140625,78.55999755859375,80.69000244140625,79.08000183105469,4032200.0,56.26287078857422
2006-07-24,81.61000061035156,79.43000030517578,79.44999694824219,81.44000244140625,4023600.0,57.94192886352539
2006-07-25,84.05999755859375,80.69999694824219,80.75,83.75,4557400.0,59.58544158935547
2006-07-26,82.36000061035156,79.5999984741211,82.18000030517578,79.9000015258789,6634600.0,56.84629440307617
2006-07-27,80.29000091552734,78.1500015258789,80.0,78.70999908447266,5202100.0,55.99961853027344
2006-07-28,80.0999984741211,78.69999694824219,79.4000015258789,78.91000366210938,4317100.0,56.14193344116211
2006-07-31,78.5199966430664,77.30000305175781,78.45999908447266,77.41999816894531,5519200.0,55.08184814453125
2006-08-01,78.27999877929688,76.5199966430664,77.41999816894531,78.16999816894531,4504200.0,55.615447998046875
2006-08-02,79.6500015258789,78.4000015258789,78.69999694824219,78.62000274658203,3784500.0,55.93561553955078
2006-08-03,79.88999938964844,77.41999816894531,77.87999725341797,79.4000015258789,3681200.0,56.49057388305664
2006-08-04,80.69999694824219,79.1500015258789,80.16000366210938,79.48999786376953,3598400.0,56.5545768737793
2006-08-07,79.94999694824219,78.62000274658203,79.0999984741211,79.75,3230500.0,56.73954391479492
2006-08-08,80.83000183105469,77.83999633789062,79.55000305175781,78.1500015258789,5676600.0,55.601226806640625
2006-08-09,79.0199966430664,76.70999908447266,78.25,77.16000366210938,4175500.0,55.10840606689453
2006-08-10,76.80000305175781,75.06999969482422,76.80000305175781,76.19999694824219,5609200.0,54.42277526855469
2006-08-11,76.76000213623047,75.66000366210938,76.22000122070312,75.95999908447266,3274000.0,54.25137710571289
2006-08-14,77.19000244140625,75.1500015258789,76.6500015258789,75.38999938964844,3772100.0,53.8442497253418
2006-08-15,76.69999694824219,75.69000244140625,76.0,76.58000183105469,3516300.0,54.694183349609375
2006-08-16,78.94999694824219,76.86000061035156,77.19999694824219,78.83000183105469,4181600.0,56.30112075805664
2006-08-17,79.43000030517578,77.87999725341797,78.83000183105469,78.58999633789062,2893300.0,56.12970733642578
2006-08-18,78.68000030517578,77.16000366210938,78.68000030517578,77.62000274658203,3426400.0,55.43693161010742
2006-08-21,77.62000274658203,76.51000213623047,77.62000274658203,76.62999725341797,2537600.0,54.729881286621094
2006-08-22,77.8499984741211,76.25,77.0,76.94999694824219,2632700.0,54.958404541015625
2006-08-23,77.55000305175781,76.06999969482422,77.0,76.36000061035156,2493900.0,54.53702926635742
2006-08-24,77.04000091552734,75.0,76.8499984741211,75.23999786376953,3307900.0,53.73711395263672
2006-08-25,75.5999984741211,73.55000305175781,75.23999786376953,73.93000030517578,4604300.0,52.80152130126953
2006-08-28,75.0199966430664,73.05000305175781,74.04000091552734,74.72000122070312,4744200.0,53.36574172973633
2006-08-29,75.98999786376953,72.9000015258789,75.95999908447266,73.77999877929688,7186000.0,52.694374084472656
2006-08-30,75.30000305175781,73.63999938964844,74.0,75.0199966430664,3850800.0,53.58000183105469
2006-08-31,75.58000183105469,74.75,74.75,74.9000015258789,3056900.0,53.494285583496094
2006-09-01,75.91000366210938,74.45999908447266,75.0,75.43000030517578,3275400.0,53.87283706665039
2006-09-05,76.30000305175781,75.05000305175781,75.75,75.36000061035156,2674100.0,53.822837829589844
2006-09-06,75.55000305175781,74.19999694824219,75.36000061035156,74.44000244140625,3042700.0,53.16576385498047
2006-09-07,74.44000244140625,72.76000213623047,74.44000244140625,72.87000274658203,4272900.0,52.044437408447266
2006-09-08,73.62000274658203,72.16999816894531,73.30000305175781,72.80000305175781,4956300.0,51.99445724487305
2006-09-11,74.12999725341797,72.12999725341797,72.12999725341797,73.81999969482422,3535300.0,52.72294616699219
2006-09-12,74.37999725341797,73.61000061035156,73.79000091552734,74.26000213623047,3314800.0,53.037200927734375
2006-09-13,76.48999786376953,74.36000061035156,74.36000061035156,76.31999969482422,4886400.0,54.508487701416016
2006-09-14,75.63999938964844,74.6500015258789,75.06999969482422,75.01000213623047,5230800.0,53.57285690307617
2006-09-15,76.0,74.7300033569336,75.55999755859375,75.01000213623047,4108100.0,53.57285690307617
2006-09-18,75.63999938964844,74.80000305175781,75.0999984741211,75.20999908447266,2407200.0,53.715702056884766
2006-09-19,75.5,74.1500015258789,75.3499984741211,74.87000274658203,2351900.0,53.47285079956055
2006-09-20,76.4000015258789,75.51000213623047,75.51000213623047,76.19000244140625,4003700.0,54.41562271118164
2006-09-21,77.2699966430664,75.75,77.05000305175781,76.11000061035156,4435500.0,54.35847854614258
2006-09-22,77.7699966430664,75.73999786376953,76.19999694824219,77.25,4682000.0,55.17271423339844
2006-09-25,78.55000305175781,77.37000274658203,77.69999694824219,77.70999908447266,4622000.0,55.5012321472168
2006-09-26,79.29000091552734,77.37000274658203,78.1500015258789,79.0,4247500.0,56.422569274902344
2006-09-27,79.95999908447266,79.16999816894531,79.16999816894531,79.41000366210938,4288800.0,56.715362548828125
2006-09-28,80.3499984741211,79.25,79.56999969482422,79.27999877929688,4449700.0,56.6225700378418
2006-09-29,79.75,78.79000091552734,79.5,78.8499984741211,4041900.0,56.315425872802734
2006-10-02,80.27999877929688,78.83999633789062,79.3499984741211,79.97000122070312,5727300.0,57.11533737182617
2006-10-03,82.08999633789062,79.9800033569336,79.9800033569336,81.77999877929688,5901700.0,58.40806579589844
2006-10-04,83.9800033569336,82.01000213623047,82.5,83.95999908447266,7232700.0,59.96503448486328
2006-10-05,84.12000274658203,83.05999755859375,83.97000122070312,83.62000274658203,3688200.0,59.72222137451172
2006-10-06,84.38999938964844,83.13999938964844,83.62000274658203,83.68000030517578,3649900.0,59.76505661010742
2006-10-09,83.87000274658203,82.47000122070312,83.69000244140625,82.6500015258789,4452000.0,59.029422760009766
2006-10-10,82.66999816894531,81.80000305175781,82.5,82.12999725341797,4005000.0,58.65800857543945
2006-10-11,82.0,80.88999938964844,81.94999694824219,81.63999938964844,3258000.0,58.30805969238281
2006-10-12,83.86000061035156,82.0999984741211,82.19999694824219,83.63999938964844,4129800.0,59.73651885986328
2006-10-13,83.3499984741211,81.81999969482422,83.25,82.38999938964844,4005200.0,58.84373474121094
2006-10-16,82.8499984741211,81.80999755859375,82.38999938964844,82.66000366210938,2472600.0,59.03657531738281
2006-10-17,82.44999694824219,81.5,82.44999694824219,82.29000091552734,2918200.0,58.77228546142578
2006-10-18,83.45999908447266,81.94999694824219,82.5199966430664,82.73999786376953,3796200.0,59.093692779541016
2006-10-19,82.95999908447266,81.7699966430664,82.73999786376953,82.41000366210938,2425200.0,58.85799026489258
2006-10-20,82.9000015258789,81.69999694824219,82.9000015258789,81.73999786376953,3017200.0,58.379493713378906
2006-10-23,82.83999633789062,81.5,81.7300033569336,82.80000305175781,2818000.0,59.136539459228516
2006-10-24,83.88999938964844,82.72000122070312,83.0999984741211,83.58999633789062,3815100.0,59.700767517089844
2006-10-25,82.5999984741211,80.5999984741211,82.5999984741211,80.86000061035156,7074000.0,57.7509651184082
2006-10-26,80.75,77.7699966430664,80.75,79.13999938964844,10621400.0,56.522552490234375
2006-10-27,80.4000015258789,78.5199966430664,79.16999816894531,79.73999786376953,6880400.0,56.95108413696289
2006-10-30,81.04000091552734,80.01000213623047,80.25,80.22000122070312,3739800.0,57.29389190673828
2006-10-31,80.5999984741211,79.30999755859375,80.5999984741211,79.86000061035156,3943800.0,57.036773681640625
2006-11-01,80.75,79.72000122070312,80.01000213623047,80.05999755859375,3180100.0,57.179622650146484
2006-11-02,80.4000015258789,79.11000061035156,80.05999755859375,79.19999694824219,4044600.0,56.565391540527344
2006-11-03,80.3499984741211,79.38999938964844,79.47000122070312,79.97000122070312,2706700.0,57.11533737182617
2006-11-06,80.87000274658203,79.9800033569336,79.9800033569336,80.4800033569336,3082600.0,57.479576110839844
2006-11-07,84.9800033569336,80.5999984741211,80.7300033569336,84.8499984741211,11846400.0,60.60068893432617
2006-11-08,85.87000274658203,83.52999877929688,84.25,85.44999694824219,8496700.0,61.245765686035156
2006-11-09,86.5,85.05000305175781,85.75,85.11000061035156,6147800.0,61.00205993652344
2006-11-10,86.9800033569336,85.44000244140625,86.4000015258789,85.62000274658203,5496600.0,61.367576599121094
2006-11-13,86.33999633789062,85.29000091552734,85.69999694824219,85.69000244140625,3360100.0,61.41777420043945
2006-11-14,86.08999633789062,84.76000213623047,85.69000244140625,85.73999786376953,3463100.0,61.45359420776367
2006-11-15,87.58000183105469,86.3499984741211,86.4000015258789,87.08000183105469,5850900.0,62.41403579711914
2006-11-16,89.43000030517578,87.5,87.91999816894531,88.70999908447266,6966900.0,63.58234405517578
2006-11-17,89.62999725341797,88.56999969482422,89.05000305175781,89.5199966430664,5748600.0,64.16289520263672
2006-11-20,89.22000122070312,88.62000274658203,89.05000305175781,89.12000274658203,5571500.0,63.87620544433594
2006-11-21,92.05000305175781,89.56999969482422,89.8499984741211,91.0999984741211,8516400.0,65.29534149169922
2006-11-22,91.58999633789062,89.77999877929688,91.0999984741211,90.0999984741211,4480800.0,64.57859802246094
2006-11-24,90.08000183105469,89.1500015258789,89.25,89.7699966430664,1213700.0,64.34208679199219
2006-11-27,90.02999877929688,86.94999694824219,90.0,87.37000274658203,6282300.0,62.62189483642578
2006-11-28,88.73999786376953,87.05000305175781,88.1500015258789,87.94000244140625,4950600.0,63.03044128417969
2006-11-29,89.44999694824219,87.93000030517578,88.23999786376953,88.88999938964844,4427600.0,63.71135711669922
2006-11-30,89.44000244140625,87.0999984741211,89.0999984741211,88.52999877929688,4194000.0,63.45331573486328
2006-12-01,90.05000305175781,88.6500015258789,89.5999984741211,89.55000305175781,5154400.0,64.18438720703125
2006-12-04,90.5999984741211,89.41999816894531,89.55000305175781,89.58000183105469,3492900.0,64.20589447021484
2006-12-05,91.0999984741211,89.16999816894531,89.58999633789062,90.7300033569336,4385100.0,65.03016662597656
2006-12-06,91.8499984741211,90.76000213623047,91.5999984741211,90.83000183105469,4214800.0,65.10184478759766
2006-12-07,91.6500015258789,89.75,91.30000305175781,90.01000213623047,3784500.0,64.51411437988281
2006-12-08,90.72000122070312,89.52999877929688,90.06999969482422,90.12999725341797,2796300.0,64.60005187988281
2006-12-11,90.19999694824219,89.5199966430664,89.7699966430664,89.77999877929688,2365000.0,64.34925842285156
2006-12-12,90.75,89.75,90.02999877929688,90.30999755859375,3634800.0,64.72911071777344
2006-12-13,90.98999786376953,89.38999938964844,90.81999969482422,89.5999984741211,3695000.0,64.22022247314453
2006-12-14,90.12999725341797,89.08000183105469,89.30000305175781,89.93000030517578,3510400.0,64.45677185058594
2006-12-15,90.9000015258789,90.16999816894531,90.16999816894531,90.69999694824219,5305000.0,65.0086669921875
2006-12-18,90.9000015258789,89.41000366210938,90.75,89.55999755859375,2626500.0,64.19155883789062
2006-12-19,90.44000244140625,88.97000122070312,89.0,90.16999816894531,2628900.0,64.62875366210938
2006-12-20,90.5999984741211,89.18000030517578,90.18000030517578,90.0999984741211,3296000.0,64.57859802246094
2006-12-21,90.4000015258789,89.45999908447266,89.80000305175781,89.94000244140625,2834600.0,64.46395111083984
2006-12-22,89.66999816894531,88.3499984741211,89.6500015258789,88.76000213623047,2511700.0,63.618160247802734
2006-12-26,89.0,88.3499984741211,88.94999694824219,88.79000091552734,1566200.0,63.639671325683594
2006-12-27,89.44999694824219,88.73999786376953,89.1500015258789,88.87999725341797,2007400.0,63.70420837402344
2006-12-28,89.19999694824219,88.41000366210938,88.8499984741211,89.0,1274600.0,63.790218353271484
2006-12-29,89.45999908447266,88.75,89.25,88.83999633789062,1780300.0,63.67549514770508
2007-01-03,90.30000305175781,88.44999694824219,88.9000015258789,89.16999816894531,4871700.0,63.91204833984375
2007-01-04,89.83000183105469,87.01000213623047,88.33999633789062,89.52999877929688,2718900.0,64.17005157470703
2007-01-05,90.0,88.5,89.77999877929688,89.1500015258789,3285900.0,63.897701263427734
2007-01-08,89.41000366210938,87.55999755859375,88.61000061035156,88.94000244140625,2989000.0,63.747196197509766
2007-01-09,89.70999908447266,87.55999755859375,88.93000030517578,88.0,4193800.0,63.07345962524414
2007-01-10,89.33999633789062,88.0,88.04000091552734,89.2699966430664,3955200.0,63.98368835449219
2007-01-11,89.2699966430664,88.31999969482422,88.97000122070312,88.83999633789062,4048600.0,63.67549514770508
2007-01-12,88.8499984741211,87.5,88.54000091552734,88.12999725341797,3890500.0,63.16661071777344
2007-01-16,88.51000213623047,87.30000305175781,88.25,88.0,5537800.0,63.07345962524414
2007-01-17,89.54000091552734,87.22000122070312,88.0199966430664,88.83000183105469,4501400.0,63.6683349609375
2007-01-18,89.37999725341797,87.76000213623047,89.12999725341797,88.0,3348000.0,63.07345962524414
2007-01-19,89.0999984741211,87.80000305175781,88.44999694824219,88.62999725341797,4368900.0,63.52498245239258
2007-01-22,87.86000061035156,84.81999969482422,87.51000213623047,85.5999984741211,8426800.0,61.35325622558594
2007-01-23,88.18000030517578,85.0,85.01000213623047,87.36000061035156,6559700.0,62.61472702026367
2007-01-24,87.76000213623047,86.5199966430664,87.3499984741211,87.5999984741211,3368600.0,62.7867546081543
2007-01-25,87.45999908447266,86.0,87.30000305175781,86.16000366210938,2850300.0,61.754634857177734
2007-01-26,86.25,84.5999984741211,86.0,85.43000030517578,5149400.0,61.23141860961914
2007-01-29,86.0,85.0,85.05000305175781,85.5,3116500.0,61.28156661987305
2007-01-30,86.5999984741211,85.55000305175781,85.75,86.0,3151100.0,61.639915466308594
2007-01-31,90.33999633789062,89.0,89.30000305175781,89.55999755859375,11568600.0,64.19155883789062
2007-02-01,92.23999786376953,89.7300033569336,89.94999694824219,91.05000305175781,6622200.0,65.25953674316406
2007-02-02,91.4800033569336,89.94999694824219,91.05000305175781,90.05000305175781,5098100.0,64.54278564453125
2007-02-05,91.41999816894531,90.30999755859375,90.44999694824219,90.72000122070312,3028600.0,65.02297973632812
2007-02-06,91.0,89.9000015258789,91.0,90.9800033569336,3521700.0,65.20936584472656
2007-02-07,91.19999694824219,89.69999694824219,90.58999633789062,90.3499984741211,2813600.0,65.00787353515625
2007-02-08,90.36000061035156,88.55000305175781,89.63999938964844,89.5199966430664,5155600.0,64.41067504882812
2007-02-09,90.30000305175781,89.02999877929688,89.3499984741211,90.0,4282800.0,64.75602722167969
2007-02-12,89.88999938964844,88.77999877929688,89.55000305175781,89.19999694824219,3449200.0,64.18042755126953
2007-02-13,89.37000274658203,88.30000305175781,89.19999694824219,89.29000091552734,3009800.0,64.24520111083984
2007-02-14,90.16999816894531,89.2699966430664,89.2699966430664,89.94000244140625,3865800.0,64.712890625
2007-02-15,91.80000305175781,89.86000061035156,90.0199966430664,91.70999908447266,5702200.0,65.98639678955078
2007-02-16,92.0,90.7300033569336,91.9800033569336,90.94000244140625,4545500.0,65.43238830566406
2007-02-20,91.69000244140625,89.83999633789062,91.5,91.02999877929688,3940500.0,65.49715423583984
2007-02-21,92.0,90.05000305175781,90.30000305175781,90.95999908447266,4971700.0,65.44678497314453
2007-02-22,91.93000030517578,90.2699966430664,91.0999984741211,90.58000183105469,3176500.0,65.17337036132812
2007-02-23,90.8499984741211,90.0,90.20999908447266,90.27999877929688,2341700.0,64.95751953125
2007-02-26,90.7300033569336,88.55999755859375,90.4800033569336,88.93000030517578,4537900.0,63.98615264892578
2007-02-27,88.69999694824219,85.23999786376953,88.0,87.19999694824219,5937900.0,62.74140548706055
2007-02-28,88.41000366210938,86.05000305175781,87.4000015258789,87.26000213623047,6093600.0,62.78457260131836
2007-03-01,88.80000305175781,85.91000366210938,86.5999984741211,87.8499984741211,5151800.0,63.20907974243164
2007-03-02,88.54000091552734,87.01000213623047,87.87000274658203,87.02999877929688,4307200.0,62.61912536621094
2007-03-05,88.19000244140625,86.38999938964844,86.95999908447266,87.0199966430664,3783200.0,62.61191177368164
2007-03-06,88.02999877929688,87.05000305175781,88.02999877929688,87.81999969482422,3321800.0,63.187496185302734
2007-03-07,89.25,87.81999969482422,87.81999969482422,88.70999908447266,5205900.0,63.827877044677734
2007-03-08,89.66999816894531,88.61000061035156,88.9800033569336,88.88999938964844,2811500.0,63.957393646240234
2007-03-09,90.08999633789062,89.13999938964844,89.69999694824219,89.51000213623047,2820600.0,64.40347290039062
2007-03-12,91.87000274658203,89.0,89.0,91.19999694824219,5964200.0,65.61944580078125
2007-03-13,91.0999984741211,89.44999694824219,90.9000015258789,89.44999694824219,5247800.0,64.3603286743164
2007-03-14,90.30000305175781,88.52999877929688,89.44999694824219,89.9800033569336,4027900.0,64.74164581298828
2007-03-15,91.05999755859375,89.56999969482422,89.9800033569336,91.04000091552734,3513900.0,65.50430297851562
2007-03-16,91.04000091552734,89.68000030517578,91.04000091552734,90.0,5815100.0,64.75602722167969
2007-03-19,90.94999694824219,89.9000015258789,90.5,90.31999969482422,3568400.0,64.9863052368164
2007-03-20,90.93000030517578,90.0199966430664,90.31999969482422,90.16000366210938,3485800.0,64.87115478515625
2007-03-21,90.94999694824219,89.44999694824219,90.16000366210938,90.80000305175781,4230100.0,65.3316650390625
2007-03-22,90.80000305175781,89.87999725341797,90.4000015258789,90.56999969482422,3561600.0,65.16619873046875
2007-03-23,91.30999755859375,89.79000091552734,89.79000091552734,90.9800033569336,2304700.0,65.46119689941406
2007-03-26,90.94000244140625,89.83999633789062,90.87999725341797,90.83000183105469,3273000.0,65.35323333740234
2007-03-27,91.0,90.0,90.5999984741211,90.5199966430664,2687900.0,65.13018798828125
2007-03-28,90.41000366210938,89.01000213623047,90.27999877929688,89.44999694824219,4497400.0,64.3603286743164
2007-03-29,90.54000091552734,89.16000366210938,90.11000061035156,89.76000213623047,3520500.0,64.5833969116211
2007-03-30,90.06999969482422,88.6500015258789,89.62000274658203,88.91000366210938,4588200.0,63.9717903137207
2007-04-02,89.01000213623047,88.08000183105469,88.9000015258789,88.83000183105469,3440200.0,63.914222717285156
2007-04-03,90.23999786376953,89.08999633789062,89.31999969482422,89.9000015258789,3931000.0,64.68411254882812
2007-04-04,90.61000061035156,89.80000305175781,89.91000366210938,90.2699966430664,2553900.0,64.9502944946289
2007-04-05,90.73999786376953,90.19999694824219,90.19999694824219,90.5,2997800.0,65.11581420898438
2007-04-09,90.97000122070312,90.0199966430664,90.97000122070312,90.02999877929688,3155400.0,64.777587890625
2007-04-10,90.87000274658203,89.94999694824219,89.94999694824219,90.83999633789062,2860400.0,65.36042785644531
2007-04-11,90.98999786376953,89.6500015258789,90.9000015258789,89.97000122070312,3460000.0,64.7344741821289
2007-04-12,90.86000061035156,89.4000015258789,89.9800033569336,90.8499984741211,2635300.0,65.36766052246094
2007-04-13,91.0999984741211,90.18000030517578,91.0999984741211,91.02999877929688,3035700.0,65.49715423583984
2007-04-16,91.27999877929688,89.93000030517578,91.0,90.30999755859375,3747800.0,64.97908020019531
2007-04-17,91.13999938964844,90.05000305175781,90.30000305175781,90.44999694824219,3926800.0,65.07981872558594
2007-04-18,94.16999816894531,90.33999633789062,90.44999694824219,93.87999725341797,9490500.0,67.54776763916016
2007-04-19,94.75,92.76000213623047,93.48999786376953,92.98999786376953,6192000.0,66.9073715209961
2007-04-20,94.12000274658203,93.05999755859375,93.7699966430664,93.29000091552734,6035200.0,67.12325286865234
2007-04-23,94.23999786376953,93.30999755859375,94.0999984741211,93.63999938964844,4900400.0,67.37508392333984
2007-04-24,94.95999908447266,93.37000274658203,94.9000015258789,93.66999816894531,5754000.0,67.39665222167969
2007-04-25,94.75,92.75,94.63999938964844,94.69000244140625,7745700.0,68.13054656982422
2007-04-26,95.58000183105469,94.04000091552734,94.54000091552734,94.26000213623047,4838400.0,67.82115936279297
2007-04-27,94.3499984741211,93.27999877929688,94.25,94.0199966430664,3526800.0,67.64849853515625
2007-04-30,94.11000061035156,92.8499984741211,94.0199966430664,93.0,3751400.0,66.91458892822266
2007-05-01,93.6500015258789,92.5,93.1500015258789,93.2300033569336,3241600.0,67.080078125
2007-05-02,94.45999908447266,92.83999633789062,93.08000183105469,93.83000183105469,3425000.0,67.51177215576172
2007-05-03,94.48999786376953,93.5,94.08000183105469,93.8499984741211,3065900.0,67.52618408203125
2007-05-04,94.37999725341797,93.12000274658203,94.3499984741211,93.61000061035156,3056000.0,67.35348510742188
2007-05-07,95.0,93.6500015258789,93.80000305175781,94.55999755859375,4018400.0,68.03700256347656
2007-05-08,94.41000366210938,93.69999694824219,94.41000366210938,94.20999908447266,4427700.0,67.78520965576172
2007-05-09,94.2699966430664,93.3499984741211,93.87000274658203,94.08000183105469,3009800.0,67.94410705566406
2007-05-10,94.16000366210938,92.69999694824219,93.75,92.80000305175781,2664000.0,67.01966857910156
2007-05-11,94.2300033569336,92.37999725341797,92.80999755859375,93.4000015258789,2702200.0,67.45298767089844
2007-05-14,94.13999938964844,93.31999969482422,93.4000015258789,93.55999755859375,2075400.0,67.56852722167969
2007-05-15,95.44999694824219,93.79000091552734,93.9800033569336,94.33999633789062,5005900.0,68.1318359375
2007-05-16,95.45999908447266,94.5,94.5,95.33999633789062,4112600.0,68.85403442382812
2007-05-17,97.18000030517578,95.2300033569336,95.33999633789062,96.79000091552734,4858600.0,69.90123748779297
2007-05-18,97.5,96.2699966430664,97.06999969482422,96.62999725341797,4234600.0,69.78565979003906
2007-05-21,97.73999786376953,96.25,96.41999816894531,96.9000015258789,4525300.0,69.98064422607422
2007-05-22,97.5999984741211,96.36000061035156,97.23999786376953,96.4800033569336,3783900.0,69.67732238769531
2007-05-23,96.44999694824219,95.36000061035156,95.94999694824219,95.56999969482422,4563700.0,69.02014923095703
2007-05-24,98.83999633789062,95.75,95.9000015258789,97.41999816894531,7449900.0,70.35618591308594
2007-05-25,98.63999938964844,97.37999725341797,98.30000305175781,98.25,3249200.0,70.95561981201172
2007-05-29,99.19999694824219,97.95999908447266,98.5199966430664,98.5,3295500.0,71.13616943359375
2007-05-30,100.63999938964844,98.30000305175781,98.47000122070312,100.55000305175781,5798300.0,72.61668395996094
2007-05-31,100.95999908447266,100.47000122070312,100.69000244140625,100.58999633789062,4235500.0,72.64554595947266
2007-06-01,101.44999694824219,99.44999694824219,101.44999694824219,99.83000183105469,4057000.0,72.09668731689453
2007-06-04,101.0,99.5,101.0,99.9800033569336,2718900.0,72.20500183105469
2007-06-05,99.95999908447266,98.83999633789062,99.94000244140625,99.5,3276300.0,71.8583755493164
2007-06-06,99.19999694824219,97.69000244140625,98.97000122070312,98.29000091552734,3428800.0,70.98450469970703
2007-06-07,99.08999633789062,96.80999755859375,98.29000091552734,96.83999633789062,4713100.0,69.93733215332031
2007-06-08,98.22000122070312,95.91000366210938,96.69999694824219,98.19000244140625,3951500.0,70.91227722167969
2007-06-11,98.79000091552734,97.41999816894531,98.25,97.55000305175781,3345300.0,70.45011901855469
2007-06-12,97.58999633789062,96.12000274658203,97.55000305175781,96.4800033569336,5023400.0,69.67732238769531
2007-06-13,98.55000305175781,96.91999816894531,97.12000274658203,98.47000122070312,5333300.0,71.11453247070312
2007-06-14,99.5,98.7300033569336,99.0,98.97000122070312,3436000.0,71.47561645507812
2007-06-15,100.0,97.93000030517578,99.5199966430664,98.1500015258789,7178100.0,70.88340759277344
2007-06-18,98.58000183105469,97.29000091552734,98.02999877929688,97.4000015258789,4109300.0,70.34176635742188
2007-06-19,98.23999786376953,96.51000213623047,97.4000015258789,96.91999816894531,5120200.0,69.99512481689453
2007-06-20,97.72000122070312,96.01000213623047,97.0999984741211,96.08000183105469,4733900.0,69.38846588134766
2007-06-21,97.19999694824219,95.16999816894531,96.08000183105469,97.19999694824219,6288900.0,70.19731140136719
2007-06-22,96.9000015258789,95.5999984741211,96.63999938964844,95.91999816894531,5358900.0,69.27291107177734
2007-06-25,96.56999969482422,94.80000305175781,96.0,95.56999969482422,4334800.0,69.02014923095703
2007-06-26,96.47000122070312,94.87000274658203,95.4000015258789,94.9800033569336,4364100.0,68.59405517578125
2007-06-27,94.9000015258789,93.58000183105469,94.30999755859375,94.6500015258789,4492500.0,68.35572052001953
2007-06-28,95.58999633789062,94.26000213623047,95.0,95.16000366210938,3507700.0,68.72402954101562
2007-06-29,96.33999633789062,95.25,95.36000061035156,96.16000366210938,5786300.0,69.44623565673828
2007-07-02,97.05000305175781,96.2699966430664,96.72000122070312,96.7699966430664,2818400.0,69.88676452636719
2007-07-03,98.05999755859375,96.80000305175781,96.80000305175781,97.6500015258789,2132000.0,70.52233123779297
2007-07-05,98.4800033569336,97.2300033569336,97.5199966430664,98.36000061035156,2569600.0,71.03507232666016
2007-07-06,99.22000122070312,98.0199966430664,98.12999725341797,98.87999725341797,2591000.0,71.41059112548828
2007-07-09,101.31999969482422,99.5999984741211,100.98999786376953,99.9000015258789,5717500.0,72.1472396850586
2007-07-10,100.66000366210938,99.62999725341797,100.5999984741211,100.25,6681400.0,72.40001678466797
2007-07-11,100.83000183105469,99.55999755859375,100.4800033569336,100.12000274658203,4608100.0,72.30615234375
2007-07-12,100.81999969482422,99.76000213623047,100.5,100.77999877929688,4571200.0,72.78278350830078
2007-07-13,102.43000030517578,100.5999984741211,101.18000030517578,101.87999725341797,4249800.0,73.57717895507812
2007-07-16,102.16999816894531,101.0,102.0,102.06999969482422,3406800.0,73.71440887451172
2007-07-17,102.7300033569336,101.4000015258789,101.91000366210938,102.05000305175781,3352800.0,73.69995880126953
2007-07-18,102.75,100.88999938964844,101.8499984741211,101.81999969482422,4331000.0,73.53385925292969
2007-07-19,102.81999969482422,101.62999725341797,101.62999725341797,102.4800033569336,2603200.0,74.010498046875
2007-07-20,104.41999816894531,102.3499984741211,102.80000305175781,103.86000061035156,6651100.0,75.00715637207031
2007-07-23,104.55000305175781,103.22000122070312,104.4800033569336,104.04000091552734,4041200.0,75.13713073730469
2007-07-24,105.66999816894531,103.33999633789062,103.44999694824219,103.80000305175781,5535100.0,74.96382904052734
2007-07-25,107.83000183105469,106.37999725341797,106.9800033569336,107.2300033569336,10402700.0,77.44094848632812
2007-07-26,106.80000305175781,102.2300033569336,106.05999755859375,103.69999694824219,10480300.0,74.89158630371094
2007-07-27,106.38999938964844,103.5999984741211,103.5999984741211,103.70999908447266,7753200.0,74.8988037109375
2007-07-30,106.1500015258789,104.0,104.5999984741211,105.54000091552734,6300600.0,76.22044372558594
2007-07-31,106.54000091552734,103.30999755859375,106.54000091552734,103.43000030517578,6895500.0,74.69660949707031
2007-08-01,104.83999633789062,103.0,103.02999877929688,104.52999877929688,6943900.0,75.49099731445312
2007-08-02,106.0,104.51000213623047,105.0199966430664,105.93000030517578,4755700.0,76.50208282470703
2007-08-03,106.3499984741211,104.22000122070312,105.5,104.23999786376953,5466600.0,75.28157043457031
2007-08-06,104.8499984741211,102.08999633789062,104.48999786376953,104.33999633789062,6308200.0,75.35379028320312
2007-08-07,104.12000274658203,102.30000305175781,103.69999694824219,103.22000122070312,5250000.0,74.54495239257812
2007-08-08,104.19000244140625,100.70999908447266,103.0999984741211,102.72000122070312,5820700.0,74.43622589111328
2007-08-09,102.2300033569336,98.0199966430664,100.79000091552734,98.30000305175781,8723900.0,71.23328399658203
2007-08-10,98.51000213623047,94.0,96.94999694824219,98.44000244140625,11406200.0,71.33470153808594
2007-08-13,100.91000366210938,99.25,99.45999908447266,100.05000305175781,6144600.0,72.50143432617188
2007-08-14,100.72000122070312,97.4000015258789,100.33000183105469,97.62999725341797,4854400.0,70.74775695800781
2007-08-15,98.80000305175781,95.20999908447266,97.0,95.51000213623047,5327200.0,69.21147918701172
2007-08-16,95.19999694824219,90.08000183105469,95.19999694824219,92.73999786376953,14712700.0,67.20421600341797
2007-08-17,97.7300033569336,94.63999938964844,94.79000091552734,95.93000030517578,8418600.0,69.515869140625
2007-08-20,97.54000091552734,94.75,96.26000213623047,97.20999908447266,4813500.0,70.44340515136719
2007-08-21,97.23999786376953,96.06999969482422,96.83000183105469,96.94999694824219,3254700.0,70.2550048828125
2007-08-22,98.8499984741211,97.0,97.5,97.98999786376953,4185600.0,71.00863647460938
2007-08-23,98.94999694824219,96.22000122070312,98.94999694824219,96.73999786376953,4377100.0,70.10282897949219
2007-08-24,98.5999984741211,96.62999725341797,96.77999877929688,98.47000122070312,4350400.0,71.35648345947266
2007-08-27,98.94999694824219,97.12999725341797,98.06999969482422,98.54000091552734,3269800.0,71.4072036743164
2007-08-28,98.37999725341797,95.44000244140625,97.98999786376953,95.6500015258789,5336300.0,69.31294250488281
2007-08-29,97.55000305175781,95.83999633789062,96.5,96.9000015258789,5131700.0,70.2187728881836
2007-08-30,97.66999816894531,95.93000030517578,96.73999786376953,96.8499984741211,4113700.0,70.18253326416016
2007-08-31,98.58000183105469,96.69999694824219,98.0,96.69999694824219,3963100.0,70.07382202148438
2007-09-04,96.30999755859375,94.9000015258789,96.0999984741211,95.91999816894531,6767100.0,69.50859069824219
2007-09-05,97.73999786376953,94.0199966430664,95.19999694824219,95.83999633789062,10775200.0,69.45063018798828
2007-09-06,96.23999786376953,94.5,95.54000091552734,96.19999694824219,6660000.0,69.71150970458984
2007-09-07,96.0999984741211,94.66000366210938,95.19999694824219,94.83999633789062,5669400.0,68.72595977783203
2007-09-10,95.94000244140625,94.05000305175781,95.01000213623047,95.33000183105469,4741900.0,69.08104705810547
2007-09-11,97.87000274658203,95.5199966430664,95.9800033569336,97.44000244140625,4804700.0,70.61006164550781
2007-09-12,98.7300033569336,97.0,97.20999908447266,98.31999969482422,4407400.0,71.2477798461914
2007-09-13,99.37000274658203,98.3499984741211,98.5999984741211,98.94999694824219,3993400.0,71.70429229736328
2007-09-14,99.58000183105469,98.0199966430664,98.4000015258789,99.3499984741211,4217500.0,71.9941635131836
2007-09-17,99.7300033569336,98.06999969482422,98.80000305175781,98.63999938964844,3788300.0,71.47965240478516
2007-09-18,98.81999969482422,96.44000244140625,98.5999984741211,98.47000122070312,9975300.0,71.35648345947266
2007-09-19,100.70999908447266,99.05000305175781,99.4000015258789,100.0199966430664,6915400.0,72.47966766357422
2007-09-20,101.3499984741211,99.94000244140625,99.94000244140625,101.25,4723000.0,73.37098693847656
2007-09-21,103.2300033569336,101.25,102.3499984741211,102.58999633789062,6631000.0,74.34202575683594
2007-09-24,103.76000213623047,102.4000015258789,103.0,103.05000305175781,4912900.0,74.67538452148438
2007-09-25,105.0199966430664,102.54000091552734,102.73999786376953,104.93000030517578,5031100.0,76.03772735595703
2007-09-26,105.9800033569336,103.25,105.30000305175781,104.44999694824219,5036800.0,75.68988037109375
2007-09-27,106.1500015258789,104.0,104.44999694824219,105.45999908447266,3984200.0,76.42179107666016
2007-09-28,105.95999908447266,104.2300033569336,105.19999694824219,104.98999786376953,4549500.0,76.08118438720703
2007-10-01,107.0,105.22000122070312,105.44999694824219,106.6500015258789,3675700.0,77.28413391113281
2007-10-02,107.1500015258789,105.2699966430664,106.62000274658203,105.93000030517578,4595400.0,76.76234436035156
2007-10-03,105.7300033569336,104.25,105.33000183105469,104.72000122070312,3655500.0,75.88553619384766
2007-10-04,105.69999694824219,104.44999694824219,105.1500015258789,104.5,3450900.0,75.7260971069336
2007-10-05,105.5,101.08999633789062,105.4000015258789,102.25,8306000.0,74.09561920166016
2007-10-08,103.26000213623047,100.6500015258789,103.26000213623047,101.06999969482422,5318900.0,73.24055480957031
2007-10-09,101.76000213623047,99.66000366210938,101.31999969482422,101.44999694824219,5564600.0,73.51590728759766
2007-10-10,102.4000015258789,97.04000091552734,100.88999938964844,98.68000030517578,25303300.0,71.50865173339844
2007-10-11,99.58000183105469,94.95999908447266,99.5,96.26000213623047,13195900.0,69.75498962402344
2007-10-12,97.58999633789062,95.41999816894531,96.11000061035156,96.69000244140625,9506400.0,70.06658935546875
2007-10-15,96.5,94.44999694824219,95.9800033569336,94.83000183105469,8073500.0,68.7187271118164
2007-10-16,96.33999633789062,93.02999877929688,94.5,95.94000244140625,9845700.0,69.52310943603516
2007-10-17,97.05000305175781,94.62999725341797,96.5199966430664,95.58999633789062,8097500.0,69.26947021484375
2007-10-18,97.1500015258789,94.80000305175781,95.36000061035156,96.94000244140625,6762300.0,70.24774169921875
2007-10-19,97.0,93.79000091552734,96.54000091552734,93.9000015258789,9205200.0,68.0447769165039
2007-10-22,95.04000091552734,92.5999984741211,93.16000366210938,94.93000030517578,7938900.0,68.79120635986328
2007-10-23,95.95999908447266,94.16000366210938,95.76000213623047,94.94999694824219,6109100.0,68.8056869506836
2007-10-24,96.08000183105469,93.0199966430664,95.69000244140625,94.26000213623047,9715600.0,68.30567932128906
2007-10-25,98.97000122070312,92.0,94.87999725341797,96.0,8169100.0,69.56658172607422
2007-10-26,96.55000305175781,95.05000305175781,96.25,96.0199966430664,5185400.0,69.58106994628906
2007-10-29,97.5999984741211,95.56999969482422,95.77999877929688,96.98999786376953,8932800.0,70.28400421142578
2007-10-30,98.5999984741211,97.0,97.25,97.33000183105469,7543500.0,70.53034210205078
2007-10-31,98.70999908447266,97.33000183105469,98.1500015258789,98.58999633789062,5940300.0,71.44342803955078
2007-11-01,98.48999786376953,96.5,98.30000305175781,96.5999984741211,6408600.0,70.00137329101562
2007-11-02,97.87999725341797,96.33999633789062,96.62000274658203,97.76000213623047,5610600.0,70.84194946289062
2007-11-05,98.66999816894531,96.51000213623047,97.58999633789062,97.97000122070312,4459200.0,70.99414825439453
2007-11-06,98.43000030517578,96.94000244140625,98.0,97.69999694824219,4090000.0,70.79847717285156
2007-11-07,97.98999786376953,96.11000061035156,97.0,96.88999938964844,5730700.0,70.46392822265625
2007-11-08,97.25,94.9000015258789,96.97000122070312,96.27999877929688,6991700.0,70.02030181884766
2007-11-09,95.75,94.06999969482422,95.08000183105469,94.20999908447266,6131900.0,68.51490783691406
2007-11-12,94.41000366210938,92.69999694824219,94.25,92.86000061035156,6382400.0,67.53311157226562
2007-11-13,94.1500015258789,92.87000274658203,93.83000183105469,93.69999694824219,6512000.0,68.14400482177734
2007-11-14,94.25,92.5,94.13999938964844,92.79000091552734,6536800.0,67.48221588134766
2007-11-15,92.86000061035156,90.97000122070312,91.45999908447266,91.33999633789062,6693600.0,66.42765808105469
2007-11-16,92.05000305175781,89.44999694824219,92.0,89.98999786376953,9249100.0,65.44584655761719
2007-11-19,89.91999816894531,88.12000274658203,89.5999984741211,88.2699966430664,9344800.0,64.19497680664062
2007-11-20,88.94999694824219,86.91999816894531,88.30999755859375,87.86000061035156,8743700.0,63.89680099487305
2007-11-21,88.5,86.75,86.77999877929688,87.41000366210938,7088200.0,63.56953811645508
2007-11-23,89.66000366210938,88.06999969482422,88.5,89.54000091552734,3317300.0,65.11860656738281
2007-11-26,92.38999938964844,89.86000061035156,90.5,89.93000030517578,7087900.0,65.4022445678711
2007-11-27,92.55000305175781,90.5199966430664,90.56999969482422,91.7300033569336,7092300.0,66.71131134033203
2007-11-28,93.83000183105469,91.76000213623047,92.61000061035156,93.61000061035156,6937100.0,68.07854461669922
2007-11-29,94.2699966430664,92.61000061035156,93.61000061035156,93.20999908447266,4692100.0,67.7876205444336
2007-11-30,94.5999984741211,91.72000122070312,94.5999984741211,92.54000091552734,10111300.0,67.30036926269531
2007-12-03,93.19999694824219,91.66000366210938,92.5,91.79000091552734,5423400.0,66.75492095947266
2007-12-04,91.79000091552734,89.8499984741211,91.43000030517578,89.98999786376953,7080900.0,65.44584655761719
2007-12-05,92.16000366210938,90.36000061035156,90.9000015258789,90.69999694824219,9175900.0,65.96221160888672
2007-12-06,92.44000244140625,90.83000183105469,91.5,91.77999877929688,5813100.0,66.74765014648438
2007-12-07,93.63999938964844,92.0,92.36000061035156,93.16000366210938,5363800.0,67.75128173828125
2007-12-10,93.25,91.79000091552734,93.25,92.63999938964844,5971200.0,67.37309265136719
2007-12-11,93.0,88.12000274658203,92.63999938964844,88.69999694824219,10328400.0,64.50769805908203
2007-12-12,89.52999877929688,85.55000305175781,88.0,86.91999816894531,18701100.0,63.21319580078125
2007-12-13,88.91000366210938,86.4000015258789,86.66999816894531,88.55000305175781,7522100.0,64.39860534667969
2007-12-14,89.98999786376953,88.02999877929688,88.54000091552734,88.41999816894531,4988900.0,64.30408477783203
2007-12-17,88.9000015258789,87.19999694824219,88.20999908447266,87.4000015258789,4946000.0,63.562255859375
2007-12-18,87.87000274658203,86.19999694824219,87.87000274658203,87.16999816894531,5732000.0,63.394996643066406
2007-12-19,88.16999816894531,86.47000122070312,87.75,86.62000274658203,8620600.0,62.995025634765625
2007-12-20,87.41000366210938,86.4800033569336,87.08000183105469,87.19000244140625,3333500.0,63.4095458984375
2007-12-21,89.33999633789062,87.80000305175781,88.04000091552734,89.06999969482422,7661800.0,64.77680206298828
2007-12-24,90.37999725341797,89.55000305175781,89.55000305175781,90.0199966430664,1946900.0,65.46768188476562
2007-12-26,90.12999725341797,89.27999877929688,90.0,90.0,2734400.0,65.45314025878906
2007-12-27,89.98999786376953,88.33000183105469,89.98999786376953,88.87999725341797,2890200.0,64.63861083984375
2007-12-28,89.11000061035156,87.4800033569336,89.0,88.25,2928100.0,64.18043518066406
2007-12-31,88.27999877929688,87.23999786376953,88.13999938964844,87.45999908447266,3184200.0,63.6059455871582
2008-01-02,87.83999633789062,86.0,87.56999969482422,86.62000274658203,4303000.0,62.995025634765625
2008-01-03,87.63999938964844,86.73999786376953,87.06999969482422,86.9800033569336,3427900.0,63.2568473815918
2008-01-04,87.16000366210938,85.69000244140625,86.31999969482422,85.81999969482422,5393400.0,62.41321563720703
2008-01-07,86.30000305175781,82.16999816894531,86.25,82.87000274658203,9961800.0,60.26781463623047
2008-01-08,83.37000274658203,79.6500015258789,83.11000061035156,79.91000366210938,9810600.0,58.1151237487793
2008-01-09,80.43000030517578,77.80999755859375,79.69999694824219,80.30000305175781,10307100.0,58.398746490478516
2008-01-10,83.19000244140625,79.86000061035156,79.86000061035156,82.36000061035156,9411400.0,59.89688491821289
2008-01-11,81.77999877929688,80.0,81.7699966430664,80.5199966430664,6556600.0,58.5587272644043
2008-01-14,82.37000274658203,80.1500015258789,81.33000183105469,81.66999816894531,7732600.0,59.39508819580078
2008-01-15,81.80000305175781,76.0,81.47000122070312,77.86000061035156,16467100.0,56.62422561645508
2008-01-16,81.30999755859375,76.5,77.80999755859375,79.87000274658203,13292400.0,58.086021423339844
2008-01-17,82.48999786376953,79.0199966430664,81.19999694824219,79.5199966430664,9303800.0,57.83146667480469
2008-01-18,80.81999969482422,77.76000213623047,80.25,78.4000015258789,7686800.0,57.016963958740234
2008-01-22,78.73999786376953,74.4000015258789,74.52999877929688,77.5999984741211,8503300.0,56.43516540527344
2008-01-23,77.19000244140625,74.12000274658203,75.5,76.56999969482422,13028100.0,55.686073303222656
2008-01-24,78.33999633789062,76.4800033569336,77.55999755859375,77.62000274658203,7449300.0,56.44969940185547
2008-01-25,79.66999816894531,76.97000122070312,78.6500015258789,77.02999877929688,7849500.0,56.020606994628906
2008-01-28,77.72000122070312,76.4800033569336,77.1500015258789,77.5999984741211,4864300.0,56.43516540527344
2008-01-29,81.05999755859375,78.2699966430664,78.56999969482422,80.95999908447266,9025500.0,58.878761291503906
2008-01-30,84.87000274658203,79.69000244140625,79.69999694824219,82.87000274658203,11331100.0,60.26781463623047
2008-01-31,83.83999633789062,80.80000305175781,81.77999877929688,83.18000030517578,7887700.0,60.49324035644531
2008-02-01,83.98999786376953,81.8499984741211,83.37000274658203,82.76000213623047,6685900.0,60.18781661987305
2008-02-04,83.36000061035156,81.91000366210938,82.77999877929688,82.9000015258789,3106300.0,60.28962326049805
2008-02-05,82.77999877929688,81.3499984741211,81.61000061035156,81.69000244140625,4691600.0,59.40964126586914
2008-02-06,81.94999694824219,79.5999984741211,81.9000015258789,79.91000366210938,5331700.0,58.40108871459961
2008-02-07,80.23999786376953,78.70999908447266,78.70999908447266,79.75,6779000.0,58.284149169921875
2008-02-08,80.13999938964844,78.80999755859375,79.4800033569336,79.33000183105469,4343300.0,57.9771842956543
2008-02-11,81.38999938964844,78.8499984741211,79.45999908447266,81.12999725341797,4898200.0,59.2927131652832
2008-02-12,84.52999877929688,81.44000244140625,81.80000305175781,83.55999755859375,7980000.0,61.06861877441406
2008-02-13,85.62999725341797,84.01000213623047,84.3499984741211,85.4800033569336,6405000.0,62.47181701660156
2008-02-14,86.05999755859375,84.9000015258789,85.66999816894531,85.22000122070312,6631600.0,62.28182601928711
2008-02-15,85.41999816894531,84.16999816894531,85.05999755859375,85.18000030517578,5749300.0,62.25258255004883
2008-02-19,86.87999725341797,84.83000183105469,86.11000061035156,85.37000274658203,4158300.0,62.39146423339844
2008-02-20,84.69000244140625,82.94999694824219,84.47000122070312,84.0,7526400.0,61.390201568603516
2008-02-21,84.95999908447266,81.87000274658203,84.12000274658203,82.01000213623047,6688300.0,59.93583297729492
2008-02-22,83.20999908447266,81.75,82.51000213623047,83.04000091552734,5229100.0,60.68857955932617
2008-02-25,84.73999786376953,83.12000274658203,83.26000213623047,84.66000366210938,5450600.0,61.872581481933594
2008-02-26,85.12000274658203,83.9000015258789,85.12000274658203,84.56999969482422,5171700.0,61.806800842285156
2008-02-27,85.19000244140625,83.4000015258789,84.22000122070312,83.94999694824219,4675100.0,61.35367202758789
2008-02-28,85.0,82.7300033569336,83.51000213623047,84.80000305175781,5727400.0,61.9748649597168
2008-02-29,84.5,82.4000015258789,84.02999877929688,82.79000091552734,7667800.0,60.50589370727539
2008-03-03,80.88999938964844,79.25,79.31999969482422,80.66999816894531,9575400.0,58.956504821777344
2008-03-04,79.98999786376953,78.33999633789062,79.77999877929688,79.62000274658203,8209200.0,58.18913650512695
2008-03-05,81.31999969482422,79.66999816894531,79.81999969482422,80.70999908447266,5669600.0,58.98575210571289
2008-03-06,80.72000122070312,79.37999725341797,80.55000305175781,79.51000213623047,4503500.0,58.10873794555664
2008-03-07,79.0,76.37000274658203,78.98999786376953,76.5999984741211,9657100.0,55.98200607299805
2008-03-10,76.70999908447266,74.37999725341797,76.52999877929688,74.37999725341797,9930500.0,54.35955810546875
2008-03-11,75.75,72.38999938964844,74.77999877929688,73.4000015258789,14137400.0,53.64332962036133
2008-03-12,74.75,72.12999725341797,73.70999908447266,72.44999694824219,8966800.0,52.94904327392578
2008-03-13,74.41999816894531,71.58999633789062,71.80999755859375,74.18000030517578,10850600.0,54.213409423828125
2008-03-14,77.19000244140625,75.12999725341797,75.79000091552734,76.2300033569336,13225400.0,55.71162414550781
2008-03-17,76.19999694824219,74.13999938964844,74.45999908447266,75.48999786376953,5463100.0,55.17079544067383
2008-03-18,77.0,75.26000213623047,77.0,76.52999877929688,5644000.0,55.93086242675781
2008-03-19,77.0,73.44999694824219,76.9800033569336,73.44999694824219,9195600.0,53.679874420166016
2008-03-20,75.0,72.72000122070312,73.55000305175781,74.80000305175781,8086000.0,54.66651153564453
2008-03-24,76.4800033569336,74.79000091552734,75.25,76.29000091552734,4853800.0,55.755455017089844
2008-03-25,76.87999725341797,75.13999938964844,76.87999725341797,75.9000015258789,5969200.0,55.47043228149414
2008-03-26,76.5,75.5999984741211,75.66000366210938,76.30000305175781,4350600.0,55.76276779174805
2008-03-27,76.36000061035156,74.13999938964844,75.86000061035156,74.22000122070312,7709400.0,54.24260711669922
2008-03-28,74.62999725341797,73.08000183105469,74.44000244140625,73.47000122070312,4616800.0,53.69449234008789
2008-03-31,74.58000183105469,73.4000015258789,74.0,74.37000274658203,7394800.0,54.352256774902344
2008-04-01,75.88999938964844,74.80000305175781,75.0199966430664,75.87999725341797,5956000.0,55.455814361572266
2008-04-02,77.19000244140625,75.7300033569336,76.0999984741211,76.8499984741211,6121500.0,56.16471862792969
2008-04-03,77.22000122070312,75.9000015258789,76.55000305175781,76.13999938964844,5597100.0,55.64583969116211
2008-04-04,76.62999725341797,75.33000183105469,76.04000091552734,75.6500015258789,5086600.0,55.28773498535156
2008-04-07,76.52999877929688,74.87999725341797,76.52999877929688,74.9800033569336,5388700.0,54.798072814941406
2008-04-08,75.38999938964844,74.04000091552734,74.51000213623047,75.0199966430664,5597200.0,54.82730484008789
2008-04-09,79.9000015258789,76.30999755859375,76.72000122070312,78.5999984741211,19513400.0,57.44368362426758
2008-04-10,79.05000305175781,77.79000091552734,78.44999694824219,78.43000030517578,7873800.0,57.31943893432617
2008-04-11,78.41000366210938,76.72000122070312,77.6500015258789,76.86000061035156,5427700.0,56.172019958496094
2008-04-14,77.63999938964844,76.66999816894531,76.68000030517578,77.22000122070312,4926500.0,56.43512725830078
2008-04-15,77.66999816894531,75.5999984741211,77.55999755859375,75.69999694824219,6337700.0,55.32426452636719
2008-04-16,76.91999816894531,75.63999938964844,76.30999755859375,76.66999816894531,4895700.0,56.03316116333008
2008-04-17,77.26000213623047,76.4000015258789,76.4000015258789,76.91000366210938,3466400.0,56.20858383178711
2008-04-18,79.0999984741211,77.5,77.5,78.66000366210938,6742900.0,57.487548828125
2008-04-21,79.37000274658203,78.16999816894531,78.70999908447266,79.08999633789062,4744200.0,57.80181121826172
2008-04-22,79.98999786376953,77.75,79.31999969482422,78.55999755859375,7615500.0,57.41444396972656
2008-04-23,83.36000061035156,79.56999969482422,80.6500015258789,82.08999633789062,15488400.0,59.99430847167969
2008-04-24,83.37000274658203,81.6500015258789,82.48999786376953,83.0,5755200.0,60.659366607666016
2008-04-25,85.25,83.37999725341797,83.37999725341797,84.83999633789062,8355000.0,62.004085540771484
2008-04-28,85.63999938964844,84.27999877929688,85.01000213623047,84.9800033569336,5378900.0,62.10642623901367
2008-04-29,86.44999694824219,84.54000091552734,84.54000091552734,85.52999877929688,4485300.0,62.508365631103516
2008-04-30,86.18000030517578,84.62999725341797,85.83000183105469,84.86000061035156,5220600.0,62.018741607666016
2008-05-01,85.4800033569336,84.56999969482422,84.86000061035156,85.41000366210938,5083200.0,62.420684814453125
2008-05-02,86.5,84.9800033569336,86.31999969482422,85.69000244140625,3784500.0,62.625335693359375
2008-05-05,86.06999969482422,85.0,85.31999969482422,85.91999816894531,3886400.0,62.79340744018555
2008-05-06,86.20999908447266,85.12999725341797,85.58999633789062,86.1500015258789,5079200.0,62.96147155761719
2008-05-07,86.0999984741211,84.41999816894531,86.02999877929688,84.55000305175781,5060300.0,62.08041000366211
2008-05-08,85.19999694824219,84.0,84.70999908447266,84.76000213623047,3671600.0,62.234588623046875
2008-05-09,84.75,83.75,84.43000030517578,84.05999755859375,3328200.0,61.72062301635742
2008-05-12,85.0,83.27999877929688,84.4000015258789,84.80000305175781,5367400.0,62.26396560668945
2008-05-13,85.29000091552734,84.11000061035156,84.98999786376953,85.08000183105469,4292400.0,62.46956253051758
2008-05-14,86.66999816894531,85.08000183105469,85.30000305175781,85.69000244140625,4909900.0,62.91746139526367
2008-05-15,86.13999938964844,85.0,85.70999908447266,85.55000305175781,6006300.0,62.81463623046875
2008-05-16,85.83999633789062,84.73999786376953,85.83999633789062,85.16999816894531,7129900.0,62.53561782836914
2008-05-19,88.29000091552734,85.0,85.55999755859375,87.06999969482422,7176300.0,63.930721282958984
2008-05-20,87.05000305175781,84.61000061035156,87.05000305175781,85.13999938964844,5698000.0,62.51360321044922
2008-05-21,85.5999984741211,80.77999877929688,85.41000366210938,81.19000244140625,10847200.0,59.61336898803711
2008-05-22,81.72000122070312,80.55000305175781,81.05000305175781,81.41000366210938,6333300.0,59.774871826171875
2008-05-23,82.08999633789062,80.8499984741211,81.20999908447266,81.4800033569336,4476600.0,59.82627868652344
2008-05-27,83.30000305175781,81.5999984741211,81.5999984741211,82.87000274658203,4528900.0,60.846893310546875
2008-05-28,83.25,81.08000183105469,83.25,82.12999725341797,4135400.0,60.303524017333984
2008-05-29,83.0,81.05000305175781,81.81999969482422,82.11000061035156,3465200.0,60.288848876953125
2008-05-30,82.94000244140625,81.01000213623047,82.4000015258789,82.7699966430664,4660200.0,60.7734489440918
2008-06-02,82.61000061035156,80.47000122070312,82.61000061035156,81.1500015258789,4492000.0,59.583988189697266
2008-06-03,81.80000305175781,77.30000305175781,81.5,78.12000274658203,10185000.0,57.35921096801758
2008-06-04,78.81999969482422,77.4800033569336,77.54000091552734,78.0199966430664,6750100.0,57.285789489746094
2008-06-05,78.19999694824219,76.80000305175781,78.19000244140625,77.30999755859375,5787700.0,56.76445770263672
2008-06-06,76.56999969482422,73.0,76.54000091552734,73.16000366210938,12786400.0,53.71735763549805
2008-06-09,74.12000274658203,73.13999938964844,73.4000015258789,73.94999694824219,6629000.0,54.297401428222656
2008-06-10,74.11000061035156,72.76000213623047,73.45999908447266,73.66999816894531,5675000.0,54.09182357788086
2008-06-11,73.7699966430664,72.93000030517578,73.44000244140625,73.30999755859375,6544800.0,53.82749557495117
2008-06-12,77.05000305175781,73.79000091552734,74.01000213623047,74.12000274658203,9794900.0,54.422237396240234
2008-06-13,75.48999786376953,74.37999725341797,74.76000213623047,75.12000274658203,6087100.0,55.156471252441406
2008-06-16,75.44999694824219,74.02999877929688,74.7699966430664,75.0199966430664,3481100.0,55.08305740356445
2008-06-17,75.5,73.80999755859375,75.37999725341797,74.37999725341797,6503700.0,54.61313247680664
2008-06-18,76.33999633789062,73.37000274658203,73.37000274658203,74.6500015258789,11534700.0,54.81138610839844
2008-06-19,77.20999908447266,74.68000030517578,75.05000305175781,76.94999694824219,7539700.0,56.50014877319336
2008-06-20,77.80000305175781,75.66000366210938,77.80000305175781,75.83000183105469,8868600.0,55.677764892578125
2008-06-23,76.4800033569336,75.12000274658203,76.2300033569336,75.58999633789062,4036600.0,55.501564025878906
2008-06-24,75.61000061035156,74.12999725341797,75.23999786376953,74.79000091552734,4949800.0,54.91416549682617
2008-06-25,72.79000091552734,69.3499984741211,72.27999877929688,69.63999938964844,21124600.0,51.132808685302734
2008-06-26,70.38999938964844,68.05000305175781,68.75,68.20999908447266,10984200.0,50.08283615112305
2008-06-27,67.93000030517578,66.37999725341797,67.73999786376953,66.91999816894531,10369500.0,49.13567352294922
2008-06-30,66.75,65.55000305175781,66.62999725341797,65.72000122070312,8562400.0,48.25457763671875
2008-07-01,66.22000122070312,64.55999755859375,64.94999694824219,65.44999694824219,9758400.0,48.05632019042969
2008-07-02,65.98999786376953,63.900001525878906,65.81999969482422,63.900001525878906,10136400.0,46.91824722290039
2008-07-03,64.5999984741211,63.540000915527344,64.01000213623047,64.47000122070312,4058400.0,47.336769104003906
2008-07-07,65.69000244140625,63.56999969482422,64.66000366210938,64.29000091552734,6175400.0,47.2046012878418
2008-07-08,66.0,64.20999908447266,64.43000030517578,65.91999816894531,6689800.0,48.40141677856445
2008-07-09,67.2300033569336,65.31999969482422,66.05999755859375,65.58999633789062,9614900.0,48.159122467041016
2008-07-10,66.5,65.01000213623047,65.94999694824219,65.98999786376953,7304100.0,48.452823638916016
2008-07-11,65.3499984741211,62.86000061035156,65.3499984741211,63.279998779296875,9787400.0,46.463016510009766
2008-07-14,64.4000015258789,62.630001068115234,64.4000015258789,63.189998626708984,5545500.0,46.39692687988281
2008-07-15,64.36000061035156,62.02000045776367,62.060001373291016,63.880001068115234,7925200.0,46.903568267822266
2008-07-16,65.68000030517578,63.5,63.90999984741211,65.58000183105469,5644100.0,48.15177536010742
2008-07-17,67.22000122070312,65.05000305175781,66.05000305175781,66.91999816894531,7105200.0,49.13567352294922
2008-07-18,68.33999633789062,66.54000091552734,67.11000061035156,68.13999938964844,8452100.0,50.03144073486328
2008-07-21,68.91000366210938,67.30000305175781,68.5,68.23999786376953,5025700.0,50.10487365722656
2008-07-22,69.5,67.76000213623047,68.58000183105469,69.26000213623047,6168500.0,50.853797912597656
2008-07-23,68.01000213623047,65.62000274658203,67.31999969482422,66.72000122070312,11043900.0,48.98882293701172
2008-07-24,66.08999633789062,62.04999923706055,65.5999984741211,62.529998779296875,14072900.0,45.91233825683594
2008-07-25,64.13999938964844,62.34000015258789,63.0,63.83000183105469,9167400.0,46.86684799194336
2008-07-28,64.05999755859375,62.2599983215332,63.81999969482422,62.34000015258789,6253100.0,45.772830963134766
2008-07-29,63.5,62.31999969482422,62.63999938964844,63.209999084472656,5620700.0,46.41162109375
2008-07-30,63.93000030517578,63.0,63.59000015258789,63.81999969482422,6011000.0,46.85950469970703
2008-07-31,63.0,61.0099983215332,63.0,61.11000061035156,10585300.0,44.86971664428711
2008-08-01,62.279998779296875,60.77000045776367,61.38999938964844,62.0099983215332,7016800.0,45.530521392822266
2008-08-04,62.33000183105469,61.130001068115234,62.08000183105469,61.36000061035156,6074500.0,45.05327224731445
2008-08-05,65.68000030517578,61.86000061035156,61.869998931884766,65.19999694824219,8941000.0,47.872764587402344
2008-08-06,66.0199966430664,64.0,64.9000015258789,65.4000015258789,6240000.0,48.316036224365234
2008-08-07,66.18000030517578,64.6500015258789,65.05999755859375,64.69000244140625,7389300.0,47.79150390625
2008-08-08,68.75,64.30999755859375,64.87000274658203,67.86000061035156,10088400.0,50.133426666259766
2008-08-11,67.9000015258789,66.20999908447266,67.88999938964844,66.62000274658203,6875200.0,49.21733856201172
2008-08-12,66.94999694824219,65.56999969482422,66.88999938964844,65.93000030517578,6422200.0,48.70758819580078
2008-08-13,66.2300033569336,64.0,66.06999969482422,64.26000213623047,8990000.0,47.47383117675781
2008-08-14,65.43000030517578,63.45000076293945,63.7400016784668,64.7699966430664,9356600.0,47.850608825683594
2008-08-15,65.33000183105469,63.81999969482422,64.7699966430664,64.44999694824219,7672600.0,47.614192962646484
2008-08-18,65.22000122070312,63.18000030517578,64.5,63.63999938964844,4903400.0,47.015785217285156
2008-08-19,64.19000244140625,62.619998931884766,63.47999954223633,62.95000076293945,8101400.0,46.50603103637695
2008-08-20,63.970001220703125,62.209999084472656,62.9900016784668,63.209999084472656,3964400.0,46.6981086730957
2008-08-21,63.790000915527344,62.209999084472656,62.970001220703125,63.54999923706055,4048500.0,46.94929885864258
2008-08-22,65.70999908447266,63.5099983215332,63.939998626708984,65.55000305175781,5490800.0,48.42684555053711
2008-08-25,65.48999786376953,63.58000183105469,64.91000366210938,64.06999969482422,4578300.0,47.33346939086914
2008-08-26,64.38999938964844,62.869998931884766,64.08999633789062,63.459999084472656,4488800.0,46.88280487060547
2008-08-27,65.19999694824219,63.20000076293945,63.56999969482422,64.5199966430664,4034300.0,47.66590118408203
2008-08-28,66.9800033569336,64.26000213623047,64.77999877929688,66.33999633789062,4448600.0,49.01047897338867
2008-08-29,66.43000030517578,65.0999984741211,66.25,65.55999755859375,3912800.0,48.43423080444336
2008-09-02,68.47000122070312,65.43000030517578,67.0,65.87000274658203,6464200.0,48.66326904296875
2008-09-03,67.08000183105469,64.13999938964844,65.69000244140625,66.06999969482422,5252900.0,48.8110237121582
2008-09-04,65.30000305175781,62.040000915527344,65.01000213623047,63.029998779296875,10921800.0,46.56513214111328
2008-09-05,63.4900016784668,61.88999938964844,62.52000045776367,62.88999938964844,5608800.0,46.46170425415039
2008-09-08,64.06999969482422,61.86000061035156,62.470001220703125,63.90999984741211,8309100.0,47.21526336669922
2008-09-09,65.22000122070312,63.91999816894531,63.91999816894531,64.0199966430664,7752800.0,47.29651641845703
2008-09-10,63.810001373291016,61.58000183105469,63.58000183105469,61.709999084472656,9138500.0,45.589942932128906
2008-09-11,62.709999084472656,61.130001068115234,61.130001068115234,62.56999969482422,6101100.0,46.22530746459961
2008-09-12,63.41999816894531,61.70000076293945,62.380001068115234,63.29999923706055,5084500.0,46.76460266113281
2008-09-15,62.79999923706055,61.0,61.810001373291016,62.25,9809800.0,45.988895416259766
2008-09-16,63.0,60.15999984741211,61.02000045776367,61.720001220703125,8591700.0,45.59733963012695
2008-09-17,61.0,56.43000030517578,60.880001068115234,57.0,14830200.0,42.11030197143555
2008-09-18,58.65999984741211,54.20000076293945,57.689998626708984,58.11000061035156,14031600.0,42.930355072021484
2008-09-19,61.0,57.599998474121094,60.7400016784668,59.7599983215332,10863200.0,44.149330139160156
2008-09-22,60.40999984741211,58.2599983215332,59.33000183105469,58.810001373291016,6031400.0,43.44749069213867
2008-09-23,60.38999938964844,57.189998626708984,58.90999984741211,57.310001373291016,6634600.0,42.33932113647461
2008-09-24,58.869998931884766,56.93000030517578,57.540000915527344,57.36000061035156,5484100.0,42.37625503540039
2008-09-25,58.20000076293945,56.79999923706055,57.66999816894531,57.41999816894531,6381800.0,42.42059326171875
2008-09-26,58.5,56.0099983215332,56.7400016784668,58.31999969482422,5866500.0,43.085506439208984
2008-09-29,57.95000076293945,54.75,57.5,55.470001220703125,9604900.0,40.979984283447266
2008-09-30,57.650001525878906,55.619998931884766,56.290000915527344,57.349998474121094,6412200.0,42.36888122558594
2008-10-01,58.0,55.369998931884766,56.7599983215332,56.619998931884766,6221800.0,41.829566955566406
2008-10-02,56.970001220703125,53.34000015258789,56.33000183105469,53.58000183105469,8128100.0,39.58368682861328
2008-10-03,56.400001525878906,53.7599983215332,54.0,53.83000183105469,9312300.0,39.76838302612305
2008-10-06,53.0,47.880001068115234,51.77000045776367,51.290000915527344,12428500.0,37.89189147949219
2008-10-07,52.560001373291016,48.709999084472656,51.790000915527344,49.279998779296875,10927800.0,36.406944274902344
2008-10-08,50.0,47.18000030517578,48.40999984741211,47.70000076293945,11889300.0,35.239681243896484
2008-10-09,48.939998626708984,44.40999984741211,47.83000183105469,44.40999984741211,12239000.0,32.80910110473633
2008-10-10,44.25,40.0,40.130001068115234,41.79999923706055,20325600.0,30.880905151367188
2008-10-13,47.310001373291016,42.5,43.56999969482422,47.08000183105469,14290600.0,34.78163528442383
2008-10-14,49.470001220703125,43.61000061035156,48.630001068115234,45.06999969482422,12493900.0,33.29669189453125
2008-10-15,45.47999954223633,41.540000915527344,44.18000030517578,42.33000183105469,10146800.0,31.2724552154541
2008-10-16,45.0,39.9900016784668,42.63999938964844,44.790000915527344,11752000.0,33.08982849121094
2008-10-17,46.81999969482422,43.209999084472656,43.95000076293945,44.54999923706055,10045100.0,32.91252899169922
2008-10-20,46.77000045776367,43.720001220703125,44.7400016784668,46.709999084472656,7809200.0,34.50828552246094
2008-10-21,47.689998626708984,45.529998779296875,46.31999969482422,46.400001525878906,7357000.0,34.279266357421875
2008-10-22,44.900001525878906,41.79999923706055,44.15999984741211,42.90999984741211,10096700.0,31.700925827026367
2008-10-23,46.810001373291016,42.810001373291016,43.20000076293945,46.52000045776367,13971200.0,34.36793518066406
2008-10-24,47.2400016784668,41.75,42.5,45.2400016784668,9792200.0,33.42228317260742
2008-10-27,46.130001068115234,42.2599983215332,45.70000076293945,42.36000061035156,9236200.0,31.294612884521484
2008-10-28,49.04999923706055,43.630001068115234,46.45000076293945,48.90999984741211,14396800.0,36.13359069824219
2008-10-29,52.81999969482422,48.810001373291016,48.810001373291016,49.79999923706055,12835700.0,36.79111099243164
2008-10-30,52.79999923706055,48.58000183105469,52.279998779296875,50.70000076293945,9559100.0,37.45601272583008
2008-10-31,52.61000061035156,49.279998779296875,50.619998931884766,52.41999816894531,8419400.0,38.72669982910156
2008-11-03,53.18000030517578,50.81999969482422,51.900001525878906,52.849998474121094,8412300.0,39.044368743896484
2008-11-04,54.650001525878906,52.720001220703125,54.40999984741211,53.619998931884766,9284500.0,39.613224029541016
2008-11-05,52.59000015258789,49.0,52.5,49.54999923706055,10002100.0,36.88155746459961
2008-11-06,50.22999954223633,45.349998474121094,48.970001220703125,45.720001220703125,13721300.0,34.03076171875
2008-11-07,47.29999923706055,45.349998474121094,46.58000183105469,46.58000183105469,7150800.0,34.670902252197266
2008-11-10,48.310001373291016,45.59000015258789,47.29999923706055,46.13999938964844,5304200.0,34.3433723449707
2008-11-11,45.5,42.75,45.5,43.970001220703125,7928100.0,32.72818374633789
2008-11-12,44.09000015258789,42.0,43.22999954223633,42.52000045776367,7739500.0,31.648914337158203
2008-11-13,43.31999969482422,39.06999969482422,42.029998779296875,43.15999984741211,13997600.0,32.125267028808594
2008-11-14,43.7599983215332,40.79999923706055,42.0099983215332,41.040000915527344,8908900.0,30.54729652404785
2008-11-17,42.79999923706055,40.5,40.61000061035156,41.18000030517578,7042600.0,30.651504516601562
2008-11-18,40.7599983215332,38.04999923706055,40.599998474121094,39.560001373291016,12209200.0,29.44569969177246
2008-11-19,40.130001068115234,37.45000076293945,39.279998779296875,37.47999954223633,10614300.0,27.897485733032227
2008-11-20,39.7400016784668,36.720001220703125,36.97999954223633,37.11000061035156,13406300.0,27.6220760345459
2008-11-21,39.93000030517578,36.16999816894531,37.18000030517578,39.58000183105469,13259700.0,29.460575103759766
2008-11-24,41.25,38.88999938964844,40.04999923706055,40.75,9682300.0,30.33144760131836
2008-11-25,40.79999923706055,39.540000915527344,40.54999923706055,40.18000030517578,9618700.0,29.90716552734375
2008-11-26,41.34000015258789,39.02000045776367,39.349998474121094,41.279998779296875,6256400.0,30.72593879699707
2008-11-28,42.79999923706055,41.099998474121094,41.16999816894531,42.630001068115234,2608200.0,31.73078727722168
2008-12-01,42.0,39.7400016784668,41.63999938964844,39.880001068115234,7817500.0,29.683868408203125
2008-12-02,41.0,39.25,40.540000915527344,40.70000076293945,6029400.0,30.294225692749023
2008-12-03,41.099998474121094,39.150001525878906,40.22999954223633,40.470001220703125,8007000.0,30.12302589416504
2008-12-04,41.33000183105469,38.5,39.84000015258789,39.189998626708984,7244200.0,29.170284271240234
2008-12-05,39.56999969482422,36.279998779296875,38.0,39.529998779296875,10564600.0,29.423362731933594
2008-12-08,43.689998626708984,40.040000915527344,40.349998474121094,42.849998474121094,13096400.0,31.894546508789062
2008-12-09,42.439998626708984,40.650001525878906,41.56999969482422,40.81999969482422,8306100.0,30.383541107177734
2008-12-10,42.689998626708984,40.939998626708984,41.4900016784668,41.68000030517578,5181000.0,31.023670196533203
2008-12-11,42.0099983215332,40.02000045776367,40.650001525878906,40.27000045776367,7691900.0,29.974163055419922
2008-12-12,39.7400016784668,38.20000076293945,39.560001373291016,39.20000076293945,10337400.0,29.177732467651367
2008-12-15,39.880001068115234,38.20000076293945,39.599998474121094,38.7400016784668,8228000.0,28.835342407226562
2008-12-16,42.0,38.20000076293945,39.209999084472656,41.900001525878906,11041400.0,31.187429428100586
2008-12-17,41.5,40.150001525878906,41.15999984741211,41.02000045776367,7270600.0,30.53241729736328
2008-12-18,41.75,40.689998626708984,41.310001373291016,41.06999969482422,8652600.0,30.569622039794922
2008-12-19,42.38999938964844,41.0,41.31999969482422,41.2400016784668,9903900.0,30.696163177490234
2008-12-22,41.560001373291016,40.0,40.650001525878906,41.119998931884766,5397200.0,30.606842041015625
2008-12-23,41.5,39.83000183105469,41.25,40.150001525878906,5270500.0,29.884845733642578
2008-12-24,40.790000915527344,40.040000915527344,40.2400016784668,40.119998931884766,1753500.0,29.862510681152344
2008-12-26,40.689998626708984,39.7599983215332,39.7599983215332,40.529998779296875,2803400.0,30.16769790649414
2008-12-29,40.54999923706055,39.5,40.380001068115234,39.9900016784668,3876600.0,29.765756607055664
2008-12-30,41.34000015258789,39.810001373291016,40.08000183105469,41.25,4549700.0,30.703611373901367
2008-12-31,43.04999923706055,41.5,41.59000015258789,42.66999816894531,5443100.0,31.760570526123047
2009-01-02,45.560001373291016,42.779998779296875,42.79999923706055,45.25,7010200.0,33.68093490600586
2009-01-05,46.810001373291016,44.79999923706055,45.5,46.16999816894531,6917400.0,34.36571502685547
2009-01-06,47.0,45.5,46.849998474121094,46.310001373291016,7180300.0,34.46992492675781
2009-01-07,45.61000061035156,44.16999816894531,45.099998474121094,44.7599983215332,6586200.0,33.316200256347656
2009-01-08,44.900001525878906,43.880001068115234,44.5,44.790000915527344,5477000.0,33.338531494140625
2009-01-09,45.150001525878906,43.93000030517578,44.79999923706055,44.45000076293945,5645100.0,33.08546447753906
2009-01-12,44.45000076293945,43.189998626708984,44.279998779296875,43.7400016784668,4989200.0,32.556983947753906
2009-01-13,43.619998931884766,41.79999923706055,43.380001068115234,42.459999084472656,6359400.0,31.6042423248291
2009-01-14,41.97999954223633,40.869998931884766,41.880001068115234,41.20000076293945,7354900.0,30.666393280029297
2009-01-15,41.599998474121094,39.5099983215332,41.06999969482422,40.959999084472656,8464900.0,30.48775291442871
2009-01-16,43.04999923706055,41.040000915527344,41.45000076293945,42.459999084472656,9310800.0,31.6042423248291
2009-01-20,42.7400016784668,40.20000076293945,42.08000183105469,40.36000061035156,9636800.0,30.041147232055664
2009-01-21,42.400001525878906,40.0,40.75,42.27000045776367,6933100.0,31.462831497192383
2009-01-22,42.75,41.16999816894531,41.72999954223633,42.2599983215332,6590800.0,31.45537757873535
2009-01-23,42.84000015258789,40.90999984741211,40.90999984741211,41.97999954223633,5755600.0,31.246963500976562
2009-01-26,43.77000045776367,42.060001373291016,42.459999084472656,43.0099983215332,4659200.0,32.01362228393555
2009-01-27,43.959999084472656,42.880001068115234,43.290000915527344,43.220001220703125,5218900.0,32.16994094848633
2009-01-28,44.400001525878906,42.7599983215332,43.470001220703125,43.2400016784668,8071100.0,32.18484115600586
2009-01-29,42.7599983215332,40.369998931884766,42.7599983215332,40.709999084472656,8446500.0,30.30167007446289
2009-01-30,42.4900016784668,40.630001068115234,40.7599983215332,42.310001373291016,9098000.0,31.492603302001953
2009-02-02,41.72999954223633,40.11000061035156,41.72999954223633,40.79999923706055,8107400.0,30.3686580657959
2009-02-03,42.43000030517578,40.7599983215332,41.45000076293945,42.09000015258789,7220800.0,31.328853607177734
2009-02-04,42.970001220703125,41.689998626708984,42.119998931884766,41.970001220703125,6729000.0,31.554384231567383
2009-02-05,43.11000061035156,40.619998931884766,41.75,42.720001220703125,9021100.0,32.118263244628906
2009-02-06,43.66999816894531,42.25,42.52000045776367,42.91999816894531,6334200.0,32.26861572265625
2009-02-09,43.41999816894531,42.439998626708984,42.79999923706055,42.79999923706055,5088300.0,32.178409576416016
2009-02-10,42.22999954223633,40.02000045776367,41.290000915527344,40.209999084472656,9999200.0,30.23117446899414
2009-02-11,40.7599983215332,39.86000061035156,40.5099983215332,40.33000183105469,6519300.0,30.321392059326172
2009-02-12,39.9900016784668,38.58000183105469,39.58000183105469,39.86000061035156,6028900.0,29.968036651611328
2009-02-13,41.189998626708984,39.88999938964844,39.88999938964844,40.47999954223633,5483500.0,30.43416976928711
2009-02-17,39.7400016784668,38.29999923706055,39.4900016784668,38.43000030517578,6949100.0,28.892908096313477
2009-02-18,38.77000045776367,37.7599983215332,38.77000045776367,37.97999954223633,6324500.0,28.554590225219727
2009-02-19,38.70000076293945,37.41999816894531,38.2400016784668,37.56999969482422,5466700.0,28.246334075927734
2009-02-20,37.20000076293945,35.31999969482422,36.72999954223633,36.310001373291016,10598900.0,27.299022674560547
2009-02-23,36.790000915527344,34.349998474121094,36.72999954223633,34.459999084472656,9519200.0,25.908138275146484
2009-02-24,35.83000183105469,33.88999938964844,34.439998626708984,35.439998626708984,10815100.0,26.64493179321289
2009-02-25,35.27000045776367,33.220001220703125,35.27000045776367,33.90999984741211,11683900.0,25.49462890625
2009-02-26,34.619998931884766,32.63999938964844,34.5,32.709999084472656,8771600.0,24.59243392944336
2009-02-27,32.369998931884766,31.399999618530273,32.29999923706055,31.440000534057617,11789000.0,23.63759994506836
2009-03-02,31.0,29.31999969482422,30.959999084472656,29.510000228881836,13956800.0,22.18657112121582
2009-03-03,30.110000610351562,29.049999237060547,29.700000762939453,29.360000610351562,10433300.0,22.073795318603516
2009-03-04,30.780000686645508,29.110000610351562,29.860000610351562,30.309999465942383,11627500.0,22.788036346435547
2009-03-05,30.020000457763672,29.06999969482422,29.219999313354492,29.389999389648438,11675700.0,22.096343994140625
2009-03-06,30.200000762939453,29.389999389648438,29.610000610351562,30.100000381469727,13134300.0,22.630144119262695
2009-03-09,31.459999084472656,29.959999084472656,29.979999542236328,31.0,12407200.0,23.306800842285156
2009-03-10,33.02000045776367,31.31999969482422,31.420000076293945,33.0099983215332,11501700.0,24.817975997924805
2009-03-11,33.70000076293945,32.38999938964844,32.59000015258789,33.27000045776367,10823100.0,25.013456344604492
2009-03-12,33.75,32.38999938964844,33.0099983215332,33.630001068115234,6133200.0,25.284116744995117
2009-03-13,34.099998474121094,32.93000030517578,33.720001220703125,33.400001525878906,7434000.0,25.11119270324707
2009-03-16,34.959999084472656,33.380001068115234,33.7400016784668,33.83000183105469,7157200.0,25.434476852416992
2009-03-17,34.439998626708984,33.2599983215332,33.91999816894531,34.439998626708984,5270900.0,25.893096923828125
2009-03-18,34.75,32.5,34.290000915527344,33.75,15879900.0,25.374330520629883
2009-03-19,34.119998931884766,32.970001220703125,33.86000061035156,33.189998626708984,10427300.0,24.953306198120117
2009-03-20,33.5,32.540000915527344,33.220001220703125,32.54999923706055,11323000.0,24.472135543823242
2009-03-23,35.5,33.04999923706055,33.20000076293945,35.5,8223900.0,26.69003677368164
2009-03-24,36.720001220703125,34.81999969482422,34.880001068115234,36.099998474121094,8468300.0,27.141136169433594
2009-03-25,37.790000915527344,35.970001220703125,36.029998779296875,37.060001373291016,12446200.0,27.862895965576172
2009-03-26,38.68000030517578,36.90999984741211,37.31999969482422,38.65999984741211,9544600.0,29.065824508666992
2009-03-27,38.470001220703125,37.06999969482422,38.22999954223633,37.529998779296875,7329000.0,28.216257095336914
2009-03-30,36.97999954223633,35.11000061035156,36.630001068115234,35.52000045776367,10833800.0,26.7050724029541
2009-03-31,36.2400016784668,35.04999923706055,35.900001525878906,35.58000183105469,11549200.0,26.75018882751465
2009-04-01,35.599998474121094,34.209999084472656,34.52000045776367,35.439998626708984,9288800.0,26.64493179321289
2009-04-02,37.97999954223633,36.15999984741211,36.15999984741211,37.20000076293945,9449300.0,27.968156814575195
2009-04-03,38.119998931884766,36.38999938964844,37.22999954223633,37.689998626708984,8591300.0,28.336557388305664
2009-04-06,38.220001220703125,36.540000915527344,37.47999954223633,38.15999984741211,7390300.0,28.689912796020508
2009-04-07,37.689998626708984,36.5099983215332,37.5099983215332,36.63999938964844,6015900.0,27.547128677368164
2009-04-08,37.15999984741211,36.2400016784668,36.5,36.869998931884766,4477300.0,27.72005271911621
2009-04-09,39.18000030517578,37.68000030517578,37.68000030517578,39.150001525878906,9065400.0,29.43423080444336
2009-04-13,37.47999954223633,35.810001373291016,36.970001220703125,37.150001525878906,9531300.0,27.93056297302246
2009-04-14,37.5,36.29999923706055,36.5099983215332,37.040000915527344,5845300.0,27.847858428955078
2009-04-15,38.040000915527344,36.61000061035156,36.630001068115234,37.56999969482422,5452200.0,28.246334075927734
2009-04-16,38.75,37.0,37.619998931884766,38.38999938964844,6423900.0,28.862836837768555
2009-04-17,38.779998779296875,38.18000030517578,38.54999923706055,38.31999969482422,6152300.0,28.810205459594727
2009-04-20,37.86000061035156,36.36000061035156,37.650001525878906,36.47999954223633,7017000.0,27.426836013793945
2009-04-21,36.65999984741211,35.939998626708984,36.65999984741211,36.650001525878906,7352500.0,27.554651260375977
2009-04-22,38.31999969482422,36.540000915527344,37.849998474121094,37.29999923706055,11626000.0,28.043336868286133
2009-04-23,38.119998931884766,36.599998474121094,37.290000915527344,37.93000030517578,6400400.0,28.516992568969727
2009-04-24,39.0099983215332,37.75,38.099998474121094,38.720001220703125,8351000.0,29.110946655273438
2009-04-27,39.849998474121094,37.720001220703125,37.9900016784668,39.470001220703125,8546500.0,29.674821853637695
2009-04-28,39.41999816894531,38.31999969482422,39.11000061035156,38.849998474121094,6627200.0,29.20867156982422
2009-04-29,40.72999954223633,39.02000045776367,39.09000015258789,40.54999923706055,7775900.0,30.48678207397461
2009-04-30,41.7400016784668,39.900001525878906,41.06999969482422,40.04999923706055,7028100.0,30.110876083374023
2009-05-01,41.369998931884766,40.09000015258789,40.310001373291016,41.209999084472656,5508800.0,30.98301124572754
2009-05-04,42.18000030517578,41.5099983215332,41.900001525878906,42.18000030517578,5269800.0,31.712276458740234
2009-05-05,43.25,41.91999816894531,41.91999816894531,43.150001525878906,7683900.0,32.441558837890625
2009-05-06,44.209999084472656,43.08000183105469,43.29999923706055,44.20000076293945,7930300.0,33.5576171875
2009-05-07,44.619998931884766,42.75,44.470001220703125,43.529998779296875,7106700.0,33.04892349243164
2009-05-08,45.84000015258789,43.77000045776367,43.959999084472656,45.83000183105469,7491100.0,34.795162200927734
2009-05-11,45.599998474121094,44.529998779296875,45.2599983215332,44.720001220703125,9595700.0,33.95241165161133
2009-05-12,45.06999969482422,43.290000915527344,44.540000915527344,44.099998474121094,7068700.0,33.4817008972168
2009-05-13,43.41999816894531,42.380001068115234,43.18000030517578,42.95000076293945,6323700.0,32.60858154296875
2009-05-14,43.810001373291016,42.720001220703125,42.939998626708984,43.439998626708984,5251600.0,32.98059844970703
2009-05-15,43.9900016784668,42.709999084472656,43.27000045776367,43.0,5189300.0,32.646541595458984
2009-05-18,44.529998779296875,43.810001373291016,44.25,44.369998931884766,7288000.0,33.68668746948242
2009-05-19,45.060001373291016,43.900001525878906,44.36000061035156,44.619998931884766,4792100.0,33.87647247314453
2009-05-20,45.7400016784668,44.540000915527344,45.04999923706055,44.58000183105469,4734200.0,33.84611511230469
2009-05-21,44.0,42.70000076293945,43.9900016784668,43.290000915527344,5785000.0,32.86671829223633
2009-05-22,43.61000061035156,42.86000061035156,43.470001220703125,42.939998626708984,2951600.0,32.60099411010742
2009-05-26,44.33000183105469,42.52000045776367,42.61000061035156,44.15999984741211,4718300.0,33.527252197265625
2009-05-27,44.33000183105469,43.45000076293945,43.88999938964844,43.56999969482422,4622300.0,33.079307556152344
2009-05-28,44.45000076293945,43.189998626708984,43.9900016784668,44.31999969482422,4559600.0,33.64872360229492
2009-05-29,45.08000183105469,43.95000076293945,44.61000061035156,44.849998474121094,5417400.0,34.05112075805664
2009-06-01,47.810001373291016,45.540000915527344,45.540000915527344,47.70000076293945,6920500.0,36.214881896972656
2009-06-02,49.43000030517578,47.310001373291016,47.70000076293945,49.20000076293945,7453200.0,37.35371780395508
2009-06-03,49.20000076293945,47.790000915527344,48.709999084472656,48.369998931884766,4700000.0,36.723575592041016
2009-06-04,50.90999984741211,48.56999969482422,48.630001068115234,50.56999969482422,7324600.0,38.393863677978516
2009-06-05,53.2599983215332,52.15999984741211,52.15999984741211,52.650001525878906,13724100.0,39.97304916381836
2009-06-08,53.33000183105469,51.130001068115234,52.4900016784668,52.83000183105469,7957400.0,40.10969924926758
2009-06-09,53.38999938964844,51.310001373291016,53.38999938964844,52.349998474121094,7723800.0,39.74527359008789
2009-06-10,53.20000076293945,51.099998474121094,52.81999969482422,52.29999923706055,6556200.0,39.707298278808594
2009-06-11,52.56999969482422,50.47999954223633,51.83000183105469,50.65999984741211,11852300.0,38.46219253540039
2009-06-12,51.560001373291016,50.11000061035156,50.7599983215332,51.439998626708984,5476700.0,39.054378509521484
2009-06-15,51.09000015258789,49.02000045776367,50.900001525878906,49.52000045776367,6363200.0,37.596675872802734
2009-06-16,50.150001525878906,48.70000076293945,49.56999969482422,48.83000183105469,5725700.0,37.07280349731445
2009-06-17,49.15999984741211,48.04999923706055,48.54999923706055,48.54999923706055,4870800.0,36.8602294921875
2009-06-18,49.279998779296875,48.150001525878906,48.43000030517578,48.959999084472656,3098700.0,37.171512603759766
2009-06-19,49.529998779296875,48.11000061035156,49.18000030517578,48.439998626708984,7032600.0,36.77671813964844
2009-06-22,48.029998779296875,46.529998779296875,47.83000183105469,46.900001525878906,5198500.0,35.60750961303711
2009-06-23,44.5,42.52000045776367,44.38999938964844,43.869998931884766,27281100.0,33.30706024169922
2009-06-24,43.54999923706055,41.09000015258789,43.13999938964844,41.31999969482422,21282800.0,31.371047973632812
2009-06-25,42.599998474121094,41.11000061035156,41.400001525878906,42.529998779296875,14005100.0,32.28971481323242
2009-06-26,42.779998779296875,41.5,42.11000061035156,41.880001068115234,15578800.0,31.79620361328125
2009-06-29,43.02000045776367,42.08000183105469,42.150001525878906,42.650001525878906,5514600.0,32.380828857421875
2009-06-30,43.790000915527344,42.099998474121094,43.630001068115234,42.5,8321200.0,32.26692581176758
2009-07-01,42.95000076293945,42.150001525878906,42.630001068115234,42.22999954223633,6346700.0,32.06193923950195
2009-07-02,41.810001373291016,40.619998931884766,41.810001373291016,40.83000183105469,7201500.0,30.9990234375
2009-07-06,40.7599983215332,39.91999816894531,40.380001068115234,40.560001373291016,7132800.0,30.794052124023438
2009-07-07,40.689998626708984,38.939998626708984,40.5,39.040000915527344,7701600.0,29.64002799987793
2009-07-08,39.83000183105469,38.91999816894531,39.119998931884766,39.54999923706055,8800400.0,30.027231216430664
2009-07-09,40.0,39.02000045776367,39.75,39.29999923706055,5432600.0,29.837417602539062
2009-07-10,39.709999084472656,38.91999816894531,39.20000076293945,39.650001525878906,5833500.0,30.103160858154297
2009-07-13,40.83000183105469,39.2599983215332,39.68000030517578,40.439998626708984,6549000.0,30.702938079833984
2009-07-14,40.900001525878906,40.11000061035156,40.38999938964844,40.40999984741211,5748500.0,30.68016815185547
2009-07-15,41.459999084472656,40.5099983215332,40.77000045776367,41.36000061035156,7867100.0,31.401416778564453
2009-07-16,42.220001220703125,41.0099983215332,41.0099983215332,42.04999923706055,5356800.0,31.92527961730957
2009-07-17,42.400001525878906,41.099998474121094,42.25,41.36000061035156,5691600.0,31.401416778564453
2009-07-20,42.2599983215332,41.15999984741211,41.709999084472656,42.20000076293945,5535200.0,32.03916931152344
2009-07-21,43.709999084472656,42.5,42.81999969482422,43.02000045776367,9161800.0,32.661720275878906
2009-07-22,43.459999084472656,41.95000076293945,42.400001525878906,42.0,12052300.0,31.8873233795166
2009-07-23,42.189998626708984,40.779998779296875,42.0,41.95000076293945,13617700.0,31.84937286376953
2009-07-24,42.4900016784668,41.720001220703125,41.95000076293945,42.369998931884766,5068000.0,32.16823196411133
2009-07-27,42.369998931884766,41.43000030517578,42.0,42.2400016784668,5671700.0,32.06954574584961
2009-07-28,43.349998474121094,41.79999923706055,41.9900016784668,43.25,7831200.0,32.83635711669922
2009-07-29,43.5,42.63999938964844,43.0,43.369998931884766,5078100.0,32.92745590209961
2009-07-30,44.5,43.130001068115234,43.939998626708984,43.2400016784668,8279800.0,32.828765869140625
2009-07-31,43.4900016784668,42.79999923706055,43.31999969482422,42.90999984741211,6029200.0,32.578208923339844
2009-08-03,44.02000045776367,42.5099983215332,43.18000030517578,43.790000915527344,6064800.0,33.2463264465332
2009-08-04,44.439998626708984,43.349998474121094,43.63999938964844,44.15999984741211,5964600.0,33.527252197265625
2009-08-05,44.209999084472656,43.400001525878906,43.630001068115234,44.029998779296875,7129800.0,33.74953842163086
2009-08-06,45.72999954223633,44.029998779296875,44.290000915527344,45.52000045776367,10207000.0,34.891632080078125
2009-08-07,47.209999084472656,45.380001068115234,45.88999938964844,46.689998626708984,6689100.0,35.788455963134766
2009-08-10,46.40999984741211,45.189998626708984,46.40999984741211,45.77000045776367,5620600.0,35.083255767822266
2009-08-11,45.83000183105469,44.84000015258789,45.560001373291016,45.38999938964844,5121500.0,34.791988372802734
2009-08-12,46.779998779296875,45.310001373291016,45.33000183105469,46.34000015258789,4682100.0,35.52018356323242
2009-08-13,46.869998931884766,45.75,46.45000076293945,46.619998931884766,3484300.0,35.73479461669922
2009-08-14,46.2400016784668,44.209999084472656,45.81999969482422,44.869998931884766,10505300.0,34.393394470214844
2009-08-17,44.279998779296875,43.70000076293945,44.15999984741211,44.15999984741211,5211100.0,33.849178314208984
2009-08-18,44.529998779296875,43.689998626708984,44.0,43.779998779296875,5444200.0,33.55790710449219
2009-08-19,43.90999984741211,43.099998474121094,43.5,43.52000045776367,6578900.0,33.35861587524414
2009-08-20,44.83000183105469,43.4900016784668,43.540000915527344,44.7400016784668,5192100.0,34.29376220703125
2009-08-21,46.02000045776367,44.91999816894531,45.18000030517578,45.869998931884766,5529800.0,35.159912109375
2009-08-24,47.790000915527344,45.970001220703125,46.5099983215332,47.130001068115234,6157100.0,36.1257209777832
2009-08-25,48.77000045776367,47.279998779296875,47.5,48.25,8247900.0,36.98421096801758
2009-08-26,48.380001068115234,47.439998626708984,48.06999969482422,47.81999969482422,3956000.0,36.65460205078125
2009-08-27,52.380001068115234,51.0,51.369998931884766,51.81999969482422,17771800.0,39.72064971923828
2009-08-28,52.529998779296875,50.70000076293945,51.68000030517578,51.040000915527344,11455800.0,39.122772216796875
2009-08-31,50.25,49.02000045776367,50.16999816894531,49.66999816894531,9297900.0,38.072662353515625
2009-09-01,50.380001068115234,48.470001220703125,49.209999084472656,48.77000045776367,8242400.0,37.38279724121094
2009-09-02,48.97999954223633,48.15999984741211,48.59000015258789,48.400001525878906,3835700.0,37.09919357299805
2009-09-03,48.83000183105469,47.7599983215332,48.66999816894531,48.459999084472656,5466500.0,37.145179748535156
2009-09-04,49.2599983215332,48.04999923706055,48.7400016784668,49.150001525878906,5711400.0,37.674076080322266
2009-09-08,49.880001068115234,48.810001373291016,49.72999954223633,49.5,4583900.0,37.9423713684082
2009-09-09,51.150001525878906,49.70000076293945,49.70000076293945,50.529998779296875,5895800.0,38.73186492919922
2009-09-10,50.720001220703125,49.790000915527344,50.41999816894531,50.4900016784668,3847200.0,38.70118713378906
2009-09-11,51.439998626708984,50.47999954223633,50.63999938964844,51.349998474121094,5880500.0,39.36040496826172
2009-09-14,51.2599983215332,50.439998626708984,50.9900016784668,50.970001220703125,4392700.0,39.069114685058594
2009-09-15,52.34000015258789,50.880001068115234,51.2599983215332,52.06999969482422,6584400.0,39.91229248046875
2009-09-16,52.7599983215332,51.790000915527344,52.439998626708984,52.36000061035156,5101400.0,40.13459396362305
2009-09-17,53.15999984741211,52.20000076293945,52.25,52.880001068115234,4676800.0,40.533172607421875
2009-09-18,53.290000915527344,52.099998474121094,53.02000045776367,53.02000045776367,6532900.0,40.640480041503906
2009-09-21,53.36000061035156,52.41999816894531,52.599998474121094,52.86000061035156,3076100.0,40.51784133911133
2009-09-22,53.310001373291016,52.130001068115234,52.959999084472656,53.13999938964844,3898300.0,40.732460021972656
2009-09-23,53.400001525878906,52.2599983215332,53.349998474121094,52.369998931884766,4609100.0,40.14223861694336
2009-09-24,52.52000045776367,51.52000045776367,52.22999954223633,51.790000915527344,5351900.0,39.697669982910156
2009-09-25,52.400001525878906,51.29999923706055,51.86000061035156,51.52000045776367,3638600.0,39.49071502685547
2009-09-28,53.34000015258789,51.7599983215332,51.81999969482422,53.06999969482422,4921900.0,40.67879867553711
2009-09-29,55.47999954223633,53.279998779296875,53.279998779296875,54.619998931884766,7266000.0,41.86689758300781
2009-09-30,55.25,53.459999084472656,54.86000061035156,54.150001525878906,5939600.0,41.50663757324219
2009-10-01,53.900001525878906,52.029998779296875,53.849998474121094,52.11000061035156,6606000.0,39.942955017089844
2009-10-02,51.7599983215332,50.099998474121094,51.189998626708984,51.400001525878906,6041200.0,39.39872741699219
2009-10-05,52.52000045776367,51.380001068115234,51.75,52.279998779296875,3083000.0,40.073246002197266
2009-10-06,52.56999969482422,51.150001525878906,51.540000915527344,52.290000915527344,6244300.0,40.08092498779297
2009-10-07,52.25,51.25,52.18000030517578,51.790000915527344,3659300.0,39.697669982910156
2009-10-08,52.599998474121094,51.86000061035156,52.29999923706055,52.29999923706055,3190600.0,40.08858871459961
2009-10-09,52.75,51.959999084472656,52.4900016784668,52.689998626708984,2589700.0,40.38752365112305
2009-10-12,52.72999954223633,51.380001068115234,52.65999984741211,51.65999984741211,3974100.0,39.598018646240234
2009-10-13,51.97999954223633,51.36000061035156,51.63999938964844,51.900001525878906,3023600.0,39.7819938659668
2009-10-14,52.54999923706055,51.56999969482422,52.310001373291016,52.5099983215332,4646100.0,40.24954605102539
2009-10-15,52.529998779296875,50.939998626708984,52.029998779296875,51.7599983215332,5684300.0,39.67466354370117
2009-10-16,53.720001220703125,50.849998474121094,51.189998626708984,53.189998626708984,7431400.0,40.770790100097656
2009-10-19,53.75,52.59000015258789,53.31999969482422,53.45000076293945,3841200.0,40.97008514404297
2009-10-20,52.29999923706055,51.06999969482422,51.709999084472656,51.88999938964844,8189400.0,39.77431869506836
2009-10-21,52.0,50.5,51.06999969482422,50.630001068115234,8115500.0,38.80851364135742
2009-10-22,51.22999954223633,49.75,50.33000183105469,51.06999969482422,6375000.0,39.145782470703125
2009-10-23,51.060001373291016,49.5,51.060001373291016,49.88999938964844,5856700.0,38.24128723144531
2009-10-26,49.97999954223633,48.0,49.849998474121094,48.290000915527344,7427700.0,37.01486587524414
2009-10-27,48.529998779296875,47.54999923706055,48.29999923706055,47.75,7044700.0,36.60095977783203
2009-10-28,47.79999923706055,47.18000030517578,47.720001220703125,47.220001220703125,6909800.0,36.194705963134766
2009-10-29,49.130001068115234,47.810001373291016,48.310001373291016,48.810001373291016,8301100.0,37.41346740722656
2009-10-30,48.810001373291016,47.65999984741211,48.70000076293945,47.79999923706055,8702600.0,36.63927459716797
2009-11-02,48.40999984741211,47.33000183105469,47.81999969482422,48.27000045776367,5932500.0,36.99954605102539
2009-11-03,48.349998474121094,47.459999084472656,48.16999816894531,48.099998474121094,4899700.0,36.86924362182617
2009-11-04,48.900001525878906,47.79999923706055,48.279998779296875,48.06999969482422,5082000.0,37.170806884765625
2009-11-05,49.86000061035156,48.31999969482422,48.4900016784668,49.77000045776367,4916000.0,38.485355377197266
2009-11-06,49.97999954223633,49.310001373291016,49.709999084472656,49.68000030517578,3212400.0,38.41575622558594
2009-11-09,51.47999954223633,49.88999938964844,50.0099983215332,51.349998474121094,4444100.0,39.707122802734375
2009-11-10,51.06999969482422,50.130001068115234,51.06999969482422,50.31999969482422,4735600.0,38.91063690185547
2009-11-11,51.41999816894531,50.540000915527344,50.779998779296875,50.68000030517578,3545800.0,39.18901824951172
2009-11-12,50.91999816894531,50.09000015258789,50.619998931884766,50.279998779296875,3323500.0,38.87971878051758
2009-11-13,50.939998626708984,49.720001220703125,49.97999954223633,50.68000030517578,3545300.0,39.18901824951172
2009-11-16,52.52000045776367,50.880001068115234,51.0,52.47999954223633,5704600.0,40.580894470214844
2009-11-17,52.689998626708984,51.70000076293945,52.41999816894531,52.529998779296875,3945400.0,40.61956024169922
2009-11-18,52.63999938964844,51.45000076293945,52.59000015258789,52.02000045776367,4377300.0,40.225196838378906
2009-11-19,51.79999923706055,50.75,51.540000915527344,51.43000030517578,3182700.0,39.76898193359375
2009-11-20,51.88999938964844,51.06999969482422,51.119998931884766,51.70000076293945,4696400.0,39.97776412963867
2009-11-23,53.0,52.31999969482422,52.5,52.630001068115234,3255300.0,40.6968879699707
2009-11-24,52.630001068115234,50.95000076293945,52.08000183105469,51.970001220703125,3288200.0,40.1865348815918
2009-11-25,52.95000076293945,51.83000183105469,51.970001220703125,52.93000030517578,3021500.0,40.928871154785156
2009-11-27,52.810001373291016,51.0,51.349998474121094,52.45000076293945,3281400.0,40.557701110839844
2009-11-30,52.689998626708984,51.779998779296875,52.43000030517578,52.40999984741211,5432200.0,40.52677917480469
2009-12-01,54.220001220703125,52.75,52.75,53.720001220703125,6359000.0,41.539756774902344
2009-12-02,54.56999969482422,53.2599983215332,54.040000915527344,53.779998779296875,5980000.0,41.586143493652344
2009-12-03,54.40999984741211,53.5099983215332,53.9900016784668,53.77000045776367,3997600.0,41.57841873168945
2009-12-04,55.45000076293945,53.619998931884766,54.75,54.68000030517578,5449900.0,42.282073974609375
2009-12-07,55.95000076293945,54.900001525878906,55.20000076293945,55.81999969482422,4948800.0,43.16361999511719
2009-12-08,56.220001220703125,55.060001373291016,55.9900016784668,55.65999984741211,4658500.0,43.03989028930664
2009-12-09,55.79999923706055,55.11000061035156,55.75,55.470001220703125,3900100.0,42.89297103881836
2009-12-10,56.38999938964844,54.720001220703125,55.650001525878906,55.0099983215332,5755600.0,42.53727340698242
2009-12-11,55.79999923706055,55.119998931884766,55.470001220703125,55.599998474121094,7396600.0,42.99348831176758
2009-12-14,56.560001373291016,55.81999969482422,56.02000045776367,56.04999923706055,4830600.0,43.34146499633789
2009-12-15,56.369998931884766,55.33000183105469,56.369998931884766,55.66999816894531,7364800.0,43.0476188659668
2009-12-16,56.13999938964844,54.45000076293945,56.11000061035156,55.130001068115234,7803800.0,42.63005065917969
2009-12-17,55.400001525878906,54.40999984741211,54.900001525878906,54.470001220703125,5824200.0,42.11970520019531
2009-12-18,54.7400016784668,53.099998474121094,54.70000076293945,53.439998626708984,8920500.0,41.3232307434082
2009-12-21,54.5,53.36000061035156,53.36000061035156,54.29999923706055,3655800.0,41.988250732421875
2009-12-22,55.369998931884766,54.310001373291016,54.380001068115234,55.099998474121094,3669800.0,42.60685348510742
2009-12-23,55.650001525878906,54.91999816894531,55.40999984741211,54.959999084472656,3061900.0,42.498592376708984
2009-12-24,55.560001373291016,55.11000061035156,55.2599983215332,55.47999954223633,1004000.0,42.900691986083984
2009-12-28,55.54999923706055,54.88999938964844,55.33000183105469,55.13999938964844,2072200.0,42.63778305053711
2009-12-29,55.459999084472656,55.13999938964844,55.34000015258789,55.209999084472656,2164000.0,42.691925048828125
2009-12-30,55.290000915527344,54.75,54.86000061035156,54.959999084472656,2461000.0,42.498592376708984
2009-12-31,55.220001220703125,54.04999923706055,55.0,54.130001068115234,2189400.0,41.856788635253906
2010-01-04,56.38999938964844,54.79999923706055,55.720001220703125,56.18000030517578,6186700.0,43.44197463989258
2010-01-05,58.279998779296875,56.0,56.25,58.02000045776367,8867800.0,44.86477279663086
2010-01-06,59.9900016784668,57.880001068115234,58.22999954223633,59.779998779296875,8836500.0,46.22572708129883
2010-01-07,62.310001373291016,59.02000045776367,59.5099983215332,62.20000076293945,14379100.0,48.09703063964844
2010-01-08,61.779998779296875,60.86000061035156,61.540000915527344,61.599998474121094,7146600.0,47.63306427001953
2010-01-11,62.09000015258789,60.5099983215332,61.95000076293945,60.869998931884766,5624900.0,47.068580627441406
2010-01-12,61.20000076293945,59.90999984741211,60.06999969482422,60.43000030517578,5273800.0,46.72837448120117
2010-01-13,61.70000076293945,60.349998474121094,60.61000061035156,61.15999984741211,4950400.0,47.29282760620117
2010-01-14,61.619998931884766,60.779998779296875,61.029998779296875,61.560001373291016,3000400.0,47.602142333984375
2010-01-15,61.560001373291016,60.209999084472656,61.529998779296875,60.81999969482422,5067300.0,47.02992630004883
2010-01-19,61.0099983215332,59.959999084472656,60.599998474121094,60.650001525878906,5427100.0,46.89847946166992
2010-01-20,60.56999969482422,58.529998779296875,60.33000183105469,60.20000076293945,5374100.0,46.55051040649414
2010-01-21,61.2599983215332,58.900001525878906,60.29999923706055,59.20000076293945,5401300.0,45.7772331237793
2010-01-22,59.16999816894531,57.70000076293945,58.619998931884766,57.77000045776367,4743300.0,44.67146301269531
2010-01-25,58.75,57.5,58.349998474121094,57.779998779296875,3489900.0,44.67920684814453
2010-01-26,58.5,57.22999954223633,57.540000915527344,57.709999084472656,4552000.0,44.62507629394531
2010-01-27,62.08000183105469,58.83000183105469,58.84000015258789,61.93000030517578,14758500.0,47.888248443603516
2010-01-28,62.95000076293945,61.310001373291016,62.150001525878906,62.560001373291016,8862500.0,48.37540817260742
2010-01-29,63.400001525878906,60.31999969482422,62.79999923706055,60.599998474121094,8725400.0,46.859806060791016
2010-02-01,61.86000061035156,60.720001220703125,60.7400016784668,61.70000076293945,5919900.0,47.71040344238281
2010-02-02,62.0,61.0,61.290000915527344,61.939998626708984,7862300.0,47.89598083496094
2010-02-03,61.79999923706055,60.849998474121094,61.52000045776367,61.459999084472656,5480600.0,47.849266052246094
2010-02-04,61.16999816894531,59.25,60.95000076293945,59.31999969482422,7490700.0,46.18318176269531
2010-02-05,59.7400016784668,57.13999938964844,59.209999084472656,58.400001525878906,9675700.0,45.4669303894043
2010-02-08,58.970001220703125,57.779998779296875,58.33000183105469,57.88999938964844,4724500.0,45.06986618041992
2010-02-09,60.43000030517578,58.38999938964844,58.619998931884766,59.7400016784668,8250900.0,46.510169982910156
2010-02-10,60.04999923706055,58.939998626708984,59.709999084472656,59.540000915527344,4237100.0,46.35447311401367
2010-02-11,60.75,58.939998626708984,59.75,60.59000015258789,4395800.0,47.17192840576172
2010-02-12,59.91999816894531,58.93000030517578,59.869998931884766,59.650001525878906,5178300.0,46.44011306762695
2010-02-16,61.290000915527344,59.900001525878906,60.41999816894531,61.2599983215332,4268700.0,47.693565368652344
2010-02-17,62.0,61.0,61.38999938964844,61.81999969482422,4116200.0,48.12954330444336
2010-02-18,63.0099983215332,61.720001220703125,61.779998779296875,62.88999938964844,4390300.0,48.96258544921875
2010-02-19,64.33999633789062,62.650001525878906,62.650001525878906,63.59000015258789,7371100.0,49.5075798034668
2010-02-22,64.47000122070312,63.189998626708984,63.58000183105469,63.970001220703125,6034100.0,49.80342102050781
2010-02-23,64.16999816894531,62.25,63.810001373291016,62.77000045776367,6483800.0,48.869171142578125
2010-02-24,63.70000076293945,62.63999938964844,63.0,63.47999954223633,3400400.0,49.42192459106445
2010-02-25,62.970001220703125,62.0,62.720001220703125,62.869998931884766,5043100.0,48.947017669677734
2010-02-26,63.880001068115234,63.029998779296875,63.09000015258789,63.15999984741211,4416000.0,49.172794342041016
2010-03-01,64.33000183105469,63.0,63.04999923706055,64.0,5265600.0,49.826778411865234
2010-03-02,65.33000183105469,64.36000061035156,64.63999938964844,64.44000244140625,4383200.0,50.16933059692383
2010-03-03,64.97000122070312,64.05000305175781,64.58000183105469,64.44999694824219,4289400.0,50.17710494995117
2010-03-04,65.80000305175781,64.8499984741211,65.08999633789062,65.55000305175781,7718700.0,51.03350830078125
2010-03-05,68.04000091552734,66.02999877929688,66.05999755859375,67.93000030517578,8505600.0,52.886451721191406
2010-03-08,68.01000213623047,67.12999725341797,68.01000213623047,67.23999786376953,5075600.0,52.349246978759766
2010-03-09,68.33999633789062,67.3499984741211,67.56999969482422,67.79000091552734,7655900.0,52.7774543762207
2010-03-10,70.4800033569336,68.02999877929688,68.13999938964844,70.01000213623047,10616500.0,54.50582504272461
2010-03-11,70.43000030517578,69.1500015258789,70.08000183105469,70.06999969482422,7289500.0,54.552520751953125
2010-03-12,70.48999786376953,69.25,70.4800033569336,69.83000183105469,5302100.0,54.365684509277344
2010-03-15,69.7699966430664,68.5199966430664,69.37000274658203,69.4000015258789,7709000.0,54.030914306640625
2010-03-16,69.31999969482422,68.30000305175781,69.23999786376953,68.72000122070312,7494400.0,53.50151443481445
2010-03-17,69.48999786376953,68.29000091552734,68.97000122070312,69.37999725341797,6004300.0,54.01532745361328
2010-03-18,70.93000030517578,69.19000244140625,69.3499984741211,70.87000274658203,7433700.0,55.175357818603516
2010-03-19,73.30000305175781,70.72000122070312,70.72000122070312,70.72000122070312,17722500.0,55.058589935302734
2010-03-22,72.63999938964844,71.51000213623047,71.66000366210938,71.91000366210938,9013600.0,55.98505401611328
2010-03-23,72.62999725341797,71.51000213623047,72.54000091552734,72.18000030517578,4985400.0,56.19526672363281
2010-03-24,73.19999694824219,71.77999877929688,72.41999816894531,72.31999969482422,7700000.0,56.30424118041992
2010-03-25,73.43000030517578,72.0,72.94999694824219,72.48999786376953,5431000.0,56.43660354614258
2010-03-26,72.98999786376953,72.3499984741211,72.66000366210938,72.58999633789062,4933700.0,56.514469146728516
2010-03-29,74.52999877929688,73.0,73.08000183105469,74.11000061035156,9064200.0,57.697853088378906
2010-03-30,74.18000030517578,72.69999694824219,73.83999633789062,73.52999877929688,4381300.0,57.246299743652344
2010-03-31,73.05999755859375,71.94999694824219,72.91999816894531,72.61000061035156,5884600.0,56.53002166748047
2010-04-01,73.51000213623047,72.30000305175781,73.23999786376953,72.98999786376953,4411000.0,56.82588577270508
2010-04-05,73.05000305175781,70.94999694824219,72.98999786376953,72.04000091552734,9326300.0,56.08625793457031
2010-04-06,73.18000030517578,71.7699966430664,71.83999633789062,72.36000061035156,5193800.0,56.33540344238281
2010-04-07,72.5199966430664,71.47000122070312,72.16000366210938,72.0999984741211,6717200.0,56.13296890258789
2010-04-08,72.45999908447266,71.20999908447266,71.88999938964844,72.27999877929688,3741500.0,56.27311325073242
2010-04-09,72.66000366210938,71.80999755859375,72.26000213623047,72.41999816894531,3345700.0,56.38210678100586
2010-04-12,72.56999969482422,71.80000305175781,72.1500015258789,71.91999816894531,3666100.0,55.99283218383789
2010-04-13,71.69000244140625,70.5,71.54000091552734,71.19000244140625,5079300.0,55.42450714111328
2010-04-14,71.76000213623047,70.80999755859375,70.83000183105469,71.69999694824219,3495900.0,55.82154083251953
2010-04-15,72.61000061035156,71.33999633789062,71.33999633789062,72.08999633789062,2943700.0,56.125186920166016
2010-04-16,72.0999984741211,69.87999725341797,72.0999984741211,70.79000091552734,8071300.0,55.11307907104492
2010-04-19,71.27999877929688,70.16000366210938,70.2699966430664,70.95999908447266,4203100.0,55.24542999267578
2010-04-20,71.9800033569336,70.94999694824219,71.54000091552734,71.41000366210938,4759600.0,55.595767974853516
2010-04-21,74.6500015258789,71.51000213623047,71.51000213623047,74.16000366210938,12035700.0,57.73677062988281
2010-04-22,76.0,73.68000030517578,74.45999908447266,75.58999633789062,9088900.0,58.850067138671875
2010-04-23,75.68000030517578,74.55000305175781,75.04000091552734,75.12999725341797,5198200.0,58.49197006225586
2010-04-26,75.29000091552734,74.13999938964844,74.58000183105469,74.33999633789062,4023900.0,57.87689971923828
2010-04-27,74.93000030517578,72.2300033569336,74.6500015258789,72.4800033569336,6048300.0,56.42881393432617
2010-04-28,72.98999786376953,71.33999633789062,72.94999694824219,72.37000274658203,5699500.0,56.34318923950195
2010-04-29,74.0,72.66999816894531,73.0,73.79000091552734,5202000.0,57.448707580566406
2010-04-30,74.4800033569336,72.26000213623047,73.80000305175781,72.43000030517578,5600900.0,56.389892578125
2010-05-03,74.69999694824219,72.45999908447266,72.62000274658203,74.38999938964844,5407700.0,57.91581726074219
2010-05-04,73.44999694824219,72.2300033569336,73.30999755859375,72.79000091552734,6229300.0,56.6701545715332
2010-05-05,72.04000091552734,70.44000244140625,71.9000015258789,71.0,5509200.0,55.59736251831055
2010-05-06,71.48999786376953,62.0,70.66000366210938,67.97000122070312,13769700.0,53.22469711303711
2010-05-07,69.12000274658203,65.80000305175781,68.29000091552734,66.72000122070312,8926100.0,52.24588394165039
2010-05-10,71.7300033569336,69.80000305175781,69.95999908447266,71.0,8841700.0,55.59736251831055
2010-05-11,72.66999816894531,70.13999938964844,70.30999755859375,71.41999816894531,6550300.0,55.92627716064453
2010-05-12,73.37000274658203,72.04000091552734,72.04000091552734,72.87000274658203,6330100.0,57.06169509887695
2010-05-13,73.30000305175781,71.55999755859375,72.66000366210938,71.76000213623047,3952900.0,56.1925048828125
2010-05-14,71.4000015258789,68.9800033569336,71.08000183105469,69.81999969482422,7952800.0,54.67335891723633
2010-05-17,70.37000274658203,67.62000274658203,70.36000061035156,69.68000030517578,4813600.0,54.563724517822266
2010-05-18,70.12999725341797,67.30000305175781,69.88999938964844,67.72000122070312,8881500.0,53.0289306640625
2010-05-19,67.55000305175781,65.29000091552734,66.8499984741211,66.20999908447266,9974000.0,51.846500396728516
2010-05-20,65.11000061035156,62.79999923706055,65.0,63.0,10899800.0,49.33287811279297
2010-05-21,65.0,61.38999938964844,61.9900016784668,64.55999755859375,10882600.0,50.55445098876953
2010-05-24,64.61000061035156,63.060001373291016,63.65999984741211,63.150001525878906,6160500.0,49.45033645629883
2010-05-25,62.970001220703125,60.61000061035156,61.0,62.779998779296875,6903200.0,49.16060256958008
2010-05-26,65.41000366210938,63.0,63.599998474121094,63.2599983215332,7386100.0,49.53647994995117
2010-05-27,65.2300033569336,63.90999984741211,64.86000061035156,65.12999725341797,7443400.0,51.00079345703125
2010-05-28,65.26000213623047,63.5099983215332,65.1500015258789,64.18000030517578,5775600.0,50.25688552856445
2010-06-01,65.19999694824219,62.86000061035156,64.2699966430664,62.95000076293945,6318500.0,49.29372787475586
2010-06-02,64.37000274658203,62.060001373291016,63.38999938964844,64.33999633789062,4587900.0,50.382171630859375
2010-06-03,64.83999633789062,63.5099983215332,64.83999633789062,64.30999755859375,3775600.0,50.35869598388672
2010-06-04,63.40999984741211,60.93000030517578,63.25,61.150001525878906,8228800.0,47.884212493896484
2010-06-07,61.70000076293945,60.06999969482422,61.689998626708984,60.11000061035156,5918400.0,47.069828033447266
2010-06-08,61.099998474121094,59.84000015258789,60.33000183105469,61.02000045776367,7191200.0,47.78242111206055
2010-06-09,63.18000030517578,61.16999816894531,61.47999954223633,61.709999084472656,7726900.0,48.32272720336914
2010-06-10,64.01000213623047,62.29999923706055,62.810001373291016,63.88999938964844,5682900.0,50.029815673828125
2010-06-11,65.69999694824219,63.150001525878906,63.15999984741211,65.37999725341797,8461800.0,51.19655990600586
2010-06-14,66.55000305175781,64.70999908447266,66.22000122070312,64.81999969482422,6000100.0,50.758060455322266
2010-06-15,67.56999969482422,65.47000122070312,65.66999816894531,67.4800033569336,6400600.0,52.84099578857422
2010-06-16,67.55999755859375,66.5999984741211,66.93000030517578,67.02999877929688,4451700.0,52.488624572753906
2010-06-17,67.48999786376953,65.87999725341797,67.4800033569336,67.26000213623047,3637100.0,52.66873550415039
2010-06-18,68.13999938964844,67.16000366210938,67.37999725341797,67.95999908447266,6213700.0,53.21687698364258
2010-06-21,69.33999633789062,67.56999969482422,68.94999694824219,67.97000122070312,4109500.0,53.22469711303711
2010-06-22,68.47000122070312,66.1500015258789,67.97000122070312,66.27999877929688,4188200.0,51.90132141113281
2010-06-23,67.87999725341797,65.6500015258789,66.41999816894531,67.44999694824219,6098600.0,52.8175048828125
2010-06-24,68.23999786376953,67.13999938964844,67.16999816894531,67.43000030517578,7768700.0,52.801849365234375
2010-06-25,68.7699966430664,66.66999816894531,67.30999755859375,68.7699966430664,13325500.0,53.85114288330078
2010-06-28,68.62000274658203,67.26000213623047,68.43000030517578,67.30000305175781,5517000.0,52.70004653930664
2010-06-29,66.19999694824219,62.560001373291016,66.11000061035156,63.040000915527344,9210000.0,49.364200592041016
2010-06-30,64.20999908447266,62.58000183105469,63.04999923706055,62.75,7102200.0,49.137107849121094
2010-07-01,62.720001220703125,61.310001373291016,62.47999954223633,62.2599983215332,6465100.0,48.75341033935547
2010-07-02,62.5,61.16999816894531,62.31999969482422,61.939998626708984,3561300.0,48.5028190612793
2010-07-06,63.02000045776367,60.650001525878906,62.709999084472656,61.36000061035156,5444200.0,48.04866409301758
2010-07-07,63.369998931884766,61.029998779296875,61.47999954223633,63.29999923706055,4785100.0,49.567787170410156
2010-07-08,64.88999938964844,63.54999923706055,64.08999633789062,64.7300033569336,4489200.0,50.68757629394531
2010-07-09,65.19999694824219,64.01000213623047,65.19999694824219,64.66000366210938,3145000.0,50.632755279541016
2010-07-12,64.9800033569336,64.01000213623047,64.55000305175781,64.33999633789062,2299500.0,50.382171630859375
2010-07-13,65.36000061035156,64.18000030517578,65.1500015258789,64.43000030517578,6208300.0,50.452659606933594
2010-07-14,65.38999938964844,64.05000305175781,64.29000091552734,64.75,3822500.0,50.70323944091797
2010-07-15,65.77999877929688,63.36000061035156,65.6500015258789,64.37000274658203,8068800.0,50.405670166015625
2010-07-16,64.26000213623047,61.68000030517578,63.959999084472656,61.900001525878906,7016400.0,48.47151565551758
2010-07-19,63.36000061035156,62.040000915527344,62.720001220703125,63.18000030517578,5031500.0,49.47382354736328
2010-07-20,64.0,61.83000183105469,62.2599983215332,63.880001068115234,5068600.0,50.021968841552734
2010-07-21,64.80999755859375,62.66999816894531,64.4000015258789,63.18000030517578,4459500.0,49.47382354736328
2010-07-22,67.11000061035156,64.0199966430664,64.0199966430664,66.5999984741211,7572300.0,52.151885986328125
2010-07-23,68.16999816894531,66.36000061035156,66.48999786376953,67.93000030517578,5023400.0,53.19337844848633
2010-07-26,68.98999786376953,68.0,68.1500015258789,68.8499984741211,5836600.0,53.91379165649414
2010-07-27,69.75,68.4000015258789,69.25,68.62000274658203,5686800.0,53.73369216918945
2010-07-28,68.0,66.9000015258789,67.62000274658203,67.31999969482422,5540700.0,52.7157096862793
2010-07-29,68.52999877929688,66.69000244140625,67.8499984741211,67.22000122070312,4458600.0,52.637386322021484
2010-07-30,68.37999725341797,66.47000122070312,66.61000061035156,68.13999938964844,6022000.0,53.35781478881836
2010-08-02,69.93000030517578,68.5,69.01000213623047,69.69000244140625,5430800.0,54.57155990600586
2010-08-03,70.0,68.93000030517578,69.30999755859375,69.54000091552734,3773400.0,54.4541015625
2010-08-04,69.93000030517578,69.16000366210938,69.41999816894531,69.25,3860000.0,54.556514739990234
2010-08-05,69.25,68.33000183105469,68.7300033569336,68.70999908447266,4312900.0,54.1310920715332
2010-08-06,68.72000122070312,67.36000061035156,68.02999877929688,68.69999694824219,4498800.0,54.12321472167969
2010-08-09,69.47000122070312,68.44999694824219,69.16999816894531,68.98999786376953,2904300.0,54.35167694091797
2010-08-10,68.97000122070312,67.54000091552734,68.29000091552734,68.62000274658203,4126200.0,54.06019592285156
2010-08-11,67.26000213623047,64.91999816894531,67.18000030517578,65.5999984741211,5230700.0,51.68098068237305
2010-08-12,65.2699966430664,64.44000244140625,64.6500015258789,64.69999694824219,3847700.0,50.9719352722168
2010-08-13,65.69999694824219,64.54000091552734,64.58999633789062,64.83999633789062,3665200.0,51.082237243652344
2010-08-16,64.93000030517578,63.650001525878906,64.2699966430664,64.4000015258789,3033200.0,50.73558807373047
2010-08-17,66.91000366210938,64.6500015258789,65.16000366210938,65.98999786376953,4303900.0,51.988224029541016
2010-08-18,66.36000061035156,64.98999786376953,66.05000305175781,66.0,2812800.0,51.9961051940918
2010-08-19,65.81999969482422,64.1500015258789,65.73999786376953,64.62000274658203,4200700.0,50.90890884399414
2010-08-20,64.7300033569336,63.59000015258789,64.19999694824219,64.5999984741211,3865900.0,50.89314270019531
2010-08-23,65.23999786376953,63.209999084472656,65.08999633789062,63.29999923706055,3887800.0,49.868988037109375
2010-08-24,62.810001373291016,60.529998779296875,62.54999923706055,60.93000030517578,9981400.0,48.001853942871094
2010-08-25,61.11000061035156,59.47999954223633,60.4900016784668,60.7599983215332,5143200.0,47.867923736572266
2010-08-26,62.560001373291016,61.06999969482422,61.36000061035156,61.31999969482422,4883300.0,48.309104919433594
2010-08-27,63.34000015258789,60.56999969482422,61.130001068115234,63.15999984741211,6851600.0,49.75868606567383
2010-08-30,63.189998626708984,62.099998474121094,63.0,62.099998474121094,3279200.0,48.923606872558594
2010-08-31,62.18000030517578,60.79999923706055,62.0,61.130001068115234,5309500.0,48.15941619873047
2010-09-01,63.09000015258789,61.65999984741211,61.790000915527344,62.290000915527344,5688800.0,49.073280334472656
2010-09-02,63.38999938964844,62.20000076293945,62.34000015258789,63.38999938964844,3465800.0,49.93989562988281
2010-09-03,65.41999816894531,64.08999633789062,64.47000122070312,64.63999938964844,3471600.0,50.92467498779297
2010-09-07,64.25,63.290000915527344,64.25,63.41999816894531,2529800.0,49.96353530883789
2010-09-08,65.0,63.58000183105469,63.599998474121094,64.5,3747800.0,50.81438064575195
2010-09-09,65.62999725341797,62.95000076293945,65.51000213623047,63.439998626708984,4190700.0,49.97929000854492
2010-09-10,64.0999984741211,62.959999084472656,63.380001068115234,63.84000015258789,3210300.0,50.29441452026367
2010-09-13,64.9800033569336,63.91999816894531,64.7300033569336,64.19000244140625,3119100.0,50.57014846801758
2010-09-14,64.3499984741211,62.43000030517578,64.0199966430664,62.7599983215332,6025500.0,49.44356155395508
2010-09-15,62.790000915527344,61.88999938964844,62.4900016784668,62.72999954223633,4928100.0,49.41993713378906
2010-09-16,63.349998474121094,62.20000076293945,62.38999938964844,62.58000183105469,4676500.0,49.3017692565918
2010-09-17,63.34000015258789,62.0,63.2599983215332,62.95000076293945,10702700.0,49.59324645996094
2010-09-20,63.900001525878906,62.529998779296875,62.9900016784668,63.720001220703125,4169100.0,50.199886322021484
2010-09-21,64.5,63.38999938964844,63.79999923706055,64.2300033569336,5361200.0,50.60166549682617
2010-09-22,64.86000061035156,63.630001068115234,64.37999725341797,63.900001525878906,3635500.0,50.3416862487793
2010-09-23,63.4900016784668,62.560001373291016,63.310001373291016,62.650001525878906,3656800.0,49.35691833496094
2010-09-24,64.83000183105469,63.33000183105469,63.52000045776367,64.5999984741211,4626900.0,50.89314270019531
2010-09-27,64.69999694824219,63.79999923706055,64.61000061035156,63.88999938964844,2762400.0,50.33380889892578
2010-09-28,64.66999816894531,62.939998626708984,63.849998474121094,64.5199966430664,3561500.0,50.83012771606445
2010-09-29,66.26000213623047,64.44000244140625,64.70999908447266,65.97000122070312,5874700.0,51.972476959228516
2010-09-30,67.97000122070312,66.05000305175781,67.08999633789062,66.54000091552734,8214300.0,52.42151641845703
2010-10-01,67.9800033569336,66.66999816894531,67.54000091552734,66.83000183105469,4483000.0,52.650001525878906
2010-10-04,67.88999938964844,65.86000061035156,66.56999969482422,66.33000183105469,4073700.0,52.25607681274414
2010-10-05,68.9800033569336,67.0199966430664,67.0199966430664,68.5999984741211,7517800.0,54.04444122314453
2010-10-06,69.38999938964844,68.41000366210938,68.61000061035156,68.58000183105469,4718400.0,54.0286865234375
2010-10-07,69.13999938964844,67.80000305175781,68.97000122070312,68.45999908447266,5501400.0,53.934146881103516
2010-10-08,69.70999908447266,68.1500015258789,68.47000122070312,69.2300033569336,3335700.0,54.54075622558594
2010-10-11,70.25,69.2300033569336,69.51000213623047,69.98999786376953,3469400.0,55.13951110839844
2010-10-12,70.5999984741211,68.91000366210938,70.16000366210938,70.22000122070312,4381600.0,55.32070541381836
2010-10-13,72.16999816894531,70.66000366210938,70.7300033569336,71.47000122070312,6038900.0,56.305477142333984
2010-10-14,72.0,70.8499984741211,71.7300033569336,71.36000061035156,3841500.0,56.21881103515625
2010-10-15,71.9000015258789,70.05000305175781,71.8499984741211,70.11000061035156,5641300.0,55.234039306640625
2010-10-18,71.05000305175781,70.02999877929688,70.19000244140625,70.2300033569336,4818500.0,55.32859420776367
2010-10-19,69.95999908447266,68.3499984741211,69.56999969482422,69.05000305175781,4493400.0,54.398948669433594
2010-10-20,71.94000244140625,69.56999969482422,70.0,71.36000061035156,8067700.0,56.21881103515625
2010-10-21,71.87999725341797,70.56999969482422,71.61000061035156,71.5,4622700.0,56.32911682128906
2010-10-22,71.62999725341797,70.61000061035156,71.37999725341797,71.26000213623047,3062400.0,56.14002990722656
2010-10-25,72.48999786376953,71.47000122070312,71.68000030517578,71.66000366210938,4802900.0,56.455169677734375
2010-10-26,71.6500015258789,70.7300033569336,71.0999984741211,71.30000305175781,3544500.0,56.17155838012695
2010-10-27,71.11000061035156,69.70999908447266,70.87000274658203,70.86000061035156,3808200.0,55.824913024902344
2010-10-28,71.79000091552734,70.3499984741211,71.30000305175781,71.2699966430664,4119800.0,56.14789962768555
2010-10-29,71.45999908447266,70.36000061035156,71.1500015258789,70.63999938964844,3192300.0,55.65157699584961
2010-11-01,71.88999938964844,69.91000366210938,70.70999908447266,70.4800033569336,3321400.0,55.52553939819336
2010-11-02,70.9800033569336,68.80000305175781,70.8499984741211,69.77999877929688,6339800.0,54.974056243896484
2010-11-03,69.7300033569336,68.04000091552734,69.66000366210938,68.94000244140625,4670800.0,54.64116287231445
2010-11-04,71.58000183105469,69.77999877929688,70.0,70.8499984741211,5758100.0,56.155025482177734
2010-11-05,71.6500015258789,70.5,70.8499984741211,71.2699966430664,3625800.0,56.48789596557617
2010-11-08,70.41000366210938,69.75,70.05999755859375,70.20999908447266,4171600.0,55.64777755737305
2010-11-09,70.55000305175781,68.83000183105469,70.2699966430664,69.25,4587500.0,54.88687515258789
2010-11-10,67.69000244140625,66.79000091552734,67.69000244140625,67.06999969482422,10494700.0,53.159034729003906
2010-11-11,66.69999694824219,65.04000091552734,66.55000305175781,65.37000274658203,10033700.0,51.8116340637207
2010-11-12,65.25,63.0099983215332,65.01000213623047,63.09000015258789,16721500.0,50.00452423095703
2010-11-15,64.0999984741211,62.619998931884766,63.349998474121094,63.61000061035156,10964500.0,50.41666793823242
2010-11-16,63.349998474121094,61.84000015258789,63.349998474121094,62.779998779296875,9615800.0,49.75881576538086
2010-11-17,63.02000045776367,62.16999816894531,62.66999816894531,62.5,8173300.0,49.536903381347656
2010-11-18,64.72000122070312,62.720001220703125,63.349998474121094,64.61000061035156,11578500.0,51.209266662597656
2010-11-19,64.73999786376953,63.38999938964844,64.52999877929688,63.59000015258789,8824700.0,50.400821685791016
2010-11-22,64.16999816894531,62.79999923706055,63.02000045776367,64.02999877929688,5908600.0,50.74955749511719
2010-11-23,64.11000061035156,63.099998474121094,63.43000030517578,63.599998474121094,6567900.0,50.40874481201172
2010-11-24,65.58000183105469,64.0199966430664,64.37999725341797,65.41000366210938,6205700.0,51.84333038330078
2010-11-26,65.45999908447266,64.66999816894531,65.08999633789062,64.80000305175781,2279600.0,51.3598518371582
2010-11-29,64.69999694824219,63.439998626708984,64.33000183105469,64.36000061035156,4385000.0,51.01111602783203
2010-11-30,64.20999908447266,63.470001220703125,63.72999954223633,63.77000045776367,5814100.0,50.54348373413086
2010-12-01,65.79000091552734,64.5199966430664,64.66000366210938,65.72000122070312,7515200.0,52.08903503417969
2010-12-02,66.80000305175781,65.55000305175781,65.62000274658203,66.58999633789062,4760700.0,52.77857971191406
2010-12-03,66.68000030517578,65.94999694824219,66.58000183105469,66.54000091552734,3355900.0,52.738948822021484
2010-12-06,66.95999908447266,65.97000122070312,66.41000366210938,66.58999633789062,3455000.0,52.77857971191406
2010-12-07,67.38999938964844,66.01000213623047,67.04000091552734,66.2300033569336,4732800.0,52.49325180053711
2010-12-08,66.55999755859375,64.91999816894531,66.19000244140625,65.18000030517578,5230600.0,51.66102981567383
2010-12-09,65.61000061035156,64.4000015258789,65.61000061035156,64.61000061035156,5188300.0,51.209266662597656
2010-12-10,64.7699966430664,63.959999084472656,64.62999725341797,64.16000366210938,5501700.0,50.85261154174805
2010-12-13,64.37999725341797,63.630001068115234,64.2300033569336,63.790000915527344,4819600.0,50.55934143066406
2010-12-14,65.11000061035156,63.68000030517578,63.849998474121094,64.48999786376953,6304500.0,51.114158630371094
2010-12-15,64.69000244140625,64.08999633789062,64.29000091552734,64.23999786376953,3434800.0,50.916015625
2010-12-16,64.8499984741211,63.709999084472656,64.33000183105469,64.4000015258789,5169100.0,51.04281234741211
2010-12-17,65.29000091552734,64.3499984741211,64.88999938964844,65.02999877929688,8884700.0,51.54214859008789
2010-12-20,64.7699966430664,62.81999969482422,64.73999786376953,63.27000045776367,9711000.0,50.14718246459961
2010-12-21,64.3499984741211,63.279998779296875,63.61000061035156,64.19000244140625,5092900.0,50.87636947631836
2010-12-22,65.13999938964844,64.01000213623047,64.44999694824219,64.61000061035156,5256000.0,51.209266662597656
2010-12-23,65.12000274658203,64.33000183105469,64.55999755859375,65.05999755859375,3328900.0,51.56591796875
2010-12-27,64.91000366210938,64.33000183105469,64.7300033569336,64.75,2548500.0,51.320228576660156
2010-12-28,65.0,64.33000183105469,64.80999755859375,64.86000061035156,2635100.0,51.407405853271484
2010-12-29,65.19999694824219,64.62000274658203,65.0,65.05000305175781,2504700.0,51.55799865722656
2010-12-30,65.2300033569336,64.7300033569336,65.11000061035156,65.01000213623047,2342900.0,51.52629852294922
2010-12-31,65.29000091552734,64.62000274658203,64.9000015258789,65.26000213623047,2137400.0,51.72443389892578
2011-01-03,66.68000030517578,66.0,66.1500015258789,66.4000015258789,8072900.0,52.62799835205078
2011-01-04,67.61000061035156,66.51000213623047,66.79000091552734,66.94000244140625,7979900.0,53.05598449707031
2011-01-05,67.55000305175781,66.48999786376953,66.55000305175781,67.4800033569336,5890000.0,53.483985900878906
2011-01-06,69.3499984741211,67.45999908447266,67.45999908447266,68.80000305175781,7507200.0,54.530208587646484
2011-01-07,70.0999984741211,68.80000305175781,69.16000366210938,69.37999725341797,6797000.0,54.98992156982422
2011-01-10,69.66000366210938,68.3499984741211,69.41999816894531,69.08999633789062,4397400.0,54.76005172729492
2011-01-11,69.87999725341797,68.66999816894531,69.47000122070312,68.95999908447266,4443600.0,54.657020568847656
2011-01-12,70.48999786376953,69.51000213623047,69.5999984741211,70.1500015258789,5935800.0,55.600215911865234
2011-01-13,70.5,69.62000274658203,70.29000091552734,69.83000183105469,4040100.0,55.346588134765625
2011-01-14,70.19999694824219,69.38999938964844,69.55000305175781,70.06999969482422,4551500.0,55.53680419921875
2011-01-18,72.56999969482422,70.2300033569336,70.86000061035156,72.47000122070312,9630700.0,57.439022064208984
2011-01-19,72.98999786376953,71.18000030517578,72.68000030517578,71.7300033569336,8590500.0,56.85251235961914
2011-01-20,71.95999908447266,70.36000061035156,71.3499984741211,71.12000274658203,6909400.0,56.36903762817383
2011-01-21,72.22000122070312,71.33999633789062,71.91000366210938,71.68000030517578,4441200.0,56.8128547668457
2011-01-24,72.81999969482422,71.51000213623047,71.5199966430664,72.7300033569336,5497100.0,57.645103454589844
2011-01-25,72.7300033569336,71.30999755859375,72.48999786376953,72.23999786376953,5186700.0,57.25674057006836
2011-01-26,70.4800033569336,69.11000061035156,69.98999786376953,70.0199966430664,13111000.0,55.497154235839844
2011-01-27,71.0,70.0,70.01000213623047,70.55999755859375,5743600.0,55.92516326904297
2011-01-28,70.94999694824219,69.0,70.80000305175781,69.2300033569336,5376400.0,54.87102127075195
2011-01-31,69.95999908447266,69.12000274658203,69.26000213623047,69.4800033569336,4559800.0,55.06916427612305
2011-02-01,70.5,69.5999984741211,70.0,70.29000091552734,4780400.0,55.71118927001953
2011-02-02,71.19000244140625,69.80000305175781,69.83000183105469,71.0,4249100.0,56.273895263671875
2011-02-03,71.37999725341797,70.62000274658203,71.0,70.9800033569336,5092000.0,56.258052825927734
2011-02-04,71.63999938964844,70.68000030517578,70.9000015258789,71.37999725341797,4079200.0,56.575103759765625
2011-02-07,72.11000061035156,71.1500015258789,71.43000030517578,71.93000030517578,4153200.0,57.011009216308594
2011-02-08,72.81999969482422,72.0199966430664,72.16999816894531,72.70999908447266,4083900.0,57.62923049926758
2011-02-09,72.70999908447266,72.0,72.38999938964844,72.62999725341797,4565700.0,57.9002685546875
2011-02-10,72.98999786376953,71.8499984741211,72.43000030517578,72.66000366210938,4917000.0,57.924190521240234
2011-02-11,72.69000244140625,71.93000030517578,72.23999786376953,72.13999938964844,4076100.0,57.50965881347656
2011-02-14,72.69999694824219,71.5999984741211,72.69999694824219,72.26000213623047,4091200.0,57.60533142089844
2011-02-15,72.0199966430664,71.08999633789062,71.91999816894531,71.4000015258789,4387500.0,56.919734954833984
2011-02-16,72.62000274658203,71.45999908447266,71.70999908447266,72.4800033569336,4456600.0,57.78071212768555
2011-02-17,72.51000213623047,71.94000244140625,72.41999816894531,72.23999786376953,3046400.0,57.589393615722656
2011-02-18,73.5199966430664,72.12999725341797,72.12999725341797,73.04000091552734,5358600.0,58.22713851928711
2011-02-22,72.48999786376953,70.37999725341797,72.3499984741211,70.93000030517578,5560100.0,56.54505157470703
2011-02-23,71.48999786376953,70.0,70.94000244140625,70.2300033569336,5551900.0,55.987030029296875
2011-02-24,72.5,70.08999633789062,70.3499984741211,70.76000213623047,7015600.0,56.40953063964844
2011-02-25,74.29000091552734,72.05999755859375,73.94000244140625,72.30000305175781,8127200.0,57.63722610473633
2011-02-28,72.9000015258789,71.69999694824219,72.47000122070312,72.01000213623047,4098500.0,57.40602111816406
2011-03-01,72.2300033569336,69.98999786376953,71.93000030517578,70.12000274658203,5186200.0,55.89931869506836
2011-03-02,70.4000015258789,68.5999984741211,70.11000061035156,69.56999969482422,7069500.0,55.460872650146484
2011-03-03,71.83000183105469,70.12999725341797,70.12999725341797,71.70999908447266,5457700.0,57.16685485839844
2011-03-04,71.87000274658203,70.27999877929688,71.80000305175781,71.80000305175781,5702900.0,57.23862075805664
2011-03-07,72.06999969482422,69.91000366210938,71.5999984741211,70.87999725341797,5132000.0,56.50518035888672
2011-03-08,72.5,71.18000030517578,71.4800033569336,72.04000091552734,5656300.0,57.429931640625
2011-03-09,72.41999816894531,71.33000183105469,72.01000213623047,72.08999633789062,5379600.0,57.46978759765625
2011-03-10,72.38999938964844,70.51000213623047,71.30999755859375,71.29000091552734,5505700.0,56.83204650878906
2011-03-11,71.88999938964844,70.26000213623047,70.29000091552734,71.63999938964844,3855800.0,57.11106491088867
2011-03-14,71.2300033569336,69.9000015258789,71.16999816894531,70.73999786376953,4378000.0,56.393592834472656
2011-03-15,70.2300033569336,68.33999633789062,68.33999633789062,69.69000244140625,6247600.0,55.55653381347656
2011-03-16,69.66999816894531,67.33999633789062,69.2300033569336,67.69000244140625,9623800.0,53.96214294433594
2011-03-17,69.02999877929688,67.8499984741211,68.58000183105469,68.30000305175781,4408800.0,54.44843673706055
2011-03-18,69.58000183105469,68.66999816894531,69.20999908447266,69.0999984741211,5061200.0,55.086185455322266
2011-03-21,71.68000030517578,70.04000091552734,70.29000091552734,71.19999694824219,5297900.0,56.76029586791992
2011-03-22,72.0999984741211,70.72000122070312,71.18000030517578,71.8499984741211,4725000.0,57.27846145629883
2011-03-23,73.06999969482422,71.13999938964844,71.62000274658203,72.72000122070312,5332400.0,57.97202682495117
2011-03-24,73.33000183105469,72.33000183105469,73.23999786376953,72.76000213623047,4360200.0,58.00391387939453
2011-03-25,73.5,72.33000183105469,72.94000244140625,73.33999633789062,4696900.0,58.4662971496582
2011-03-28,73.69000244140625,73.11000061035156,73.5,73.30000305175781,3857300.0,58.43440246582031
2011-03-29,73.93000030517578,73.02999877929688,73.06999969482422,73.62000274658203,4782500.0,58.689517974853516
2011-03-30,74.13999938964844,73.3499984741211,73.93000030517578,73.80000305175781,3875400.0,58.833011627197266
2011-03-31,74.47000122070312,73.47000122070312,73.80999755859375,73.93000030517578,4199200.0,58.9366340637207
2011-04-01,74.8499984741211,73.94000244140625,74.29000091552734,74.01000213623047,3867600.0,59.00041580200195
2011-04-04,74.11000061035156,73.37000274658203,73.37999725341797,73.94999694824219,3697100.0,58.952571868896484
2011-04-05,74.44999694824219,72.70999908447266,73.51000213623047,73.2300033569336,5217600.0,58.378604888916016
2011-04-06,73.93000030517578,72.80000305175781,73.33000183105469,73.72000122070312,4803600.0,58.76923370361328
2011-04-07,74.58000183105469,73.68000030517578,73.73999786376953,74.29000091552734,4373400.0,59.22364044189453
2011-04-08,74.8499984741211,73.04000091552734,74.66000366210938,73.47000122070312,3099500.0,58.5699348449707
2011-04-11,74.27999877929688,73.5,73.6500015258789,73.76000213623047,2694600.0,58.80110549926758
2011-04-12,73.58000183105469,72.95999908447266,73.22000122070312,73.08000183105469,3441100.0,58.259029388427734
2011-04-13,73.70999908447266,71.55000305175781,73.33000183105469,72.12999725341797,5078400.0,57.50168228149414
2011-04-14,72.47000122070312,70.87999725341797,71.83000183105469,72.30000305175781,4091600.0,57.63722610473633
2011-04-15,72.9800033569336,72.0199966430664,72.44999694824219,72.5999984741211,4176600.0,57.87636947631836
2011-04-18,73.27999877929688,71.75,72.72000122070312,72.79000091552734,6225500.0,58.0278434753418
2011-04-19,73.62999725341797,72.63999938964844,72.97000122070312,73.1500015258789,4352000.0,58.31483459472656
2011-04-20,75.31999969482422,74.1500015258789,74.20999908447266,75.06999969482422,6356300.0,59.84544372558594
2011-04-21,75.73999786376953,75.08000183105469,75.43000030517578,75.44000244140625,3157100.0,60.140403747558594
2011-04-25,75.55999755859375,74.68000030517578,75.51000213623047,74.9000015258789,2524200.0,59.709930419921875
2011-04-26,75.8499984741211,75.01000213623047,75.30999755859375,75.55000305175781,5100900.0,60.22809982299805
2011-04-27,77.30999755859375,75.05000305175781,76.02999877929688,76.12000274658203,7462400.0,60.6824836730957
2011-04-28,78.86000061035156,76.0199966430664,76.02999877929688,78.55000305175781,7359700.0,62.61967468261719
2011-04-29,80.33999633789062,78.8499984741211,78.8499984741211,79.77999877929688,8050400.0,63.60022735595703
2011-05-02,80.6500015258789,79.16000366210938,80.3499984741211,79.52999877929688,5633300.0,63.400943756103516
2011-05-03,80.20999908447266,79.01000213623047,79.23999786376953,79.51000213623047,4728000.0,63.38499069213867
2011-05-04,80.0,78.76000213623047,79.69999694824219,78.83999633789062,5735200.0,62.8508415222168
2011-05-05,79.73999786376953,78.08999633789062,78.5199966430664,78.44999694824219,4718900.0,62.53995132446289
2011-05-06,80.04000091552734,78.97000122070312,79.13999938964844,79.30999755859375,4565800.0,63.22553634643555
2011-05-09,80.1500015258789,79.1500015258789,79.30999755859375,79.63999938964844,3137600.0,63.488609313964844
2011-05-10,80.41999816894531,79.76000213623047,79.76000213623047,79.94999694824219,3852400.0,63.735748291015625
2011-05-11,79.80000305175781,78.7300033569336,79.63999938964844,79.08000183105469,3853700.0,63.37514114379883
2011-05-12,79.75,78.4800033569336,79.04000091552734,79.41000366210938,3700000.0,63.63958740234375
2011-05-13,80.08999633789062,78.55999755859375,79.61000061035156,79.02999877929688,3808500.0,63.335052490234375
2011-05-16,78.80999755859375,77.6500015258789,78.66000366210938,77.7699966430664,3800400.0,62.325260162353516
2011-05-17,77.7300033569336,75.83000183105469,77.61000061035156,76.68000030517578,5191100.0,61.45174789428711
2011-05-18,77.48999786376953,76.5999984741211,76.77999877929688,77.13999938964844,3634200.0,61.820396423339844
2011-05-19,78.44999694824219,77.25,77.41000366210938,78.0199966430664,3340900.0,62.52561569213867
2011-05-20,77.98999786376953,77.26000213623047,77.88999938964844,77.5199966430664,4000400.0,62.12492370605469
2011-05-23,76.76000213623047,75.7699966430664,76.55000305175781,76.27999877929688,3587300.0,61.13118362426758
2011-05-24,76.70999908447266,75.23999786376953,76.45999908447266,75.56999969482422,3783700.0,60.562191009521484
2011-05-25,76.77999877929688,75.12999725341797,75.26000213623047,76.31999969482422,4134000.0,61.1632194519043
2011-05-26,76.91999816894531,75.94000244140625,76.54000091552734,76.66000366210938,4377000.0,61.435707092285156
2011-05-27,77.5,76.62000274658203,77.02999877929688,76.98999786376953,3202700.0,61.70018005371094
2011-05-31,78.3499984741211,77.41000366210938,77.80000305175781,78.02999877929688,4706400.0,62.53364562988281
2011-06-01,78.0999984741211,75.26000213623047,77.94999694824219,75.3499984741211,5259100.0,60.3858757019043
2011-06-02,76.33999633789062,75.30000305175781,75.44000244140625,75.69000244140625,3606200.0,60.65835189819336
2011-06-03,75.05000305175781,74.08999633789062,74.70999908447266,74.83999633789062,4239300.0,59.97715759277344
2011-06-06,75.2699966430664,74.41999816894531,74.76000213623047,74.58000183105469,3310200.0,59.768802642822266
2011-06-07,75.0999984741211,74.16000366210938,74.79000091552734,74.18000030517578,3387500.0,59.4482536315918
2011-06-08,74.4000015258789,73.6500015258789,74.12999725341797,73.8499984741211,3772100.0,59.18376159667969
2011-06-09,74.55000305175781,73.43000030517578,73.83000183105469,74.18000030517578,2960800.0,59.4482536315918
2011-06-10,74.0,72.61000061035156,73.80999755859375,72.69000244140625,5139600.0,58.254146575927734
2011-06-13,73.41000366210938,72.69000244140625,73.05999755859375,72.94000244140625,4087300.0,58.454498291015625
2011-06-14,75.0199966430664,73.19000244140625,73.33999633789062,74.63999938964844,4775700.0,59.816871643066406
2011-06-15,75.51000213623047,73.56999969482422,74.06999969482422,73.8499984741211,6531900.0,59.18376159667969
2011-06-16,74.58000183105469,73.44999694824219,73.73999786376953,74.01000213623047,4446500.0,59.31199645996094
2011-06-17,74.93000030517578,73.76000213623047,74.62000274658203,74.16000366210938,5536100.0,59.43220520019531
2011-06-20,74.80000305175781,73.51000213623047,73.95999908447266,74.5199966430664,3809600.0,59.72071075439453
2011-06-21,75.0199966430664,73.77999877929688,75.0199966430664,73.9800033569336,5493900.0,59.2879638671875
2011-06-22,73.66000366210938,72.05999755859375,73.58999633789062,72.12000274658203,7232200.0,57.79734802246094
2011-06-23,71.62999725341797,70.29000091552734,71.16999816894531,71.25,8038400.0,57.10012435913086
2011-06-24,71.56999969482422,70.7300033569336,71.37000274658203,71.26000213623047,6088500.0,57.108131408691406
2011-06-27,71.94000244140625,71.33000183105469,71.44000244140625,71.62000274658203,4028200.0,57.39664077758789
2011-06-28,72.23999786376953,71.4000015258789,71.81999969482422,72.08999633789062,3837900.0,57.77328872680664
2011-06-29,72.95999908447266,71.86000061035156,72.22000122070312,72.72000122070312,3913800.0,58.27818298339844
2011-06-30,74.0999984741211,72.9000015258789,73.0,73.93000030517578,4245300.0,59.24788284301758
2011-07-01,74.7300033569336,73.80000305175781,73.80999755859375,74.2699966430664,3647800.0,59.520355224609375
2011-07-05,74.7300033569336,73.8499984741211,74.16999816894531,74.1500015258789,3130300.0,59.424198150634766
2011-07-06,75.16000366210938,74.01000213623047,74.12999725341797,74.73999786376953,3757800.0,59.89702606201172
2011-07-07,76.19999694824219,74.8499984741211,75.33000183105469,75.98999786376953,4976900.0,60.898773193359375
2011-07-08,75.58000183105469,74.56999969482422,75.58000183105469,75.06999969482422,4051200.0,60.1614875793457
2011-07-11,74.7300033569336,73.0,74.16999816894531,73.3499984741211,4379000.0,58.78306579589844
2011-07-12,73.86000061035156,71.79000091552734,73.62000274658203,71.93000030517578,5773000.0,57.64506530761719
2011-07-13,73.25,71.86000061035156,72.55999755859375,72.16999816894531,4707700.0,57.83741760253906
2011-07-14,72.31999969482422,71.0,71.94000244140625,71.19000244140625,5691200.0,57.05204391479492
2011-07-15,71.70999908447266,70.8499984741211,71.69999694824219,71.27999877929688,4058500.0,57.1241569519043
2011-07-18,70.69999694824219,69.06999969482422,70.66000366210938,69.55000305175781,7294900.0,55.73773193359375
2011-07-19,70.98999786376953,69.30999755859375,70.11000061035156,70.52999877929688,7434200.0,56.52311325073242
2011-07-20,73.30000305175781,70.76000213623047,71.12000274658203,72.06999969482422,8026000.0,57.75726318359375
2011-07-21,73.25,72.0,72.58000183105469,72.88999938964844,4301500.0,58.4144287109375
2011-07-22,73.19000244140625,72.23999786376953,73.19000244140625,72.66999816894531,2921300.0,58.23810577392578
2011-07-25,72.01000213623047,71.01000213623047,71.37999725341797,71.30999755859375,3990800.0,57.14821243286133
2011-07-26,71.44000244140625,69.86000061035156,71.37999725341797,70.16000366210938,7061900.0,56.226585388183594
2011-07-27,73.19999694824219,70.52999877929688,71.7300033569336,70.62999725341797,9806900.0,56.603240966796875
2011-07-28,72.33000183105469,70.58999633789062,71.0,70.66000366210938,5448400.0,56.62730407714844
2011-07-29,71.11000061035156,69.25,70.0,70.47000122070312,5962000.0,56.47504425048828
2011-08-01,71.62999725341797,69.52999877929688,71.61000061035156,70.33000183105469,5554600.0,56.36284255981445
2011-08-02,70.29000091552734,67.69000244140625,69.55999755859375,67.69999694824219,7052400.0,54.255123138427734
2011-08-03,68.11000061035156,66.0999984741211,67.88999938964844,67.33999633789062,6749800.0,53.96662521362305
2011-08-04,66.37999725341797,63.0,66.36000061035156,63.09000015258789,10707100.0,50.56064224243164
2011-08-05,64.44999694824219,61.40999984741211,64.08999633789062,62.75,11643100.0,50.288169860839844
2011-08-08,61.810001373291016,58.61000061035156,61.099998474121094,58.709999084472656,13561000.0,47.050498962402344
2011-08-09,62.459999084472656,58.7599983215332,60.040000915527344,62.34000015258789,14122800.0,49.95960235595703
2011-08-10,61.20000076293945,57.22999954223633,60.91999816894531,57.40999984741211,13549600.0,46.32073974609375
2011-08-11,59.56999969482422,56.0099983215332,57.650001525878906,58.849998474121094,15539100.0,47.482601165771484
2011-08-12,61.869998931884766,59.15999984741211,59.95000076293945,61.75,10082800.0,49.82243347167969
2011-08-15,62.72999954223633,61.369998931884766,62.060001373291016,62.70000076293945,6933400.0,50.58892822265625
2011-08-16,62.97999954223633,61.40999984741211,61.72999954223633,62.22999954223633,6841400.0,50.20972442626953
2011-08-17,62.91999816894531,61.61000061035156,62.439998626708984,62.18000030517578,6263400.0,50.169376373291016
2011-08-18,60.720001220703125,58.220001220703125,60.400001525878906,58.93000030517578,8108800.0,47.54713821411133
2011-08-19,59.43000030517578,57.470001220703125,58.29999923706055,57.540000915527344,9229900.0,46.42563247680664
2011-08-22,59.36000061035156,58.040000915527344,59.13999938964844,58.380001068115234,6862800.0,47.10337448120117
2011-08-23,60.77000045776367,58.189998626708984,58.70000076293945,60.77000045776367,6527700.0,49.031734466552734
2011-08-24,61.90999984741211,60.45000076293945,60.59000015258789,61.689998626708984,4852000.0,49.77401351928711
2011-08-25,62.38999938964844,60.5,62.04999923706055,61.099998474121094,6440000.0,49.29798889160156
2011-08-26,62.970001220703125,60.130001068115234,60.63999938964844,62.79999923706055,6199200.0,50.66962432861328
2011-08-29,64.77999877929688,63.599998474121094,63.9900016784668,64.5999984741211,4303900.0,52.1219367980957
2011-08-30,66.54000091552734,64.80000305175781,65.2300033569336,66.02999877929688,6984200.0,53.27571105957031
2011-08-31,67.29000091552734,66.13999938964844,66.69000244140625,66.86000061035156,6807400.0,53.94539260864258
2011-09-01,67.7300033569336,66.0,66.95999908447266,66.05000305175781,6169500.0,53.29186248779297
2011-09-02,65.1500015258789,63.709999084472656,65.01000213623047,64.02999877929688,4735100.0,51.66202163696289
2011-09-06,62.900001525878906,61.220001220703125,61.90999984741211,62.77000045776367,6478800.0,50.645416259765625
2011-09-07,65.20999908447266,63.41999816894531,63.939998626708984,64.9000015258789,5530300.0,52.363990783691406
2011-09-08,64.5,62.61000061035156,64.33999633789062,62.810001373291016,6866500.0,50.67768478393555
2011-09-09,63.09000015258789,61.439998626708984,62.11000061035156,61.790000915527344,5415700.0,49.854705810546875
2011-09-12,62.529998779296875,60.33000183105469,60.83000183105469,62.38999938964844,5520600.0,50.33882141113281
2011-09-13,63.59000015258789,62.029998779296875,62.29999923706055,62.849998474121094,5283600.0,50.7099609375
2011-09-14,64.06999969482422,61.63999938964844,63.04999923706055,63.029998779296875,5782600.0,50.85519027709961
2011-09-15,64.61000061035156,63.45000076293945,63.650001525878906,64.31999969482422,5263700.0,51.89602279663086
2011-09-16,65.75,64.5199966430664,64.77999877929688,65.37999725341797,6926700.0,52.751258850097656
2011-09-19,64.4000015258789,62.95000076293945,64.08000183105469,64.1500015258789,4836800.0,51.75884246826172
2011-09-20,64.63999938964844,63.5,64.36000061035156,63.560001373291016,3431600.0,51.28282165527344
2011-09-21,63.81999969482422,60.9900016784668,63.540000915527344,61.02000045776367,4517200.0,49.233436584472656
2011-09-22,59.59000015258789,57.529998779296875,59.33000183105469,58.720001220703125,12055700.0,47.37770462036133
2011-09-23,59.77000045776367,58.060001373291016,58.56999969482422,59.5099983215332,6239400.0,48.015106201171875
2011-09-26,62.27000045776367,60.0,60.79999923706055,62.0099983215332,7031800.0,50.032222747802734
2011-09-27,64.29000091552734,62.40999984741211,64.12999725341797,62.779998779296875,6410300.0,50.653480529785156
2011-09-28,64.05000305175781,61.810001373291016,63.279998779296875,61.91999816894531,4695500.0,49.959598541259766
2011-09-29,63.70000076293945,61.36000061035156,63.20000076293945,62.369998931884766,6094200.0,50.322669982910156
2011-09-30,62.18000030517578,60.45000076293945,61.5,60.5099983215332,5464300.0,48.82194900512695
2011-10-03,61.529998779296875,57.849998474121094,60.099998474121094,58.25,8290400.0,46.99848937988281
2011-10-04,59.22999954223633,56.900001525878906,57.529998779296875,59.13999938964844,7800000.0,47.716590881347656
2011-10-05,60.040000915527344,58.650001525878906,58.900001525878906,59.959999084472656,5825600.0,48.3781852722168
2011-10-06,61.790000915527344,59.45000076293945,60.0099983215332,61.47999954223633,5565900.0,49.60459518432617
2011-10-07,62.959999084472656,61.43000030517578,61.90999984741211,61.810001373291016,5580800.0,49.87084197998047
2011-10-10,64.19000244140625,62.75,62.869998931884766,64.02999877929688,4597500.0,51.66202163696289
2011-10-11,64.25,63.5,63.65999984741211,63.970001220703125,3192200.0,51.61363220214844
2011-10-12,65.2300033569336,64.12999725341797,64.45999908447266,64.31999969482422,5136500.0,51.89602279663086
2011-10-13,64.08999633789062,63.04999923706055,63.779998779296875,63.529998779296875,3154300.0,51.25861740112305
2011-10-14,64.27999877929688,63.40999984741211,64.0,63.88999938964844,3839900.0,51.549068450927734
2011-10-17,63.5099983215332,61.65999984741211,63.34000015258789,61.779998779296875,4873400.0,49.84663391113281
2011-10-18,64.23999786376953,61.33000183105469,61.93000030517578,63.470001220703125,6167800.0,51.21019744873047
2011-10-19,64.2699966430664,62.529998779296875,62.61000061035156,63.11000061035156,4849500.0,50.91973876953125
2011-10-20,63.72999954223633,62.18000030517578,63.0099983215332,62.4900016784668,6291500.0,50.41950225830078
2011-10-21,64.63999938964844,63.099998474121094,63.310001373291016,64.58999633789062,6250400.0,52.11385726928711
2011-10-24,65.05999755859375,63.93000030517578,64.41000366210938,64.75,5190800.0,52.24296569824219
2011-10-25,64.94999694824219,63.54999923706055,64.80999755859375,63.720001220703125,6529500.0,51.41191482543945
2011-10-26,67.9000015258789,65.80000305175781,67.55999755859375,66.55999755859375,12700300.0,53.703330993652344
2011-10-27,68.76000213623047,67.18000030517578,68.58999633789062,67.48999786376953,8606900.0,54.45370864868164
2011-10-28,68.38999938964844,67.30999755859375,67.55000305175781,68.16999816894531,6102900.0,55.00235366821289
2011-10-31,67.48999786376953,65.73999786376953,67.12000274658203,65.79000091552734,6879500.0,53.08208465576172
2011-11-01,64.33999633789062,62.369998931884766,64.2300033569336,63.16999816894531,8962200.0,50.9681396484375
2011-11-02,64.76000213623047,63.83000183105469,63.970001220703125,64.4000015258789,5782800.0,51.96056365966797
2011-11-03,66.37000274658203,64.5,65.16000366210938,66.19000244140625,4896800.0,53.404808044433594
2011-11-04,65.94999694824219,65.0,65.58999633789062,65.80000305175781,3458000.0,53.090152740478516
2011-11-07,66.4000015258789,65.16999816894531,65.70999908447266,66.29000091552734,3624200.0,53.48548889160156
2011-11-08,66.80000305175781,65.44999694824219,66.44000244140625,66.6500015258789,4827000.0,54.118839263916016
2011-11-09,65.69999694824219,64.33000183105469,65.16999816894531,64.55000305175781,5753500.0,52.41367721557617
2011-11-10,65.5999984741211,64.58999633789062,65.08999633789062,64.83000183105469,3853400.0,52.641021728515625
2011-11-11,67.26000213623047,65.43000030517578,65.43000030517578,66.91999816894531,4397700.0,54.33808135986328
2011-11-14,68.97000122070312,67.69999694824219,68.88999938964844,67.94000244140625,6366100.0,55.166316986083984
2011-11-15,68.33999633789062,67.05000305175781,67.9000015258789,67.94000244140625,5112800.0,55.166316986083984
2011-11-16,67.66000366210938,66.19999694824219,67.12999725341797,66.33999633789062,5352800.0,53.867130279541016
2011-11-17,67.3499984741211,65.41000366210938,67.19999694824219,66.08999633789062,7122800.0,53.664119720458984
2011-11-18,67.8499984741211,66.29000091552734,66.93000030517578,67.45999908447266,7055300.0,54.77653884887695
2011-11-21,66.44999694824219,64.0,66.31999969482422,65.55999755859375,8102900.0,53.23378372192383
2011-11-22,65.44000244140625,63.880001068115234,65.30000305175781,64.3499984741211,5000300.0,52.25127410888672
2011-11-23,63.75,62.33000183105469,63.619998931884766,62.36000061035156,4273000.0,50.63542938232422
2011-11-25,63.619998931884766,62.119998931884766,62.15999984741211,62.779998779296875,2122300.0,50.97645568847656
2011-11-28,65.62999725341797,64.52999877929688,64.52999877929688,64.98999786376953,4621100.0,52.770957946777344
2011-11-29,66.0,64.83999633789062,65.0199966430664,65.26000213623047,5317900.0,52.99018096923828
2011-11-30,68.75,66.98999786376953,67.08000183105469,68.69000244140625,8601100.0,55.77529525756836
2011-12-01,71.70999908447266,68.51000213623047,68.69999694824219,70.9800033569336,12018200.0,57.63474655151367
2011-12-02,71.9800033569336,70.93000030517578,71.69999694824219,71.30000305175781,7252600.0,57.894588470458984
2011-12-05,72.76000213623047,70.3499984741211,72.27999877929688,71.08999633789062,8133700.0,57.72405242919922
2011-12-06,71.58999633789062,70.80000305175781,70.91999816894531,70.87000274658203,4624300.0,57.5453987121582
2011-12-07,71.51000213623047,69.63999938964844,70.30000305175781,70.5999984741211,6455100.0,57.32619094848633
2011-12-08,71.12999725341797,69.83000183105469,70.45999908447266,70.16999816894531,6034800.0,56.977027893066406
2011-12-09,72.0,70.41000366210938,70.80999755859375,71.93000030517578,5545900.0,58.4061279296875
2011-12-12,71.95999908447266,70.18000030517578,71.51000213623047,70.9000015258789,5463400.0,57.56977844238281
2011-12-13,72.6500015258789,70.62000274658203,71.66999816894531,70.9000015258789,7555600.0,57.56977844238281
2011-12-14,71.54000091552734,69.72000122070312,70.3499984741211,69.94000244140625,5999900.0,56.79026794433594
2011-12-15,70.94999694824219,70.05000305175781,70.80999755859375,70.61000061035156,4076400.0,57.33430480957031
2011-12-16,72.37000274658203,70.55999755859375,71.11000061035156,71.01000213623047,8854900.0,57.65909957885742
2011-12-19,71.62000274658203,69.91000366210938,71.19999694824219,70.16000366210938,3572500.0,56.968910217285156
2011-12-20,72.68000030517578,71.2300033569336,71.2300033569336,72.44000244140625,5408600.0,58.82023620605469
2011-12-21,73.70999908447266,72.05999755859375,72.7300033569336,73.58999633789062,5471700.0,59.75402069091797
2011-12-22,74.73999786376953,73.4800033569336,73.83000183105469,74.29000091552734,5849400.0,60.32240295410156
2011-12-23,74.70999908447266,73.5999984741211,74.52999877929688,73.97000122070312,3578100.0,60.06257629394531
2011-12-27,74.48999786376953,73.37000274658203,73.68000030517578,74.2699966430664,2536700.0,60.3061637878418
2011-12-28,74.5999984741211,73.02999877929688,74.4800033569336,73.26000213623047,2568200.0,59.48605728149414
2011-12-29,74.36000061035156,73.30999755859375,73.44000244140625,74.11000061035156,2749300.0,60.176246643066406
2011-12-30,74.08000183105469,73.23999786376953,73.86000061035156,73.3499984741211,2811800.0,59.55915832519531
2012-01-03,75.0,74.12000274658203,74.69999694824219,74.22000122070312,6859300.0,60.26557159423828
2012-01-04,74.5999984741211,73.58999633789062,74.0999984741211,74.33000183105469,4923000.0,60.35488510131836
2012-01-05,73.9000015258789,72.73999786376953,73.7699966430664,73.52999877929688,6797900.0,59.70529556274414
2012-01-06,74.2699966430664,72.94999694824219,73.7300033569336,73.9800033569336,4779800.0,60.07068634033203
2012-01-09,74.87000274658203,74.18000030517578,74.80999755859375,74.52999877929688,4469600.0,60.51729965209961
2012-01-10,75.33999633789062,74.5,75.12999725341797,75.0,4622400.0,60.898921966552734
2012-01-11,74.94999694824219,74.2300033569336,74.77999877929688,74.73999786376953,3082700.0,60.687808990478516
2012-01-12,75.69000244140625,74.77999877929688,74.80999755859375,75.51000213623047,3934500.0,61.31303405761719
2012-01-13,75.19999694824219,74.16000366210938,75.04000091552734,74.5999984741211,4641100.0,60.574127197265625
2012-01-17,76.0,75.13999938964844,75.30000305175781,75.23999786376953,3700100.0,61.093780517578125
2012-01-18,75.44999694824219,74.7699966430664,74.94999694824219,75.05999755859375,4189500.0,60.94765090942383
2012-01-19,75.91999816894531,75.0999984741211,75.2699966430664,75.55999755859375,5397300.0,61.35363006591797
2012-01-20,75.9000015258789,75.13999938964844,75.68000030517578,75.5199966430664,4552300.0,61.32114028930664
2012-01-23,76.37000274658203,75.31999969482422,75.66000366210938,75.51000213623047,4083700.0,61.31303405761719
2012-01-24,75.62000274658203,74.5999984741211,75.05999755859375,75.36000061035156,4942700.0,61.191219329833984
2012-01-25,76.69999694824219,72.8499984741211,73.97000122070312,75.81999969482422,14049100.0,61.56475067138672
2012-01-26,76.36000061035156,75.0,75.83999633789062,75.30999755859375,4187400.0,61.15061950683594
2012-01-27,75.2300033569336,74.4000015258789,74.80000305175781,74.55000305175781,4754600.0,60.53353500366211
2012-01-30,74.3499984741211,73.68000030517578,73.98999786376953,74.16000366210938,5043000.0,60.21684646606445
2012-01-31,75.19999694824219,73.95999908447266,74.51000213623047,74.18000030517578,4777200.0,60.233089447021484
2012-02-01,75.88999938964844,74.95999908447266,74.95999908447266,75.37000274658203,4296400.0,61.1993408203125
2012-02-02,75.33000183105469,74.5,75.19999694824219,75.22000122070312,3528100.0,61.07758331298828
2012-02-03,76.73999786376953,75.86000061035156,76.08999633789062,76.33999633789062,3472400.0,61.98699188232422
2012-02-06,75.55000305175781,75.16000366210938,75.26000213623047,75.45999908447266,4162500.0,61.27244567871094
2012-02-07,75.3499984741211,74.30000305175781,75.04000091552734,75.19999694824219,4438700.0,61.061317443847656
2012-02-08,75.6500015258789,74.51000213623047,74.70999908447266,75.45999908447266,5350000.0,61.6330680847168
2012-02-09,76.2300033569336,75.37000274658203,75.77999877929688,75.9000015258789,4491100.0,61.99244689941406
2012-02-10,75.55999755859375,74.56999969482422,75.44999694824219,74.94999694824219,3361700.0,61.21649169921875
2012-02-13,75.51000213623047,74.75,75.5,74.8499984741211,3456500.0,61.134830474853516
2012-02-14,75.56999969482422,74.9000015258789,75.51000213623047,75.55999755859375,4652000.0,61.71472930908203
2012-02-15,76.0,75.0,75.86000061035156,75.20999908447266,4252400.0,61.42885971069336
2012-02-16,75.47000122070312,74.87000274658203,75.04000091552734,75.2699966430664,4992800.0,61.477867126464844
2012-02-17,75.55000305175781,75.0199966430664,75.52999877929688,75.3499984741211,4927300.0,61.5432014465332
2012-02-21,75.94999694824219,75.08000183105469,75.66999816894531,75.72000122070312,3978100.0,61.84541320800781
2012-02-22,76.30000305175781,75.30999755859375,75.55999755859375,76.05999755859375,3764800.0,62.12311553955078
2012-02-23,76.16999816894531,75.5199966430664,75.76000213623047,75.8499984741211,4187200.0,61.95158767700195
2012-02-24,76.63999938964844,75.62999725341797,75.75,76.05999755859375,3347000.0,62.12311553955078
2012-02-27,75.77999877929688,75.01000213623047,75.69000244140625,75.20999908447266,5379400.0,61.42885971069336
2012-02-28,75.41000366210938,74.80999755859375,75.18000030517578,75.16000366210938,3667400.0,61.38801956176758
2012-02-29,75.72000122070312,74.75,75.27999877929688,74.94999694824219,4631800.0,61.21649169921875
2012-03-01,75.62999725341797,74.86000061035156,74.95999908447266,75.08000183105469,3343100.0,61.32268142700195
2012-03-02,75.27999877929688,74.62999725341797,75.06999969482422,74.9000015258789,2806600.0,61.17567443847656
2012-03-05,74.9800033569336,73.93000030517578,74.94999694824219,74.12999725341797,4156800.0,60.54673767089844
2012-03-06,73.23999786376953,72.30000305175781,73.23999786376953,72.55999755859375,5455700.0,59.26442337036133
2012-03-07,73.69999694824219,72.51000213623047,72.58000183105469,73.5199966430664,4279000.0,60.04853439331055
2012-03-08,74.69999694824219,73.83000183105469,74.2699966430664,74.16999816894531,3881200.0,60.579429626464844
2012-03-09,74.30999755859375,73.16999816894531,74.13999938964844,73.29000091552734,5535900.0,59.86069107055664
2012-03-12,74.02999877929688,73.19999694824219,73.19999694824219,73.5999984741211,2833500.0,60.11387252807617
2012-03-13,74.3499984741211,73.37999725341797,73.87999725341797,74.30999755859375,4532700.0,60.69377136230469
2012-03-14,75.37999725341797,74.30999755859375,74.31999969482422,75.2300033569336,5297100.0,61.44519805908203
2012-03-15,75.62999725341797,74.87999725341797,75.5,75.43000030517578,4850700.0,61.608558654785156
2012-03-16,75.80999755859375,75.0,75.76000213623047,75.19999694824219,7079200.0,61.420719146728516
2012-03-19,75.69000244140625,75.0,75.0,75.4000015258789,2683800.0,61.58405303955078
2012-03-20,75.47000122070312,74.5199966430664,75.08999633789062,75.13999938964844,4384000.0,61.37169647216797
2012-03-21,75.44000244140625,74.80000305175781,75.05000305175781,75.01000213623047,3644100.0,61.26552963256836
2012-03-22,74.66000366210938,73.37000274658203,74.62000274658203,73.91999816894531,4921400.0,60.37522888183594
2012-03-23,74.33999633789062,73.75,74.05000305175781,73.97000122070312,2518400.0,60.416072845458984
2012-03-26,75.2300033569336,74.47000122070312,74.5199966430664,75.18000030517578,3715800.0,61.40437698364258
2012-03-27,75.25,74.80000305175781,75.11000061035156,74.80999755859375,3510700.0,61.1021728515625
2012-03-28,75.29000091552734,73.9000015258789,74.98999786376953,74.33000183105469,3412200.0,60.71009826660156
2012-03-29,74.1500015258789,72.94999694824219,73.7699966430664,74.08000183105469,3587600.0,60.50592041015625
2012-03-30,74.44000244140625,73.77999877929688,74.31999969482422,74.37000274658203,3203800.0,60.74277877807617
2012-04-02,75.47000122070312,73.61000061035156,74.0,75.16999816894531,4104600.0,61.39619827270508
2012-04-03,75.11000061035156,74.1500015258789,75.0,74.6500015258789,3485900.0,60.971492767333984
2012-04-04,74.19999694824219,73.48999786376953,73.97000122070312,73.66999816894531,2490500.0,60.17106246948242
2012-04-05,73.88999938964844,73.30000305175781,73.41999816894531,73.58999633789062,2640200.0,60.1057014465332
2012-04-09,72.79000091552734,72.2699966430664,72.62999725341797,72.43000030517578,2443400.0,59.158267974853516
2012-04-10,72.30999755859375,70.58999633789062,72.25,70.5999984741211,5339000.0,57.663570404052734
2012-04-11,72.51000213623047,71.48999786376953,71.62999725341797,71.7699966430664,5099900.0,58.61917495727539
2012-04-12,73.83000183105469,71.69000244140625,71.69000244140625,73.5,3938800.0,60.03218460083008
2012-04-13,73.37999725341797,72.37000274658203,73.18000030517578,72.91999816894531,3329100.0,59.558467864990234
2012-04-16,73.19000244140625,72.30000305175781,72.9800033569336,72.68000030517578,4800000.0,59.36244583129883
2012-04-17,74.36000061035156,73.0999984741211,73.12999725341797,74.08999633789062,3345300.0,60.51407241821289
2012-04-18,74.23999786376953,73.47000122070312,73.58000183105469,73.70999908447266,2248900.0,60.20370864868164
2012-04-19,73.95999908447266,72.66000366210938,73.7300033569336,73.0999984741211,3729300.0,59.70548629760742
2012-04-20,74.02999877929688,73.0999984741211,73.2699966430664,73.55000305175781,4302100.0,60.07305145263672
2012-04-23,73.12999725341797,72.16999816894531,72.69000244140625,72.86000061035156,5022100.0,59.50946807861328
2012-04-24,73.73999786376953,72.7699966430664,73.20999908447266,73.20999908447266,3664500.0,59.79533767700195
2012-04-25,77.5,74.9000015258789,75.05000305175781,77.08000183105469,10621200.0,62.95621109008789
2012-04-26,77.19999694824219,76.55000305175781,76.70999908447266,76.98999786376953,4704700.0,62.882686614990234
2012-04-27,77.56999969482422,76.9000015258789,77.27999877929688,77.2699966430664,4168700.0,63.11138153076172
2012-04-30,76.87000274658203,75.68000030517578,76.51000213623047,76.80000305175781,5811100.0,62.72751235961914
2012-05-01,77.83000183105469,75.8499984741211,76.58999633789062,77.25,4287600.0,63.09507369995117
2012-05-02,77.5,76.33999633789062,76.7699966430664,77.26000213623047,3073500.0,63.1032600402832
2012-05-03,77.33000183105469,76.5199966430664,77.12999725341797,76.83000183105469,3304800.0,62.75201416015625
2012-05-04,76.55999755859375,75.5,76.3499984741211,75.83999633789062,3366400.0,61.94340515136719
2012-05-07,76.08000183105469,75.37000274658203,75.79000091552734,75.95999908447266,3551800.0,62.04142761230469
2012-05-08,75.5999984741211,74.55000305175781,75.37999725341797,75.4000015258789,4033400.0,61.58405303955078
2012-05-09,74.86000061035156,73.31999969482422,74.25,74.05000305175781,3926600.0,60.8364143371582
2012-05-10,75.06999969482422,73.62999725341797,74.45999908447266,73.80000305175781,2952700.0,60.63105010986328
2012-05-11,74.11000061035156,73.25,73.58999633789062,73.55999755859375,3189000.0,60.43385696411133
2012-05-14,73.79000091552734,72.3499984741211,72.88999938964844,73.12000274658203,3585700.0,60.072383880615234
2012-05-15,73.66999816894531,72.41999816894531,73.0,72.58000183105469,3252300.0,59.62874221801758
2012-05-16,73.51000213623047,72.29000091552734,72.81999969482422,72.3499984741211,3648100.0,59.43978500366211
2012-05-17,72.4800033569336,69.45999908447266,72.30999755859375,69.7300033569336,6172200.0,57.28730392456055
2012-05-18,70.33999633789062,68.93000030517578,69.94999694824219,69.1500015258789,5597400.0,56.810794830322266
2012-05-21,71.8499984741211,70.13999938964844,70.45999908447266,71.77999877929688,4709700.0,58.97147750854492
2012-05-22,72.20999908447266,71.08000183105469,71.6500015258789,71.4800033569336,4269400.0,58.72501754760742
2012-05-23,71.62999725341797,69.91999816894531,70.69000244140625,71.56999969482422,4222700.0,58.7989616394043
2012-05-24,71.94999694824219,70.25,71.63999938964844,71.38999938964844,2942600.0,58.65108871459961
2012-05-25,71.38999938964844,69.66000366210938,71.20999908447266,70.0,5163300.0,57.50911331176758
2012-05-29,70.5,69.75,70.27999877929688,70.4000015258789,3973600.0,57.837738037109375
2012-05-30,70.08999633789062,69.25,69.87999725341797,69.38999938964844,4677600.0,57.00796890258789
2012-05-31,70.11000061035156,69.06999969482422,69.54000091552734,69.61000061035156,4191400.0,57.188720703125
2012-06-01,68.87999725341797,67.13999938964844,68.66999816894531,67.23999786376953,5592000.0,55.241615295410156
2012-06-04,68.1500015258789,67.05000305175781,68.1500015258789,67.5,5478200.0,55.45520782470703
2012-06-05,67.69999694824219,66.81999969482422,67.30999755859375,67.58000183105469,3747300.0,55.52095031738281
2012-06-06,69.0199966430664,67.95999908447266,67.97000122070312,69.0199966430664,4050300.0,56.703983306884766
2012-06-07,70.33000183105469,69.43000030517578,69.56999969482422,69.94999694824219,4004600.0,57.46805953979492
2012-06-08,69.97000122070312,69.2699966430664,69.66000366210938,69.94000244140625,3933400.0,57.45982360839844
2012-06-11,70.8499984741211,69.80000305175781,70.61000061035156,70.11000061035156,4369400.0,57.59947204589844
2012-06-12,72.81999969482422,70.73999786376953,70.93000030517578,72.58000183105469,6458100.0,59.62874221801758
2012-06-13,72.69999694824219,71.56999969482422,72.41000366210938,72.05999755859375,4720300.0,59.20153045654297
2012-06-14,72.30000305175781,71.38999938964844,72.08000183105469,71.8499984741211,5822900.0,59.028995513916016
2012-06-15,72.37999725341797,71.58000183105469,72.08999633789062,71.98999786376953,5308300.0,59.144020080566406
2012-06-18,72.33999633789062,71.25,71.69000244140625,71.9000015258789,3435200.0,59.070072174072266
2012-06-19,73.22000122070312,72.0199966430664,72.36000061035156,72.91999816894531,4167200.0,59.90806198120117
2012-06-20,73.45999908447266,72.3499984741211,72.69999694824219,73.01000213623047,3468700.0,59.98200988769531
2012-06-21,73.62000274658203,71.25,73.3499984741211,71.37000274658203,3659300.0,58.6346549987793
2012-06-22,72.0999984741211,71.06999969482422,71.55000305175781,71.95999908447266,3267300.0,59.119380950927734
2012-06-25,71.91999816894531,71.02999877929688,71.80999755859375,71.05000305175781,4111400.0,58.37175750732422
2012-06-26,71.62999725341797,70.4800033569336,71.30000305175781,70.93000030517578,2757600.0,58.273155212402344
2012-06-27,72.04000091552734,70.94999694824219,70.9800033569336,71.87000274658203,2514600.0,59.04542922973633
2012-06-28,71.73999786376953,70.62999725341797,71.1500015258789,71.58000183105469,3144600.0,58.80720138549805
2012-06-29,74.37000274658203,72.88999938964844,73.05999755859375,74.30000305175781,4419400.0,61.04182815551758
2012-07-02,74.73999786376953,72.44999694824219,74.20999908447266,73.18000030517578,4893400.0,60.12168502807617
2012-07-03,74.2699966430664,73.08000183105469,73.08000183105469,74.2699966430664,2166200.0,61.01716995239258
2012-07-05,74.73999786376953,73.8499984741211,74.37999725341797,74.44000244140625,2539000.0,61.1568489074707
2012-07-06,73.80999755859375,72.9000015258789,73.77999877929688,73.69000244140625,3579100.0,60.540672302246094
2012-07-09,74.8499984741211,73.80000305175781,74.2699966430664,74.02999877929688,4357700.0,60.819984436035156
2012-07-10,75.05000305175781,72.88999938964844,74.62999725341797,73.22000122070312,4756700.0,60.15452575683594
2012-07-11,72.76000213623047,71.2300033569336,72.69000244140625,71.5199966430664,6072200.0,58.75787353515625
2012-07-12,72.0199966430664,70.8499984741211,71.19999694824219,71.70999908447266,5799800.0,58.913978576660156
2012-07-13,73.55999755859375,71.8499984741211,71.93000030517578,73.51000213623047,3616000.0,60.392784118652344
2012-07-16,73.19000244140625,72.25,73.12999725341797,72.97000122070312,3538400.0,59.94915008544922
2012-07-17,73.51000213623047,72.04000091552734,73.25,73.11000061035156,2775700.0,60.06416702270508
2012-07-18,74.44000244140625,72.70999908447266,72.70999908447266,73.88999938964844,3756200.0,60.704978942871094
2012-07-19,75.11000061035156,73.69999694824219,73.98999786376953,74.86000061035156,4543200.0,61.501914978027344
2012-07-20,74.80000305175781,73.61000061035156,74.5,73.88999938964844,3148100.0,60.704978942871094
2012-07-23,73.08000183105469,71.58000183105469,72.30999755859375,72.91000366210938,3432200.0,59.89985656738281
2012-07-24,73.16999816894531,71.3499984741211,72.87000274658203,72.02999877929688,3866500.0,59.1768798828125
2012-07-25,74.4800033569336,72.69999694824219,74.19999694824219,74.02999877929688,6130400.0,60.819984436035156
2012-07-26,75.95999908447266,74.2699966430664,75.12999725341797,74.91000366210938,4949200.0,61.54297637939453
2012-07-27,75.94000244140625,75.08000183105469,75.58000183105469,75.51000213623047,4066300.0,62.03590393066406
2012-07-30,75.58999633789062,74.43000030517578,74.5999984741211,74.86000061035156,4999700.0,61.501914978027344
2012-07-31,75.05999755859375,73.87999725341797,74.81999969482422,73.91000366210938,3978700.0,60.7214241027832
2012-08-01,74.4800033569336,72.63999938964844,74.31999969482422,72.7699966430664,4696000.0,59.78483581542969
2012-08-02,72.5199966430664,71.1500015258789,72.38999938964844,71.98999786376953,4615000.0,59.144020080566406
2012-08-03,73.33999633789062,72.68000030517578,73.12999725341797,72.80999755859375,4588500.0,59.81769561767578
2012-08-06,73.33000183105469,72.70999908447266,73.20999908447266,72.88999938964844,3758800.0,59.883426666259766
2012-08-07,74.55000305175781,72.93000030517578,73.2699966430664,74.45999908447266,4717200.0,61.17326354980469
2012-08-08,74.69000244140625,74.01000213623047,74.02999877929688,74.5999984741211,3410700.0,61.28828811645508
2012-08-09,74.61000061035156,73.91000366210938,74.61000061035156,74.27999877929688,2387500.0,61.025367736816406
2012-08-10,74.30999755859375,73.76000213623047,73.87000274658203,74.20999908447266,2843600.0,60.96788024902344
2012-08-13,74.43000030517578,73.5999984741211,73.70999908447266,74.19000244140625,2379900.0,60.95143508911133
2012-08-14,74.44000244140625,73.5999984741211,74.30000305175781,73.80999755859375,2616700.0,60.639244079589844
2012-08-15,73.6500015258789,72.75,73.33999633789062,73.06999969482422,3278200.0,60.391292572021484
2012-08-16,73.75,73.0199966430664,73.0999984741211,73.63999938964844,2802700.0,60.862388610839844
2012-08-17,73.9800033569336,73.4000015258789,73.69000244140625,73.91000366210938,3235800.0,61.0855712890625
2012-08-20,74.0,73.33999633789062,73.61000061035156,73.83000183105469,2481900.0,61.01945877075195
2012-08-21,74.36000061035156,73.12000274658203,74.08999633789062,73.2699966430664,3136400.0,60.55660629272461
2012-08-22,73.5999984741211,72.55000305175781,73.33999633789062,72.80000305175781,4242600.0,60.168148040771484
2012-08-23,72.1500015258789,70.0199966430664,72.08999633789062,70.36000061035156,9431200.0,58.151527404785156
2012-08-24,71.16999816894531,70.05000305175781,70.31999969482422,71.08999633789062,5351300.0,58.754852294921875
2012-08-27,71.77999877929688,70.87999725341797,70.94999694824219,71.37999725341797,3538100.0,58.99454116821289
2012-08-28,71.8499984741211,71.05000305175781,71.18000030517578,71.5199966430664,3029200.0,59.11023712158203
2012-08-29,71.98999786376953,71.12999725341797,71.63999938964844,71.44000244140625,2687200.0,59.04414367675781
2012-08-30,71.12999725341797,70.5,71.05000305175781,70.81999969482422,3393100.0,58.53171157836914
2012-08-31,71.75,70.61000061035156,71.2699966430664,71.4000015258789,3171800.0,59.01108932495117
2012-09-04,71.5,70.4000015258789,71.5,70.87000274658203,3916400.0,58.57303237915039
2012-09-05,72.05000305175781,71.11000061035156,71.37999725341797,71.91999816894531,4946900.0,59.44084930419922
2012-09-06,73.2699966430664,72.37000274658203,72.37000274658203,72.81999969482422,4358800.0,60.18468475341797
2012-09-07,73.02999877929688,72.55000305175781,72.87000274658203,72.88999938964844,3080400.0,60.24256134033203
2012-09-10,72.31999969482422,70.80999755859375,72.30999755859375,71.08000183105469,8354500.0,58.74660873413086
2012-09-11,71.66999816894531,71.1500015258789,71.19000244140625,71.2699966430664,3951300.0,58.90364074707031
2012-09-12,71.68000030517578,70.80000305175781,71.43000030517578,70.95999908447266,4400800.0,58.647422790527344
2012-09-13,71.98999786376953,70.44000244140625,70.68000030517578,71.58000183105469,5314100.0,59.15985870361328
2012-09-14,72.43000030517578,71.0,72.0199966430664,71.27999877929688,6530200.0,58.911888122558594
2012-09-17,70.81999969482422,69.88999938964844,70.7699966430664,69.91999816894531,6917200.0,57.78787612915039
2012-09-18,70.45999908447266,69.55999755859375,69.86000061035156,70.44999694824219,5490300.0,58.22591018676758
2012-09-19,70.73999786376953,69.87999725341797,70.73999786376953,69.9000015258789,5193400.0,57.7713508605957
2012-09-20,69.86000061035156,69.02999877929688,69.3499984741211,69.8499984741211,4875100.0,57.73003005981445
2012-09-21,70.1500015258789,69.47000122070312,70.08999633789062,69.97000122070312,13161000.0,57.82919692993164
2012-09-24,70.18000030517578,69.20999908447266,69.44999694824219,70.02999877929688,5037900.0,57.8787956237793
2012-09-25,70.48999786376953,69.37999725341797,70.29000091552734,69.37999725341797,4085900.0,57.34157180786133
2012-09-26,70.51000213623047,69.30999755859375,69.33999633789062,70.25,5256400.0,58.060630798339844
2012-09-27,70.55000305175781,69.70999908447266,70.4000015258789,70.0999984741211,4147700.0,57.936641693115234
2012-09-28,70.05000305175781,69.18000030517578,69.75,69.5999984741211,4057500.0,57.52339553833008
2012-10-01,70.66999816894531,69.80000305175781,69.86000061035156,70.01000213623047,4012100.0,57.86225891113281
2012-10-02,70.30000305175781,69.19999694824219,70.11000061035156,69.52999877929688,3077900.0,57.465545654296875
2012-10-03,70.0,69.36000061035156,69.9000015258789,69.86000061035156,3106400.0,57.73828887939453
2012-10-04,70.37999725341797,69.72000122070312,70.23999786376953,69.94000244140625,2818300.0,57.80439758300781
2012-10-05,71.25,70.20999908447266,70.26000213623047,70.88999938964844,3741600.0,58.589576721191406
2012-10-08,71.19000244140625,70.55000305175781,70.72000122070312,70.56999969482422,2838800.0,58.32509994506836
2012-10-09,71.20999908447266,70.36000061035156,70.69999694824219,70.63999938964844,4116600.0,58.38294982910156
2012-10-10,71.30000305175781,70.2300033569336,70.80000305175781,70.33999633789062,3642600.0,58.1350212097168
2012-10-11,71.55000305175781,70.80000305175781,70.9000015258789,70.83000183105469,3183200.0,58.53997802734375
2012-10-12,72.23999786376953,71.0,71.08000183105469,71.8499984741211,4345600.0,59.38298797607422
2012-10-15,72.27999877929688,71.68000030517578,71.8499984741211,72.25,3858000.0,59.71358871459961
2012-10-16,73.70999908447266,72.5,72.76000213623047,73.4800033569336,4799300.0,60.73017120361328
2012-10-17,73.9000015258789,72.62999725341797,73.73999786376953,73.62999725341797,6061500.0,60.85415267944336
2012-10-18,74.26000213623047,73.23999786376953,73.5199966430664,74.26000213623047,3414200.0,61.374839782714844
2012-10-19,74.2300033569336,73.58999633789062,74.02999877929688,74.01000213623047,5407000.0,61.168212890625
2012-10-22,74.1500015258789,73.25,73.80000305175781,73.69999694824219,4419800.0,60.91199493408203
2012-10-23,73.2300033569336,72.61000061035156,72.98999786376953,72.81999969482422,4544900.0,60.18468475341797
2012-10-24,75.0,72.25,74.94999694824219,72.70999908447266,8346600.0,60.09376907348633
2012-10-25,73.08999633789062,70.6500015258789,73.05000305175781,71.54000091552734,8191500.0,59.12678909301758
2012-10-26,71.58000183105469,70.55000305175781,71.16000366210938,71.11000061035156,4389000.0,58.77140426635742
2012-10-31,71.44999694824219,70.2699966430664,71.3499984741211,70.44000244140625,3778700.0,58.2176513671875
2012-11-01,71.55999755859375,70.44000244140625,70.58999633789062,70.79000091552734,3992800.0,58.50690460205078
2012-11-02,71.36000061035156,69.95999908447266,71.0,70.05000305175781,4400400.0,57.895320892333984
2012-11-05,70.5999984741211,69.8499984741211,69.87000274658203,70.41000366210938,3833000.0,58.1928596496582
2012-11-06,72.44000244140625,70.47000122070312,70.47000122070312,72.0199966430664,4923700.0,59.52349853515625
2012-11-07,70.7699966430664,69.30000305175781,70.69000244140625,70.11000061035156,6675400.0,58.30107498168945
2012-11-08,71.31999969482422,70.08999633789062,70.12999725341797,70.9800033569336,7363500.0,59.024574279785156
2012-11-09,73.30000305175781,70.5999984741211,70.76000213623047,73.25,10269800.0,60.91222381591797
2012-11-12,74.18000030517578,73.27999877929688,73.41000366210938,73.69000244140625,6497600.0,61.278106689453125
2012-11-13,74.25,72.83999633789062,73.0199966430664,73.36000061035156,7293400.0,61.00370788574219
2012-11-14,73.6500015258789,71.12000274658203,73.33999633789062,71.29000091552734,6063100.0,59.2823371887207
2012-11-15,71.98999786376953,70.77999877929688,71.22000122070312,71.04000091552734,3928100.0,59.07445526123047
2012-11-16,71.22000122070312,70.29000091552734,71.19000244140625,70.7699966430664,4856300.0,58.849910736083984
2012-11-19,72.08000183105469,71.08000183105469,71.48999786376953,71.95999908447266,3475700.0,59.839500427246094
2012-11-20,72.80000305175781,71.79000091552734,71.87000274658203,72.54000091552734,3161000.0,60.32179641723633
2012-11-21,73.86000061035156,72.38999938964844,72.54000091552734,73.1500015258789,3119800.0,60.82905578613281
2012-11-23,73.75,73.08999633789062,73.3499984741211,73.73999786376953,1579200.0,61.31969451904297
2012-11-26,74.30000305175781,73.19999694824219,73.4000015258789,74.2699966430664,3709100.0,61.76041030883789
2012-11-27,74.54000091552734,73.5999984741211,74.12000274658203,74.48999786376953,5353500.0,61.94334030151367
2012-11-28,74.23999786376953,73.1500015258789,74.0,74.08999633789062,4245900.0,61.6107292175293
2012-11-29,74.86000061035156,73.83999633789062,74.36000061035156,74.12000274658203,2998900.0,61.635677337646484
2012-11-30,74.66000366210938,73.86000061035156,74.36000061035156,74.27999877929688,3863400.0,61.76870346069336
2012-12-03,74.48999786376953,73.56999969482422,74.41000366210938,74.0199966430664,3721600.0,61.552513122558594
2012-12-04,74.70999908447266,73.7300033569336,73.88999938964844,74.05000305175781,3827700.0,61.577449798583984
2012-12-05,74.44999694824219,73.18000030517578,73.94000244140625,73.87000274658203,3818800.0,61.427791595458984
2012-12-06,73.98999786376953,72.93000030517578,73.80000305175781,73.9800033569336,3895400.0,61.51923751831055
2012-12-07,74.66000366210938,73.61000061035156,74.08999633789062,74.63999938964844,3718000.0,62.068084716796875
2012-12-10,75.58000183105469,74.43000030517578,74.62000274658203,75.52999877929688,5323800.0,62.80818557739258
2012-12-11,76.05000305175781,75.5,75.62000274658203,75.81999969482422,5960300.0,63.04935073852539
2012-12-12,76.04000091552734,75.26000213623047,75.83999633789062,75.47000122070312,5191300.0,62.75828170776367
2012-12-13,75.48999786376953,74.0999984741211,75.41999816894531,74.31999969482422,4977600.0,61.801979064941406
2012-12-14,74.66000366210938,73.87000274658203,74.33000183105469,74.0199966430664,4209300.0,61.552513122558594
2012-12-17,74.66000366210938,73.52999877929688,74.19999694824219,74.6500015258789,5537800.0,62.0764274597168
2012-12-18,75.69999694824219,74.13999938964844,74.30000305175781,75.5199966430664,5767500.0,62.79984664916992
2012-12-19,76.19000244140625,75.30000305175781,75.61000061035156,75.51000213623047,6075200.0,62.79154968261719
2012-12-20,76.23999786376953,75.51000213623047,75.75,76.19999694824219,4599300.0,63.365333557128906
2012-12-21,76.22000122070312,74.58000183105469,75.08000183105469,76.16999816894531,6831500.0,63.34038543701172
2012-12-24,76.55999755859375,75.52999877929688,75.88999938964844,75.97000122070312,1931900.0,63.174068450927734
2012-12-26,76.30000305175781,75.75,75.97000122070312,76.0199966430664,2710300.0,63.215641021728516
2012-12-27,76.30000305175781,75.01000213623047,76.01000213623047,75.83000183105469,4041400.0,63.05766677856445
2012-12-28,75.73999786376953,74.55999755859375,75.20999908447266,74.69000244140625,2970400.0,62.10968017578125
2012-12-31,75.41000366210938,74.0,74.61000061035156,75.36000061035156,4939000.0,62.66680908203125
2013-01-02,77.33000183105469,76.44999694824219,76.55000305175781,77.06999969482422,5036400.0,64.08879089355469
2013-01-03,77.9800033569336,76.37000274658203,76.98999786376953,77.47000122070312,3987000.0,64.42142486572266
2013-01-04,78.0199966430664,77.44000244140625,77.79000091552734,77.69000244140625,3431700.0,64.6043701171875
2013-01-07,77.69000244140625,75.33999633789062,77.54000091552734,76.12999725341797,7172600.0,63.30712890625
2013-01-08,75.80999755859375,73.11000061035156,75.23999786376953,74.12999725341797,20268100.0,61.64399337768555
2013-01-09,76.80999755859375,74.91000366210938,74.91999816894531,76.76000213623047,10915800.0,63.83099365234375
2013-01-10,77.12000274658203,76.16000366210938,76.93000030517578,77.08999633789062,5026600.0,64.10543823242188
2013-01-11,76.0999984741211,74.5999984741211,75.70999908447266,75.16000366210938,9808500.0,62.500518798828125
2013-01-14,76.58999633789062,74.9000015258789,75.2300033569336,76.55000305175781,6221100.0,63.65637969970703
2013-01-15,76.9800033569336,76.18000030517578,76.20999908447266,76.94000244140625,3900600.0,63.98069763183594
2013-01-16,74.63999938964844,73.55999755859375,73.8499984741211,74.33999633789062,18212000.0,61.81862258911133
2013-01-17,75.62999725341797,72.68000030517578,72.77999877929688,75.26000213623047,21849200.0,62.58366775512695
2013-01-18,75.16000366210938,74.29000091552734,75.16000366210938,75.04000091552734,10829000.0,62.400726318359375
2013-01-22,74.2699966430664,73.7699966430664,74.12000274658203,74.16000366210938,9161900.0,61.66893005371094
2013-01-23,74.58999633789062,73.44999694824219,73.98999786376953,74.29000091552734,7784900.0,61.77702331542969
2013-01-24,75.54000091552734,74.41000366210938,74.41000366210938,75.31999969482422,7292200.0,62.6335563659668
2013-01-25,75.41999816894531,74.79000091552734,75.29000091552734,75.02999877929688,6163200.0,62.39238739013672
2013-01-28,74.6500015258789,73.88999938964844,73.9000015258789,74.0,7759000.0,61.53588104248047
2013-01-29,74.23999786376953,73.0,74.23999786376953,73.6500015258789,9296800.0,61.24483871459961
2013-01-30,74.75,73.7300033569336,74.41999816894531,74.58999633789062,10048600.0,62.02652359008789
2013-01-31,74.62000274658203,73.76000213623047,74.5,73.87000274658203,7639000.0,61.427791595458984
2013-02-01,75.06999969482422,74.2300033569336,74.48999786376953,74.87000274658203,6749300.0,62.25934982299805
2013-02-04,75.52999877929688,74.25,74.29000091552734,75.20999908447266,5799800.0,62.54206466674805
2013-02-05,76.9800033569336,75.61000061035156,75.69000244140625,75.88999938964844,6831200.0,63.107540130615234
2013-02-06,76.30000305175781,75.4000015258789,75.47000122070312,76.29000091552734,4716600.0,63.4401741027832
2013-02-07,77.54000091552734,76.27999877929688,76.31999969482422,77.43000030517578,7773000.0,64.38816833496094
2013-02-08,77.38999938964844,76.27999877929688,77.23999786376953,76.55999755859375,5100400.0,63.664695739746094
2013-02-11,76.44000244140625,75.8499984741211,76.41999816894531,75.87000274658203,3677100.0,63.09092712402344
2013-02-12,76.25,75.83000183105469,76.05999755859375,75.98999786376953,3597400.0,63.1906852722168
2013-02-13,75.83000183105469,74.62999725341797,75.66999816894531,74.77999877929688,4313500.0,62.58396530151367
2013-02-14,75.30999755859375,74.54000091552734,74.69000244140625,74.93000030517578,3830400.0,62.7094841003418
2013-02-15,75.26000213623047,74.72000122070312,75.26000213623047,75.02999877929688,3650700.0,62.79315948486328
2013-02-19,75.19000244140625,74.2699966430664,74.98999786376953,74.6500015258789,3882500.0,62.47517013549805
2013-02-20,76.25,74.75,75.63999938964844,74.77999877929688,7551300.0,62.58396530151367
2013-02-21,76.18000030517578,74.91000366210938,74.95999908447266,76.01000213623047,7438600.0,63.61334228515625
2013-02-22,77.02999877929688,76.4800033569336,76.69999694824219,76.66000366210938,5391200.0,64.15731811523438
2013-02-25,76.9000015258789,75.02999877929688,76.83000183105469,75.02999877929688,4936300.0,62.79315948486328
2013-02-26,75.91000366210938,75.13999938964844,75.43000030517578,75.6500015258789,3436700.0,63.31205368041992
2013-02-27,77.93000030517578,75.52999877929688,75.52999877929688,77.36000061035156,7160000.0,64.74317169189453
2013-02-28,77.7300033569336,76.4000015258789,77.23999786376953,76.9000015258789,5593400.0,64.35820770263672
2013-03-01,77.58999633789062,76.58000183105469,76.69999694824219,77.27999877929688,6024200.0,64.67622375488281
2013-03-04,77.4000015258789,76.16999816894531,76.94999694824219,77.08999633789062,4748600.0,64.5172119140625
2013-03-05,78.8499984741211,77.11000061035156,77.44999694824219,78.66000366210938,5693200.0,65.83113861083984
2013-03-06,79.27999877929688,78.48999786376953,78.66999816894531,79.08000183105469,3826100.0,66.1826400756836
2013-03-07,81.94999694824219,79.37000274658203,79.37000274658203,81.05000305175781,10029900.0,67.83135223388672
2013-03-08,81.69999694824219,80.72000122070312,81.16000366210938,81.2300033569336,5231700.0,67.98200988769531
2013-03-11,83.02999877929688,80.95999908447266,81.01000213623047,82.94000244140625,5087300.0,69.41310119628906
2013-03-12,84.62000274658203,83.0,83.0999984741211,84.16000366210938,6600800.0,70.43415069580078
2013-03-13,84.8499984741211,83.5199966430664,84.37999725341797,84.75,7750900.0,70.92791748046875
2013-03-14,85.0999984741211,84.12999725341797,84.62000274658203,84.62000274658203,5027800.0,70.8191146850586
2013-03-15,86.48999786376953,84.5,84.75,86.43000030517578,8205400.0,72.33393096923828
2013-03-18,85.7699966430664,85.04000091552734,85.06999969482422,85.18000030517578,4803900.0,71.28780364990234
2013-03-19,86.0,85.23999786376953,85.52999877929688,85.51000213623047,5381200.0,71.56396484375
2013-03-20,86.13999938964844,85.18000030517578,85.8499984741211,85.37000274658203,3783500.0,71.44681549072266
2013-03-21,85.83000183105469,84.18000030517578,85.19999694824219,84.33000183105469,3672400.0,70.57643127441406
2013-03-22,85.0999984741211,84.5199966430664,84.5199966430664,84.81999969482422,2841600.0,70.98649597167969
2013-03-25,85.4800033569336,84.33999633789062,85.02999877929688,84.8499984741211,3528400.0,71.01162719726562
2013-03-26,86.83999633789062,85.41000366210938,85.43000030517578,86.62000274658203,5083400.0,72.49295043945312
2013-03-27,86.41999816894531,85.05000305175781,85.75,86.19999694824219,3185700.0,72.14143371582031
2013-03-28,86.5,85.41999816894531,86.41000366210938,85.8499984741211,4884300.0,71.84850311279297
2013-04-01,86.19000244140625,85.02999877929688,85.5999984741211,85.25,2867200.0,71.34637451171875
2013-04-02,85.5,83.80000305175781,85.38999938964844,84.08999633789062,4764900.0,70.37555694580078
2013-04-03,85.3499984741211,84.06999969482422,84.30000305175781,84.36000061035156,3885000.0,70.60152435302734
2013-04-04,85.0199966430664,84.20999908447266,84.79000091552734,84.94999694824219,3352500.0,71.0953140258789
2013-04-05,86.30000305175781,83.91000366210938,84.06999969482422,86.16999816894531,6109500.0,72.11631774902344
2013-04-08,86.80999755859375,85.37999725341797,86.04000091552734,86.75,5003600.0,72.60172271728516
2013-04-09,87.48999786376953,86.19000244140625,87.12000274658203,87.20999908447266,6058400.0,72.98670196533203
2013-04-10,88.55999755859375,87.05999755859375,87.33999633789062,87.81999969482422,4635200.0,73.4972152709961
2013-04-11,89.45999908447266,87.83999633789062,87.95999908447266,88.52999877929688,5394200.0,74.09143829345703
2013-04-12,88.93000030517578,88.0,88.29000091552734,88.88999938964844,2588300.0,74.39271545410156
2013-04-15,88.7699966430664,86.7699966430664,88.44000244140625,86.7699966430664,4324000.0,72.61846923828125
2013-04-16,88.3499984741211,86.43000030517578,87.44999694824219,86.88999938964844,5233900.0,72.71890258789062
2013-04-17,87.0,85.77999877929688,86.47000122070312,86.69000244140625,3781100.0,72.55150604248047
2013-04-18,87.16000366210938,85.75,87.05999755859375,86.12000274658203,2792800.0,72.07447052001953
2013-04-19,88.08000183105469,86.56999969482422,87.56999969482422,87.95999908447266,6322200.0,73.6143798828125
2013-04-22,88.08000183105469,86.44000244140625,88.08000183105469,86.94000244140625,4248700.0,72.76072692871094
2013-04-23,88.51000213623047,87.19999694824219,87.3499984741211,88.18000030517578,3130700.0,73.79849243164062
2013-04-24,92.6500015258789,90.41999816894531,91.94999694824219,90.83000183105469,9231700.0,76.01632690429688
2013-04-25,92.62000274658203,90.06999969482422,91.3499984741211,91.66999816894531,5766100.0,76.71930694580078
2013-04-26,93.37999725341797,91.66999816894531,91.88999938964844,92.8499984741211,5910600.0,77.70687103271484
2013-04-29,92.41000366210938,91.19000244140625,91.4000015258789,91.9000015258789,6265900.0,76.91180419921875
2013-04-30,91.98999786376953,90.81999969482422,91.3499984741211,91.41000366210938,4714300.0,76.50172424316406
2013-05-01,91.75,90.72000122070312,91.08000183105469,91.18000030517578,4567300.0,76.30921173095703
2013-05-02,92.81999969482422,91.19999694824219,91.23999786376953,92.20999908447266,4514800.0,77.17124938964844
2013-05-03,93.94999694824219,92.66999816894531,92.8499984741211,93.73999786376953,4700100.0,78.45170593261719
2013-05-06,94.79000091552734,93.36000061035156,93.44000244140625,94.19000244140625,5504800.0,78.82833099365234
2013-05-07,95.04000091552734,94.05999755859375,94.30999755859375,94.79000091552734,3858400.0,79.33045959472656
2013-05-08,94.44000244140625,93.7699966430664,94.30999755859375,94.04000091552734,3204300.0,79.10755157470703
2013-05-09,95.1500015258789,94.04000091552734,94.06999969482422,94.61000061035156,3677500.0,79.58702850341797
2013-05-10,94.98999786376953,93.81999969482422,94.75,94.23999786376953,3918600.0,79.27579498291016
2013-05-13,95.16000366210938,94.0999984741211,94.12000274658203,94.76000213623047,3492000.0,79.71321868896484
2013-05-14,96.19000244140625,94.69999694824219,94.91999816894531,96.11000061035156,4646500.0,80.84883880615234
2013-05-15,97.47000122070312,95.5999984741211,95.69000244140625,97.0199966430664,4875100.0,81.61434936523438
2013-05-16,97.19999694824219,96.30000305175781,96.88999938964844,96.58000183105469,5036700.0,81.24420928955078
2013-05-17,99.04000091552734,97.0,97.0199966430664,98.91999816894531,7408900.0,83.21265411376953
2013-05-20,99.33000183105469,98.5199966430664,99.12000274658203,98.72000122070312,6535200.0,83.04442596435547
2013-05-21,99.05000305175781,97.9000015258789,98.58999633789062,98.75,4415400.0,83.06964111328125
2013-05-22,99.4800033569336,97.86000061035156,98.86000061035156,97.93000030517578,8399700.0,82.37986755371094
2013-05-23,99.98999786376953,97.05999755859375,97.18000030517578,99.75,6975700.0,83.9108657836914
2013-05-24,100.58000183105469,98.8499984741211,99.75,100.0,6746300.0,84.12115478515625
2013-05-28,101.47000122070312,100.11000061035156,100.8499984741211,100.11000061035156,5736000.0,84.21369171142578
2013-05-29,100.02999877929688,98.9000015258789,99.55999755859375,99.08999633789062,4405800.0,83.35563659667969
2013-05-30,100.98999786376953,99.05999755859375,99.29000091552734,100.54000091552734,4784400.0,84.5754165649414
2013-05-31,100.94999694824219,99.0199966430664,100.20999908447266,99.0199966430664,4218700.0,83.29676818847656
2013-06-03,100.9000015258789,99.30000305175781,99.36000061035156,100.73999786376953,6472900.0,84.74365997314453
2013-06-04,100.91999816894531,99.08000183105469,100.4800033569336,99.61000061035156,3769800.0,83.79310607910156
2013-06-05,99.70999908447266,98.05000305175781,99.33999633789062,98.48999786376953,5151000.0,82.8509292602539
2013-06-06,99.80999755859375,98.41999816894531,98.6500015258789,99.76000213623047,4131700.0,83.91927337646484
2013-06-07,102.58999633789062,100.05999755859375,100.25,102.48999786376953,5732900.0,86.21576690673828
2013-06-10,102.94999694824219,101.51000213623047,102.51000213623047,102.23999786376953,4047500.0,86.00548553466797
2013-06-11,102.77999877929688,100.9000015258789,101.61000061035156,101.75,3144100.0,85.59327697753906
2013-06-12,102.41999816894531,100.61000061035156,102.19000244140625,100.87999725341797,2936500.0,84.86143493652344
2013-06-13,102.33999633789062,100.8499984741211,100.95999908447266,102.16000366210938,4076500.0,85.93819427490234
2013-06-14,103.22000122070312,101.5,102.16000366210938,101.83000183105469,3944400.0,85.66059875488281
2013-06-17,103.5199966430664,102.5199966430664,102.69000244140625,103.02999877929688,4217400.0,86.67005157470703
2013-06-18,104.1500015258789,102.6500015258789,103.22000122070312,104.08000183105469,4035700.0,87.55331420898438
2013-06-19,104.1500015258789,102.23999786376953,103.83000183105469,102.25,4186900.0,86.013916015625
2013-06-20,101.86000061035156,99.37999725341797,101.45999908447266,99.63999938964844,7114800.0,83.81832122802734
2013-06-21,100.13999938964844,97.41999816894531,100.08000183105469,99.9800033569336,10328800.0,84.10433197021484
2013-06-24,99.45999908447266,96.30999755859375,99.05999755859375,97.8499984741211,5585200.0,82.31256866455078
2013-06-25,99.66000366210938,98.18000030517578,99.19999694824219,98.66999816894531,3557900.0,83.00235748291016
2013-06-26,101.38999938964844,99.56999969482422,99.6500015258789,100.75,5267300.0,84.75209045410156
2013-06-27,103.5199966430664,102.01000213623047,102.41000366210938,103.1500015258789,6577700.0,86.77098846435547
2013-06-28,103.48999786376953,102.31999969482422,102.86000061035156,102.44000244140625,5432500.0,86.1737289428711
2013-07-01,104.0199966430664,102.93000030517578,102.93000030517578,103.23999786376953,4091200.0,86.84669494628906
2013-07-02,103.25,100.81999969482422,103.22000122070312,101.47000122070312,4147000.0,85.35775756835938
2013-07-03,103.04000091552734,100.77999877929688,101.01000213623047,102.88999938964844,2891700.0,86.5522689819336
2013-07-05,104.19999694824219,102.75,103.69999694824219,104.19999694824219,3671700.0,87.65426635742188
2013-07-08,105.0999984741211,103.44000244140625,104.0,104.37000274658203,4222700.0,87.79725646972656
2013-07-09,105.75,104.45999908447266,105.2699966430664,104.68000030517578,3991800.0,88.05805206298828
2013-07-10,105.5999984741211,104.41000366210938,104.5,105.5,3872700.0,88.7478256225586
2013-07-11,107.45999908447266,106.29000091552734,106.43000030517578,106.87999725341797,4529800.0,89.90868377685547
2013-07-12,108.1500015258789,98.98999786376953,106.86000061035156,101.87000274658203,44391800.0,85.69422149658203
2013-07-15,105.87000274658203,103.0999984741211,103.83000183105469,105.66000366210938,13169900.0,88.88243865966797
2013-07-16,105.80000305175781,103.77999877929688,105.69000244140625,104.2300033569336,5839100.0,87.67948913574219
2013-07-17,105.43000030517578,104.41999816894531,104.44999694824219,104.79000091552734,3931800.0,88.15057373046875
2013-07-18,107.9800033569336,104.80000305175781,104.95999908447266,107.62999725341797,8046400.0,90.53961181640625
2013-07-19,107.12999725341797,105.61000061035156,107.12999725341797,106.95999908447266,5992000.0,89.97599792480469
2013-07-22,107.31999969482422,106.44999694824219,107.2699966430664,106.86000061035156,4168800.0,89.8918685913086
2013-07-23,107.9800033569336,106.33999633789062,107.18000030517578,107.79000091552734,5081600.0,90.67423248291016
2013-07-24,109.48999786376953,106.26000213623047,109.23999786376953,106.94999694824219,7723500.0,89.96758270263672
2013-07-25,107.12000274658203,105.8499984741211,106.36000061035156,106.69999694824219,5267100.0,89.75727844238281
2013-07-26,106.22000122070312,105.30999755859375,106.22000122070312,105.5999984741211,4216100.0,88.83195495605469
2013-07-29,105.12000274658203,103.5,103.5199966430664,104.80999755859375,4041800.0,88.16740417480469
2013-07-30,106.01000213623047,104.80000305175781,104.94000244140625,105.7300033569336,5022700.0,88.94132232666016
2013-07-31,106.27999877929688,104.98999786376953,105.91999816894531,105.0999984741211,4487800.0,88.41134643554688
2013-08-01,107.0,105.77999877929688,105.98999786376953,106.69999694824219,4910800.0,89.75727844238281
2013-08-02,107.94999694824219,106.0,106.0,107.9000015258789,4226200.0,90.76673126220703
2013-08-05,107.80000305175781,107.13999938964844,107.13999938964844,107.5,3559200.0,90.43026733398438
2013-08-06,107.70999908447266,106.62000274658203,107.3499984741211,107.04000091552734,5199900.0,90.04329681396484
2013-08-07,106.68000030517578,105.52999877929688,106.20999908447266,106.41999816894531,3158600.0,89.9292221069336
2013-08-08,107.23999786376953,105.83000183105469,106.68000030517578,105.83999633789062,3741400.0,89.43907928466797
2013-08-09,106.1500015258789,104.87999725341797,105.37000274658203,105.33000183105469,3326500.0,89.00811004638672
2013-08-12,105.06999969482422,104.05000305175781,104.86000061035156,104.23999786376953,3830800.0,88.08702087402344
2013-08-13,106.55000305175781,104.2699966430664,104.30999755859375,106.2300033569336,3578300.0,89.76864624023438
2013-08-14,106.16000366210938,104.06999969482422,106.16000366210938,104.16000366210938,4481100.0,88.0194320678711
2013-08-15,103.29000091552734,101.7699966430664,103.19000244140625,102.7300033569336,4359400.0,86.81100463867188
2013-08-16,103.94000244140625,102.69999694824219,102.81999969482422,103.47000122070312,3469100.0,87.43634796142578
2013-08-19,105.19999694824219,102.87999725341797,103.0,104.72000122070312,3512200.0,88.49266052246094
2013-08-20,105.08000183105469,104.55000305175781,104.69000244140625,104.62999725341797,3448900.0,88.41658782958984
2013-08-21,104.76000213623047,103.5999984741211,104.47000122070312,103.91000366210938,3645600.0,87.80817413330078
2013-08-22,105.5,103.87999725341797,103.87999725341797,105.13999938964844,2857800.0,88.84756469726562
2013-08-23,105.5,104.80000305175781,105.5,105.4800033569336,3016100.0,89.13489532470703
2013-08-26,106.5199966430664,105.20999908447266,105.75,105.52999877929688,2480400.0,89.17713928222656
2013-08-27,105.13999938964844,103.05999755859375,104.4000015258789,103.20999908447266,4376900.0,87.21663665771484
2013-08-28,103.81999969482422,102.56999969482422,103.0999984741211,103.2699966430664,2816300.0,87.26734161376953
2013-08-29,105.44000244140625,103.0,103.27999877929688,104.93000030517578,3095400.0,88.67011260986328
2013-08-30,104.95999908447266,103.5999984741211,104.91999816894531,103.91999816894531,2723800.0,87.81661987304688
2013-09-03,105.83000183105469,104.66000366210938,105.12999725341797,105.01000213623047,3659800.0,88.73770904541016
2013-09-04,107.12000274658203,104.62000274658203,105.05000305175781,106.37000274658203,3837500.0,89.88697052001953
2013-09-05,106.9800033569336,105.66999816894531,106.16000366210938,106.6500015258789,2590500.0,90.12357330322266
2013-09-06,107.37999725341797,105.11000061035156,107.0,106.06999969482422,3265200.0,89.63346099853516
2013-09-09,107.37999725341797,106.55999755859375,106.58000183105469,107.19000244140625,2907600.0,90.57990264892578
2013-09-10,108.44999694824219,107.4000015258789,107.63999938964844,108.16999816894531,3848000.0,91.40803527832031
2013-09-11,109.2300033569336,107.80000305175781,108.25,109.2300033569336,3313700.0,92.30377197265625
2013-09-12,110.22000122070312,109.13999938964844,109.19000244140625,109.80000305175781,4766800.0,92.78544616699219
2013-09-13,111.33000183105469,109.55999755859375,109.93000030517578,111.33000183105469,3503400.0,94.07837677001953
2013-09-16,115.88999938964844,113.26000213623047,113.7300033569336,115.66999816894531,7711200.0,97.745849609375
2013-09-17,117.4800033569336,115.58999633789062,115.77999877929688,117.11000061035156,5308300.0,98.96270751953125
2013-09-18,119.5199966430664,116.55000305175781,117.27999877929688,118.4000015258789,6330600.0,100.05281066894531
2013-09-19,120.37999725341797,118.80999755859375,119.22000122070312,119.04000091552734,5766700.0,100.59363555908203
2013-09-20,119.22000122070312,116.62999725341797,119.1500015258789,116.62999725341797,8745400.0,98.55709075927734
2013-09-23,118.37000274658203,115.80000305175781,117.1500015258789,117.51000213623047,5450200.0,99.30072784423828
2013-09-24,119.88999938964844,116.80000305175781,117.19000244140625,119.0,5020000.0,100.55982971191406
2013-09-25,119.61000061035156,118.16000366210938,119.31999969482422,118.51000213623047,3566600.0,100.145751953125
2013-09-26,119.5,118.51000213623047,118.70999908447266,119.37999725341797,2820400.0,100.88094329833984
2013-09-27,119.16999816894531,117.79000091552734,118.51000213623047,118.73999786376953,2848900.0,100.34011840820312
2013-09-30,117.88999938964844,116.37000274658203,117.3499984741211,117.5,4032900.0,99.29224395751953
2013-10-01,118.30000305175781,117.08000183105469,117.97000122070312,117.75,2880700.0,99.50350952148438
2013-10-02,117.83999633789062,116.27999877929688,117.37999725341797,117.83999633789062,2871900.0,99.57958221435547
2013-10-03,117.48999786376953,114.7300033569336,117.3499984741211,115.23999786376953,4455100.0,97.38248443603516
2013-10-04,117.26000213623047,115.25,115.2699966430664,117.19999694824219,3998000.0,99.03874206542969
2013-10-07,117.16999816894531,115.4000015258789,115.51000213623047,116.69000244140625,3822000.0,98.6077880859375
2013-10-08,117.31999969482422,115.41999816894531,116.66999816894531,115.44000244140625,4574000.0,97.55148315429688
2013-10-09,115.4000015258789,113.33999633789062,115.4000015258789,114.47000122070312,4722200.0,96.73180389404297
2013-10-10,119.0,115.91000366210938,116.0999984741211,118.9000015258789,5635400.0,100.47532653808594
2013-10-11,119.4000015258789,117.83000183105469,118.5999984741211,117.9800033569336,4505500.0,99.69790649414062
2013-10-14,119.55000305175781,116.69000244140625,117.41999816894531,119.45999908447266,3617800.0,100.94852447509766
2013-10-15,119.58999633789062,118.13999938964844,119.41999816894531,118.18000030517578,2749700.0,99.86690521240234
2013-10-16,120.66000366210938,118.75,118.77999877929688,120.33999633789062,4036900.0,101.69217681884766
2013-10-17,122.38999938964844,119.80999755859375,119.80999755859375,122.29000091552734,4114200.0,103.34001159667969
2013-10-18,122.86000061035156,121.25,122.5,122.5199966430664,3924200.0,103.53436279296875
2013-10-21,122.73999786376953,121.05999755859375,122.69000244140625,121.47000122070312,3207900.0,102.64708709716797
2013-10-22,123.80000305175781,121.87999725341797,122.0,122.4800033569336,4431200.0,103.50055694580078
2013-10-23,129.99000549316406,125.9000015258789,126.0,129.02000427246094,10766300.0,109.02714538574219
2013-10-24,129.57000732421875,127.94000244140625,129.00999450683594,128.97999572753906,4976200.0,108.99332427978516
2013-10-25,131.42999267578125,128.22000122070312,129.25,131.19000244140625,5467600.0,110.86084747314453
2013-10-28,130.47000122070312,128.63999938964844,128.75,129.8800048828125,4655800.0,109.75386810302734
2013-10-29,129.8800048828125,128.75999450683594,129.35000610351562,129.66000366210938,3608700.0,109.56796264648438
2013-10-30,131.42999267578125,129.02000427246094,129.55999755859375,129.67999267578125,4122100.0,109.58484649658203
2013-10-31,131.8800048828125,129.5500030517578,129.83999633789062,130.5,4931800.0,110.27778625488281
2013-11-01,133.5,130.89999389648438,130.89999389648438,133.02999877929688,4582400.0,112.4157485961914
2013-11-04,133.99000549316406,132.4600067138672,133.75,132.7899932861328,3915800.0,112.2129135131836
2013-11-05,133.74000549316406,130.58999633789062,132.02999877929688,133.57000732421875,4069200.0,112.8720703125
2013-11-06,134.5800018310547,132.67999267578125,134.02000427246094,133.08999633789062,3747700.0,112.87630462646484
2013-11-07,133.92999267578125,131.35000610351562,133.44000244140625,131.50999450683594,3826800.0,111.5362777709961
2013-11-08,133.89999389648438,130.9499969482422,131.27999877929688,133.49000549316406,4790900.0,113.215576171875
2013-11-11,133.3300018310547,132.1199951171875,133.13999938964844,132.52999877929688,2962200.0,112.4013671875
2013-11-12,133.0800018310547,131.97000122070312,132.39999389648438,132.3300018310547,2851000.0,112.23175048828125
2013-11-13,133.49000549316406,131.10000610351562,131.9199981689453,133.1699981689453,3577100.0,112.94415283203125
2013-11-14,135.3800048828125,133.1699981689453,133.6999969482422,135.08999633789062,3279600.0,114.5725326538086
2013-11-15,136.57000732421875,134.5399932861328,135.36000061035156,136.0800018310547,4495100.0,115.4122085571289
2013-11-18,142.0,137.77000427246094,140.25,138.36000061035156,8158800.0,117.34591674804688
2013-11-19,138.7899932861328,136.6999969482422,138.5,136.97999572753906,3954000.0,116.17550659179688
2013-11-20,135.88999938964844,132.2899932861328,135.8000030517578,132.4499969482422,8634900.0,112.3335189819336
2013-11-21,133.2899932861328,131.1999969482422,132.4499969482422,132.92999267578125,4700600.0,112.74061584472656
2013-11-22,136.1199951171875,133.42999267578125,133.49000549316406,135.97000122070312,4290200.0,115.31887817382812
2013-11-25,134.86000061035156,130.5800018310547,134.00999450683594,133.0,7181700.0,112.79997253417969
2013-11-26,135.44000244140625,132.55999755859375,133.0,134.77999877929688,4200800.0,114.30962371826172
2013-11-27,136.3000030517578,134.1699981689453,135.0500030517578,134.72000122070312,3350900.0,114.25874328613281
2013-11-29,135.22999572753906,134.17999267578125,134.82000732421875,134.25,1680900.0,113.860107421875
2013-12-02,135.4600067138672,133.6199951171875,134.99000549316406,134.16000366210938,3378100.0,113.78379821777344
2013-12-03,133.92999267578125,131.9199981689453,133.92999267578125,132.0,5171900.0,111.95187377929688
2013-12-04,132.14999389648438,130.5500030517578,131.72999572753906,131.5,5137100.0,111.52777099609375
2013-12-05,133.10000610351562,131.25,131.25999450683594,132.72999572753906,3665100.0,112.57100677490234
2013-12-06,135.75,134.0,134.5800018310547,135.17999267578125,5341800.0,114.64888000488281
2013-12-09,135.9499969482422,134.57000732421875,135.49000549316406,134.67999267578125,3799000.0,114.22482299804688
2013-12-10,135.0399932861328,132.17999267578125,133.64999389648438,133.6999969482422,4061300.0,113.39369201660156
2013-12-11,133.80999755859375,132.44000244140625,133.6999969482422,132.55999755859375,3358300.0,112.42681121826172
2013-12-12,133.64999389648438,131.89999389648438,132.11000061035156,132.9600067138672,3617700.0,112.76604461669922
2013-12-13,134.25,133.13999938964844,133.4499969482422,133.8300018310547,3139400.0,113.50391387939453
2013-12-16,135.1999969482422,133.94000244140625,134.27000427246094,134.72000122070312,3979500.0,114.25874328613281
2013-12-17,138.10000610351562,135.36000061035156,137.9199981689453,135.8800048828125,6753000.0,115.2425765991211
2013-12-18,136.44000244140625,132.83999633789062,135.86000061035156,135.49000549316406,5632400.0,114.91180419921875
2013-12-19,136.22999572753906,133.94000244140625,135.0,135.1699981689453,3177100.0,114.64041900634766
2013-12-20,137.85000610351562,135.49000549316406,135.49000549316406,136.6699981689453,5454600.0,115.91259002685547
2013-12-23,138.08999633789062,136.32000732421875,137.69000244140625,136.39999389648438,2945100.0,115.68358612060547
2013-12-24,136.97999572753906,136.13999938964844,136.39999389648438,136.8300018310547,1203200.0,116.04828643798828
2013-12-26,138.58999633789062,137.1699981689453,137.17999267578125,138.27000427246094,2161300.0,117.26959228515625
2013-12-27,138.8800048828125,136.7899932861328,138.69000244140625,136.89999389648438,2204600.0,116.10765075683594
2013-12-30,137.3699951171875,135.5399932861328,137.16000366210938,135.9199981689453,2403500.0,115.27649688720703
2013-12-31,137.0500030517578,135.74000549316406,136.16000366210938,136.49000549316406,2096000.0,115.7599105834961
2014-01-02,137.25,135.50999450683594,136.00999450683594,136.6699981689453,3366700.0,115.91259002685547
2014-01-03,138.5,137.0500030517578,137.05999755859375,137.6199951171875,3177400.0,116.7182846069336
2014-01-06,139.75999450683594,137.8000030517578,139.39999389648438,138.41000366210938,4196500.0,117.38831329345703
2014-01-07,141.10000610351562,138.5,138.5800018310547,140.50999450683594,4238500.0,119.16934967041016
2014-01-08,141.39999389648438,139.36000061035156,140.69000244140625,140.82000732421875,4236100.0,119.43228149414062
2014-01-09,142.52000427246094,140.5399932861328,141.50999450683594,142.1300048828125,4052500.0,120.5433120727539
2014-01-10,142.8000030517578,140.89999389648438,142.7899932861328,141.89999389648438,4549500.0,120.34823608398438
2014-01-13,142.13999938964844,140.3800048828125,141.5500030517578,140.6999969482422,4462400.0,119.33051300048828
2014-01-14,141.6999969482422,137.8000030517578,140.85000610351562,140.00999450683594,8441600.0,118.74529266357422
2014-01-15,141.0800018310547,140.13999938964844,140.3000030517578,140.6199951171875,3030800.0,119.26268005371094
2014-01-16,141.4499969482422,140.07000732421875,140.3300018310547,140.2100067138672,3062900.0,118.9148941040039
2014-01-17,141.0,139.75,140.0800018310547,140.4600067138672,3382700.0,119.12694549560547
2014-01-21,142.4600067138672,140.80999755859375,141.4600067138672,141.6699981689453,3240600.0,120.15316772460938
2014-01-22,144.57000732421875,141.8699951171875,142.30999755859375,144.3699951171875,4388700.0,122.443115234375
2014-01-23,143.88999938964844,141.10000610351562,143.10000610351562,141.30999755859375,4491400.0,119.84783935546875
2014-01-24,140.47000122070312,136.32000732421875,140.39999389648438,136.64999389648438,5856800.0,115.89559936523438
2014-01-27,138.4600067138672,135.64999389648438,136.6999969482422,137.36000061035156,5057800.0,116.49778747558594
2014-01-28,138.08999633789062,136.44000244140625,137.61000061035156,137.08999633789062,4606200.0,116.2687759399414
2014-01-29,131.75999450683594,128.07000732421875,131.6999969482422,129.77999877929688,15993400.0,110.06904602050781
2014-01-30,131.6999969482422,125.19999694824219,131.6999969482422,126.52999877929688,10406200.0,107.31262969970703
2014-01-31,126.87000274658203,123.08000183105469,124.45999908447266,125.26000213623047,9732700.0,106.23551940917969
2014-02-03,126.5199966430664,122.75,124.23999786376953,123.08000183105469,9309600.0,104.3866195678711
2014-02-04,123.80000305175781,120.52999877929688,123.06999969482422,122.04000091552734,9304100.0,103.50458526611328
2014-02-05,121.94000244140625,118.7699966430664,121.0,121.4000015258789,9689100.0,102.96179962158203
2014-02-06,122.72000122070312,121.51000213623047,121.79000091552734,122.66999816894531,6738800.0,104.03889465332031
2014-02-07,127.20999908447266,123.6500015258789,123.75,127.0199966430664,8906300.0,107.72821044921875
2014-02-10,128.97000122070312,126.3499984741211,128.9600067138672,127.16000366210938,8173500.0,107.84695434570312
2014-02-11,130.69000244140625,127.45999908447266,127.6500015258789,130.16000366210938,7874000.0,110.39132690429688
2014-02-12,130.5500030517578,128.0,130.2899932861328,128.1300048828125,5798800.0,109.28255462646484
2014-02-13,129.94000244140625,127.05999755859375,127.05999755859375,129.5,4203400.0,110.45100402832031
2014-02-14,130.41000366210938,128.02000427246094,129.08999633789062,130.16000366210938,4807700.0,111.01394653320312
2014-02-18,130.94000244140625,129.60000610351562,130.1300048828125,130.6300048828125,4645300.0,111.41480255126953
2014-02-19,130.5,128.3699951171875,130.11000061035156,128.38999938964844,5146600.0,109.5042953491211
2014-02-20,129.99000549316406,127.51000213623047,128.47999572753906,129.55999755859375,4466400.0,110.502197265625
2014-02-21,129.8000030517578,128.11000061035156,129.8000030517578,128.27999877929688,5164000.0,109.41048431396484
2014-02-24,130.8000030517578,128.36000061035156,128.3800048828125,129.58999633789062,4635700.0,110.52779388427734
2014-02-25,129.75,126.20999908447266,129.3000030517578,126.77999877929688,7308800.0,108.13111877441406
2014-02-26,127.94000244140625,126.36000061035156,127.23999786376953,126.61000061035156,4803600.0,107.98614501953125
2014-02-27,128.55999755859375,126.26000213623047,126.47000122070312,128.55999755859375,4649700.0,109.64929962158203
2014-02-28,129.9499969482422,128.05999755859375,128.75,128.9199981689453,4361400.0,109.95633697509766
2014-03-03,128.44000244140625,126.5199966430664,127.18000030517578,128.22000122070312,4847100.0,109.35932159423828
2014-03-04,131.0,129.3300018310547,129.3800048828125,130.22999572753906,5422800.0,111.07364654541016
2014-03-05,130.8000030517578,128.69000244140625,130.39999389648438,128.7899932861328,4095200.0,109.8454360961914
2014-03-06,129.3699951171875,128.02999877929688,129.00999450683594,128.86000061035156,3595900.0,109.90516662597656
2014-03-07,130.16000366210938,128.07000732421875,129.75,128.5399932861328,4297800.0,109.6322250366211
2014-03-10,127.27999877929688,124.76000213623047,126.51000213623047,126.88999938964844,7039200.0,108.22493743896484
2014-03-11,127.2699966430664,125.62000274658203,127.02999877929688,125.66999816894531,4190000.0,107.18440246582031
2014-03-12,125.19999694824219,123.80999755859375,125.0,124.43000030517578,5040100.0,106.12679290771484
2014-03-13,125.61000061035156,121.62999725341797,124.6500015258789,121.88999938964844,6071200.0,103.9604263305664
2014-03-14,124.27999877929688,121.94999694824219,122.12000274658203,123.11000061035156,5698400.0,105.0009765625
2014-03-17,125.81999969482422,123.91999816894531,123.97000122070312,125.41999816894531,4380500.0,106.97118377685547
2014-03-18,125.81999969482422,123.66000366210938,125.58999633789062,124.04000091552734,4151600.0,105.79418182373047
2014-03-19,125.19999694824219,121.37000274658203,124.31999969482422,122.23999786376953,6673000.0,104.25894165039062
2014-03-20,123.9000015258789,121.37999725341797,122.58999633789062,123.7300033569336,4601700.0,105.5297622680664
2014-03-21,124.44999694824219,122.5,124.05999755859375,122.58000183105469,7973600.0,104.5489273071289
2014-03-24,123.94999694824219,122.08000183105469,123.52999877929688,123.41999816894531,4472500.0,105.26537322998047
2014-03-25,125.0,123.55999755859375,124.45999908447266,124.0199966430664,3225100.0,105.77708435058594
2014-03-26,125.31999969482422,123.31999969482422,124.61000061035156,123.52999877929688,3091200.0,105.35918426513672
2014-03-27,124.30000305175781,121.80000305175781,123.01000213623047,123.20999908447266,3106000.0,105.08625030517578
2014-03-28,125.19000244140625,123.5199966430664,123.77999877929688,124.45999908447266,2863500.0,106.15238952636719
2014-03-31,126.04000091552734,124.80000305175781,125.36000061035156,125.48999786376953,2962000.0,107.03087615966797
2014-04-01,128.39999389648438,126.16999816894531,126.23999786376953,128.2100067138672,3952800.0,109.35078430175781
2014-04-02,128.77000427246094,127.4000015258789,128.6300048828125,128.30999755859375,2935200.0,109.43607330322266
2014-04-03,129.1699981689453,128.27999877929688,129.1699981689453,128.77999877929688,3303500.0,109.83694458007812
2014-04-04,129.9199981689453,127.2300033569336,129.3300018310547,127.37999725341797,4156600.0,108.64286041259766
2014-04-07,128.17999267578125,124.94999694824219,127.19000244140625,125.58999633789062,3753600.0,107.11615753173828
2014-04-08,125.7300033569336,124.05999755859375,125.27999877929688,124.1500015258789,4122200.0,105.88800811767578
2014-04-09,127.0199966430664,124.05000305175781,124.98999786376953,126.87999725341797,3689900.0,108.21641540527344
2014-04-10,126.86000061035156,123.63999938964844,126.81999969482422,123.63999938964844,3956900.0,105.4530258178711
2014-04-11,123.44999694824219,121.91999816894531,123.05000305175781,122.06999969482422,3854600.0,104.11392974853516
2014-04-14,123.7699966430664,122.18000030517578,123.08000183105469,123.25,3086300.0,105.1203842163086
2014-04-15,124.55000305175781,122.12999725341797,123.3499984741211,124.2699966430664,2746900.0,105.99034881591797
2014-04-16,126.04000091552734,124.7300033569336,125.0,126.04000091552734,2826100.0,107.49998474121094
2014-04-17,128.3699951171875,125.83000183105469,126.44000244140625,127.91999816894531,3449400.0,109.10343933105469
2014-04-21,128.44000244140625,127.37000274658203,128.0500030517578,127.81999969482422,2368500.0,109.01815795898438
2014-04-22,129.1300048828125,127.4800033569336,128.25,127.55000305175781,5015600.0,108.78787231445312
2014-04-23,131.5,129.3300018310547,130.6699981689453,130.6300048828125,7121600.0,111.41480255126953
2014-04-24,130.6199951171875,128.42999267578125,130.41000366210938,129.86000061035156,4177000.0,110.7580795288086
2014-04-25,130.0,128.3699951171875,129.83999633789062,128.66000366210938,2978500.0,109.73460388183594
2014-04-28,128.8699951171875,125.80000305175781,128.1999969482422,127.04000091552734,4354600.0,108.35287475585938
2014-04-29,128.57000732421875,126.52999877929688,127.19999694824219,128.3699951171875,3344100.0,109.48722076416016
2014-04-30,129.5,127.80000305175781,128.0500030517578,129.02000427246094,2773000.0,110.0416259765625
2014-05-01,129.60000610351562,128.27000427246094,128.74000549316406,128.4600067138672,2804100.0,109.56401824951172
2014-05-02,130.39999389648438,128.61000061035156,128.6999969482422,129.94000244140625,3762900.0,110.8262939453125
2014-05-05,132.3800048828125,128.9499969482422,129.0,131.9600067138672,4026500.0,112.54918670654297
2014-05-06,131.9199981689453,130.6999969482422,131.75,130.8300018310547,4032000.0,111.58539581298828
2014-05-07,131.10000610351562,129.1999969482422,130.77000427246094,130.35000610351562,2900600.0,111.79981231689453
2014-05-08,131.27000427246094,130.1699981689453,130.1699981689453,130.57000732421875,2988700.0,111.98854064941406
2014-05-09,131.3300018310547,129.8800048828125,130.25999450683594,131.10000610351562,2543800.0,112.4430923461914
2014-05-12,132.99000549316406,131.63999938964844,131.82000732421875,132.60000610351562,3288500.0,113.72960662841797
2014-05-13,133.8300018310547,132.86000061035156,133.00999450683594,133.4499969482422,3132200.0,114.45864868164062
2014-05-14,133.97000122070312,132.69000244140625,133.8000030517578,132.99000549316406,2883900.0,114.06411743164062
2014-05-15,132.86000061035156,130.55999755859375,132.6999969482422,131.2100067138672,3596800.0,112.53741455078125
2014-05-16,131.7100067138672,130.02999877929688,131.30999755859375,130.80999755859375,2963300.0,112.19434356689453
2014-05-19,132.07000732421875,130.35000610351562,130.4199981689453,131.35000610351562,2103100.0,112.65748596191406
2014-05-20,131.60000610351562,129.07000732421875,130.94000244140625,129.5800018310547,2995800.0,111.1393814086914
2014-05-21,131.42999267578125,130.0399932861328,130.42999267578125,130.9600067138672,2476100.0,112.3230209350586
2014-05-22,132.47999572753906,131.27000427246094,131.66000366210938,131.83999633789062,2370700.0,113.07778930664062
2014-05-23,132.5800018310547,131.92999267578125,132.0,132.41000366210938,1956200.0,113.56663513183594
2014-05-27,134.2100067138672,132.8699951171875,133.08999633789062,134.1699981689453,3085500.0,115.0761947631836
2014-05-28,135.14999389648438,134.1699981689453,134.1699981689453,134.3300018310547,2609400.0,115.21341705322266
2014-05-29,135.1999969482422,134.42999267578125,134.7100067138672,135.13999938964844,2234100.0,115.90813446044922
2014-05-30,135.44000244140625,134.0399932861328,134.6699981689453,135.25,2760300.0,116.00250244140625
2014-06-02,136.02999877929688,134.77000427246094,135.5,135.89999389648438,2629900.0,116.56000518798828
2014-06-03,136.52999877929688,135.6199951171875,135.8000030517578,135.8800048828125,2468800.0,116.5428237915039
2014-06-04,135.5500030517578,134.58999633789062,135.5399932861328,135.3300018310547,2601900.0,116.07111358642578
2014-06-05,137.3800048828125,135.64999389648438,135.64999389648438,136.82000732421875,3489900.0,117.34905242919922
2014-06-06,138.25,137.1199951171875,137.38999938964844,138.25,2710900.0,118.57556915283203
2014-06-09,138.38999938964844,137.5,138.25,137.9600067138672,2585000.0,118.32682037353516
2014-06-10,137.75,136.2899932861328,137.58999633789062,137.25,2370200.0,117.71788024902344
2014-06-11,135.52999877929688,133.82000732421875,135.25,134.10000610351562,5558000.0,115.01614379882812
2014-06-12,134.1699981689453,131.63999938964844,133.86000061035156,132.19000244140625,3826100.0,113.37796783447266
2014-06-13,132.9499969482422,131.5500030517578,132.52999877929688,132.2899932861328,2376600.0,113.46372985839844
2014-06-16,133.1300048828125,131.64999389648438,132.1999969482422,132.5399932861328,2163800.0,113.67815399169922
2014-06-17,133.0500030517578,131.72000122070312,132.10000610351562,132.4499969482422,2223200.0,113.60094451904297
2014-06-18,132.6699981689453,131.02999877929688,132.61000061035156,132.47999572753906,2859000.0,113.6266860961914
2014-06-19,132.92999267578125,131.8000030517578,132.47999572753906,132.82000732421875,2794900.0,113.9183120727539
2014-06-20,134.0800018310547,132.08999633789062,133.47999572753906,132.10000610351562,8083500.0,113.30078125
2014-06-23,132.52999877929688,130.64999389648438,132.32000732421875,130.85000610351562,4433000.0,112.22867584228516
2014-06-24,131.24000549316406,129.0,130.5,129.14999389648438,4319800.0,110.77058410644531
2014-06-25,129.13999938964844,126.27999877929688,129.0399932861328,127.05999755859375,7929700.0,108.97801208496094
2014-06-26,128.44000244140625,126.36000061035156,127.41000366210938,128.02000427246094,3929100.0,109.80140686035156
2014-06-27,128.77999877929688,127.55999755859375,128.07000732421875,128.5399932861328,3687900.0,110.24738311767578
2014-06-30,127.91000366210938,126.19999694824219,127.91000366210938,127.2300033569336,5712900.0,109.12383270263672
2014-07-01,128.3300018310547,127.36000061035156,127.66000366210938,128.14999389648438,3772500.0,109.91289520263672
2014-07-02,128.5,127.33999633789062,128.14999389648438,127.62000274658203,2859000.0,109.45829772949219
2014-07-03,128.6199951171875,127.69999694824219,127.98999786376953,128.50999450683594,1997500.0,110.22166442871094
2014-07-07,129.5,127.7699966430664,128.10000610351562,129.08999633789062,3157000.0,110.71913146972656
2014-07-08,128.97000122070312,125.91999816894531,128.88999938964844,126.79000091552734,5724300.0,108.74645233154297
2014-07-09,128.32000732421875,125.91000366210938,128.30999755859375,126.79000091552734,8023900.0,108.74645233154297
2014-07-10,127.62999725341797,125.12000274658203,125.54000091552734,126.79000091552734,3936900.0,108.74645233154297
2014-07-11,128.24000549316406,126.36000061035156,127.18000030517578,128.08999633789062,3193100.0,109.86143493652344
2014-07-14,130.5800018310547,128.75999450683594,128.91000366210938,129.52000427246094,5267500.0,111.08792877197266
2014-07-15,130.30999755859375,128.33999633789062,130.30999755859375,129.10000610351562,4916100.0,110.72771453857422
2014-07-16,129.55999755859375,127.13999938964844,129.55999755859375,127.41999816894531,5260800.0,109.28678131103516
2014-07-17,128.17999267578125,125.79000091552734,127.20999908447266,125.87999725341797,5292900.0,107.96592712402344
2014-07-18,127.81999969482422,126.25,126.37999725341797,127.63999938964844,3103300.0,109.47547912597656
2014-07-21,128.4199981689453,126.7699966430664,127.30000305175781,128.3000030517578,2738700.0,110.04155731201172
2014-07-22,130.00999450683594,128.5800018310547,128.99000549316406,129.74000549316406,5102200.0,111.2766342163086
2014-07-23,128.39999389648438,126.0199966430664,127.79000091552734,126.70999908447266,12326300.0,108.67781829833984
2014-07-24,126.05000305175781,124.0,125.91999816894531,124.4000015258789,10307200.0,106.6965560913086
2014-07-25,124.52999877929688,122.41000366210938,124.4800033569336,123.19999694824219,6121400.0,105.6673355102539
2014-07-28,124.55999755859375,122.16000366210938,123.44000244140625,123.05999755859375,4982400.0,105.54723358154297
2014-07-29,123.62999725341797,122.19999694824219,123.30999755859375,122.31999969482422,4101900.0,104.9125747680664
2014-07-30,123.80000305175781,121.76000213623047,123.19999694824219,122.29000091552734,4042900.0,104.88682556152344
2014-07-31,122.05000305175781,120.41000366210938,121.47000122070312,120.4800033569336,5588800.0,103.33441162109375
2014-08-01,121.70999908447266,119.63999938964844,120.44999694824219,120.37999725341797,5852700.0,103.2486343383789
2014-08-04,121.19000244140625,119.7699966430664,120.80000305175781,119.93000030517578,4671100.0,102.8626937866211
2014-08-05,121.9800033569336,119.66000366210938,119.66999816894531,121.2699966430664,6097900.0,104.01200103759766
2014-08-06,119.36000061035156,117.87000274658203,119.31999969482422,118.33999633789062,6239700.0,102.11363983154297
2014-08-07,120.22000122070312,118.87000274658203,119.0,119.83999633789062,4641800.0,103.40796661376953
2014-08-08,120.6500015258789,119.27999877929688,119.80000305175781,120.62999725341797,4348900.0,104.08965301513672
2014-08-11,121.76000213623047,120.75,121.1500015258789,120.80000305175781,2807900.0,104.23633575439453
2014-08-12,120.94000244140625,120.01000213623047,120.51000213623047,120.47000122070312,2303500.0,103.95159149169922
2014-08-13,122.2300033569336,120.62999725341797,120.66999816894531,121.9800033569336,2641100.0,105.25456237792969
2014-08-14,124.69000244140625,122.16000366210938,122.19999694824219,124.11000061035156,4825100.0,107.09249114990234
2014-08-15,124.5,122.1500015258789,124.5,123.16000366210938,4570000.0,106.27274322509766
2014-08-18,125.23999786376953,123.56999969482422,123.58000183105469,124.9800033569336,4196900.0,107.84319305419922
2014-08-19,125.79000091552734,125.11000061035156,125.22000122070312,125.58000183105469,2988300.0,108.36092376708984
2014-08-20,127.70999908447266,125.58000183105469,125.88999938964844,127.3499984741211,4331300.0,109.88824462890625
2014-08-21,127.77999877929688,126.73999786376953,127.54000091552734,127.5,2522300.0,110.01766967773438
2014-08-22,127.80000305175781,126.95999908447266,127.33000183105469,127.45999908447266,2394700.0,109.98313903808594
2014-08-25,128.49000549316406,127.77999877929688,128.0800018310547,128.3300018310547,2307100.0,110.73384857177734
2014-08-26,129.1300048828125,128.30999755859375,128.69000244140625,128.60000610351562,2329000.0,110.96683502197266
2014-08-27,128.99000549316406,127.94999694824219,128.77000427246094,128.1999969482422,3075200.0,110.62168884277344
2014-08-28,127.75,126.72000122070312,127.33999633789062,127.11000061035156,3070300.0,109.6811294555664
2014-08-29,127.3499984741211,126.05000305175781,127.3499984741211,126.80000305175781,3032700.0,109.41364288330078
2014-09-02,126.26000213623047,124.56999969482422,125.62000274658203,125.4800033569336,4576000.0,108.27464294433594
2014-09-03,126.23999786376953,125.19999694824219,125.45999908447266,125.94000244140625,3966500.0,108.67154693603516
2014-09-04,126.75,125.26000213623047,126.37999725341797,125.45999908447266,2975300.0,108.25737762451172
2014-09-05,125.55000305175781,124.0999984741211,125.43000030517578,124.69000244140625,4913800.0,107.59296417236328
2014-09-08,128.25,125.9000015258789,125.9000015258789,127.9800033569336,6103500.0,110.4318618774414
2014-09-09,128.67999267578125,127.62000274658203,127.80999755859375,128.2100067138672,4866400.0,110.63031768798828
2014-09-10,128.47000122070312,127.4800033569336,128.47000122070312,128.22000122070312,3068200.0,110.63892364501953
2014-09-11,127.98999786376953,127.19999694824219,127.81999969482422,127.63999938964844,1988200.0,110.13847351074219
2014-09-12,127.55999755859375,126.61000061035156,127.48999786376953,126.94999694824219,3107300.0,109.54306030273438
2014-09-15,126.94999694824219,125.69000244140625,126.91999816894531,126.30999755859375,3261700.0,108.99083709716797
2014-09-16,127.69999694824219,125.72000122070312,126.19999694824219,127.31999969482422,3377500.0,109.86233520507812
2014-09-17,128.3800048828125,127.19999694824219,128.25,127.76000213623047,3135300.0,110.24201965332031
2014-09-18,128.89999389648438,128.0,128.0,128.5800018310547,2721800.0,110.94956970214844
2014-09-19,129.6999969482422,128.9199981689453,129.27000427246094,129.35000610351562,5635700.0,111.6139907836914
2014-09-22,129.8699951171875,128.4600067138672,129.3699951171875,128.61000061035156,2890300.0,110.97547149658203
2014-09-23,128.5399932861328,127.02999877929688,128.27999877929688,127.37999725341797,2963100.0,109.91410827636719
2014-09-24,128.8000030517578,127.2300033569336,127.45999908447266,128.5800018310547,2891400.0,110.94956970214844
2014-09-25,128.49000549316406,127.01000213623047,128.30999755859375,127.13999938964844,2913100.0,109.70703887939453
2014-09-26,129.0,126.95999908447266,127.19000244140625,128.69000244140625,2524100.0,111.04449462890625
2014-09-29,129.52999877929688,127.0,127.20999908447266,128.77000427246094,3484900.0,111.11354064941406
2014-09-30,129.38999938964844,127.30999755859375,128.57000732421875,127.37999725341797,4000200.0,109.91410827636719
2014-10-01,127.37000274658203,124.30999755859375,127.37000274658203,124.66999816894531,5265200.0,107.57569122314453
2014-10-02,125.55000305175781,123.83999633789062,124.4000015258789,124.16999816894531,3204500.0,107.14425659179688
2014-10-03,126.87000274658203,124.66000366210938,124.66000366210938,126.36000061035156,3075900.0,109.03398132324219
2014-10-06,127.19000244140625,125.37999725341797,127.08999633789062,126.26000213623047,2681000.0,108.94768524169922
2014-10-07,125.5199966430664,123.29000091552734,125.5199966430664,123.31999969482422,3554900.0,106.41082763671875
2014-10-08,125.08999633789062,122.1500015258789,123.47000122070312,124.9800033569336,3610300.0,107.84319305419922
2014-10-09,124.75,122.30999755859375,124.72000122070312,122.76000213623047,4874700.0,105.92758178710938
2014-10-10,123.36000061035156,121.5,122.87000274658203,121.5,4214200.0,104.84036254882812
2014-10-13,123.19000244140625,120.26000213623047,122.05000305175781,120.44999694824219,3878600.0,103.93433380126953
2014-10-14,123.37000274658203,120.72000122070312,121.83999633789062,122.29000091552734,3768200.0,105.52203369140625
2014-10-15,121.12000274658203,116.31999969482422,121.05999755859375,120.19000244140625,7819000.0,103.70999145507812
2014-10-16,121.30000305175781,118.38999938964844,118.91000366210938,120.29000091552734,4492500.0,103.7962646484375
2014-10-17,123.87000274658203,121.77999877929688,122.05000305175781,123.23999786376953,4872400.0,106.34176635742188
2014-10-20,124.72000122070312,123.0,123.38999938964844,124.30999755859375,3676300.0,107.26506042480469
2014-10-21,127.23999786376953,124.93000030517578,125.20999908447266,127.12000274658203,5204500.0,109.68976593017578
2014-10-22,128.0,121.33999633789062,127.98999786376953,121.44999694824219,13844400.0,104.7972183227539
2014-10-23,122.87999725341797,121.05999755859375,121.2699966430664,122.02999877929688,7799700.0,105.29769134521484
2014-10-24,122.83999633789062,121.26000213623047,122.19999694824219,122.23999786376953,4013300.0,105.47889709472656
2014-10-27,122.2300033569336,121.26000213623047,122.12999725341797,122.12000274658203,2940300.0,105.3753433227539
2014-10-28,123.79000091552734,121.95999908447266,122.5,123.61000061035156,4159000.0,106.66104125976562
2014-10-29,124.4800033569336,122.55999755859375,124.4800033569336,123.08000183105469,3241700.0,106.2037124633789
2014-10-30,124.12000274658203,122.01000213623047,122.5199966430664,123.81999969482422,2569900.0,106.84223937988281
2014-10-31,125.88999938964844,124.7300033569336,125.02999877929688,124.91000366210938,4665300.0,107.78279876708984
2014-11-03,126.25,124.88999938964844,125.3499984741211,126.02999877929688,3902700.0,108.74922180175781
2014-11-04,126.70999908447266,125.26000213623047,125.94000244140625,125.83999633789062,3684600.0,108.58527374267578
2014-11-05,126.25,124.19999694824219,126.01000213623047,124.22000122070312,3334000.0,107.81282806396484
2014-11-06,124.80000305175781,123.37000274658203,124.4800033569336,124.58000183105469,2341900.0,108.12528228759766
2014-11-07,124.94000244140625,124.16999816894531,124.93000030517578,124.44999694824219,2366700.0,108.012451171875
2014-11-10,124.98999786376953,123.80000305175781,124.87000274658203,124.63999938964844,2622700.0,108.17736053466797
2014-11-11,125.7300033569336,124.44999694824219,124.58000183105469,125.36000061035156,3053500.0,108.80226135253906
2014-11-12,126.19000244140625,124.47000122070312,124.51000213623047,125.87000274658203,3075000.0,109.2448959350586
2014-11-13,128.9600067138672,125.73999786376953,125.73999786376953,128.52999877929688,5813900.0,111.55354309082031
2014-11-14,129.77999877929688,127.8499984741211,128.52999877929688,128.86000061035156,6235600.0,111.83998107910156
2014-11-17,129.1699981689453,127.55000305175781,128.6999969482422,128.4199981689453,3752900.0,111.45808410644531
2014-11-18,131.3300018310547,128.0399932861328,128.5500030517578,130.66000366210938,5701200.0,113.40222930908203
2014-11-19,132.74000549316406,130.25,130.58999633789062,131.61000061035156,5037600.0,114.22673797607422
2014-11-20,132.39999389648438,130.7100067138672,130.94000244140625,131.6999969482422,4052800.0,114.30486297607422
2014-11-21,133.36000061035156,132.50999450683594,132.72000122070312,132.77999877929688,4227100.0,115.2422103881836
2014-11-24,134.74000549316406,133.44000244140625,133.4499969482422,134.61000061035156,4161500.0,116.83050537109375
2014-11-25,135.60000610351562,134.74000549316406,134.74000549316406,134.80999755859375,4301600.0,117.00408935546875
2014-11-26,135.3000030517578,134.38999938964844,134.9499969482422,134.77999877929688,2660100.0,116.97803497314453
2014-11-28,135.77999877929688,134.0399932861328,135.50999450683594,134.36000061035156,2090000.0,116.61351776123047
2014-12-01,134.39999389648438,132.1999969482422,134.30999755859375,132.38999938964844,3473700.0,114.90372467041016
2014-12-02,132.9600067138672,131.75,132.5,132.27999877929688,2904900.0,114.8082504272461
2014-12-03,133.27999877929688,131.42999267578125,132.64999389648438,131.97000122070312,4627500.0,114.5392074584961
2014-12-04,132.52000427246094,130.9199981689453,131.97000122070312,131.32000732421875,2785500.0,113.97505187988281
2014-12-05,132.6199951171875,131.52999877929688,131.72000122070312,132.2100067138672,2580200.0,114.74748992919922
2014-12-08,132.07000732421875,129.8699951171875,132.02000427246094,130.27999877929688,2862400.0,113.07240295410156
2014-12-09,129.72000122070312,127.73999786376953,128.55999755859375,129.66000366210938,3084600.0,112.53430938720703
2014-12-10,128.97999572753906,124.54000091552734,128.80999755859375,124.63999938964844,6651700.0,108.17736053466797
2014-12-11,125.6500015258789,123.0,125.22000122070312,123.37000274658203,6702100.0,107.07511138916016
2014-12-12,122.2699966430664,120.58000183105469,122.23999786376953,120.7699966430664,6661100.0,104.81851196289062
2014-12-15,122.87999725341797,120.5999984741211,121.4000015258789,122.08000183105469,6238800.0,105.95548248291016
2014-12-16,125.54000091552734,123.91000366210938,125.04000091552734,124.25,7919900.0,107.8388671875
2014-12-17,125.37999725341797,123.41999816894531,124.27999877929688,125.05999755859375,6726500.0,108.54187774658203
2014-12-18,127.3499984741211,124.7699966430664,127.12999725341797,125.66999816894531,6485900.0,109.0712890625
2014-12-19,127.41999816894531,125.5,125.62999725341797,126.2300033569336,7680800.0,109.55734252929688
2014-12-22,128.5399932861328,126.7300033569336,126.7300033569336,128.22000122070312,3189300.0,111.28449249267578
2014-12-23,130.64999389648438,128.64999389648438,129.0399932861328,130.02999877929688,4028900.0,112.85543060302734
2014-12-24,132.3300018310547,130.1699981689453,130.3000030517578,131.24000549316406,2116900.0,113.9056167602539
2014-12-26,131.92999267578125,130.22999572753906,131.2899932861328,131.6300048828125,2242900.0,114.24412536621094
2014-12-29,132.72999572753906,131.1699981689453,131.72000122070312,132.2899932861328,2718400.0,114.8169174194336
2014-12-30,132.27999877929688,131.52000427246094,132.0,131.8300018310547,2447700.0,114.41769409179688
2014-12-31,132.3000030517578,129.86000061035156,132.25,129.97999572753906,2712400.0,112.8120346069336
2015-01-02,131.83999633789062,129.08999633789062,131.07000732421875,129.9499969482422,4294200.0,112.7860107421875
2015-01-05,129.9199981689453,128.61000061035156,129.66000366210938,129.0500030517578,5024800.0,112.00487518310547
2015-01-06,129.6199951171875,126.18000030517578,129.0500030517578,127.52999877929688,4992800.0,110.68563842773438
2015-01-07,129.97000122070312,128.72000122070312,128.74000549316406,129.50999450683594,3573200.0,112.40410614013672
2015-01-08,131.99000549316406,130.39999389648438,130.60000610351562,131.8000030517578,4503400.0,114.39167022705078
2015-01-09,132.25999450683594,130.92999267578125,131.58999633789062,131.5399932861328,3056400.0,114.16598510742188
2015-01-12,132.25999450683594,129.9499969482422,132.24000549316406,130.8699951171875,3552700.0,113.58447265625
2015-01-13,133.91000366210938,130.1699981689453,132.0,131.1699981689453,3441700.0,113.84484100341797
2015-01-14,131.2899932861328,128.9499969482422,129.02999877929688,130.3800048828125,3559500.0,113.1592025756836
2015-01-15,131.8300018310547,129.6999969482422,130.25,130.13999938964844,3902000.0,112.9509048461914
2015-01-16,131.02000427246094,129.11000061035156,129.75,130.77999877929688,4425600.0,113.5063705444336
2015-01-20,132.0,129.4499969482422,131.4499969482422,131.22000122070312,3143700.0,113.88826751708984
2015-01-21,132.8699951171875,130.57000732421875,130.8699951171875,132.41000366210938,2898000.0,114.92110443115234
2015-01-22,136.2100067138672,133.0500030517578,133.3800048828125,135.63999938964844,4971300.0,117.72445678710938
2015-01-23,135.77999877929688,134.60000610351562,135.57000732421875,134.6199951171875,3828300.0,116.83915710449219
2015-01-26,135.25,133.52999877929688,135.0,134.07000732421875,3900500.0,116.36182403564453
2015-01-27,132.99000549316406,130.74000549316406,132.39999389648438,132.47999572753906,5243900.0,114.98181915283203
2015-01-28,141.88999938964844,135.9199981689453,136.3000030517578,139.63999938964844,14355100.0,121.19615936279297
2015-01-29,148.25,139.6300048828125,139.69000244140625,147.77999877929688,15161700.0,128.260986328125
2015-01-30,146.85000610351562,144.3699951171875,146.22000122070312,145.3699951171875,11271100.0,126.1693115234375
2015-02-02,146.58999633789062,143.0500030517578,143.72000122070312,146.25999450683594,6790900.0,126.94174194335938
2015-02-03,148.0,146.17999267578125,146.3699951171875,147.33999633789062,5978200.0,127.87911224365234
2015-02-04,148.38999938964844,145.92999267578125,145.97000122070312,147.22000122070312,4766200.0,127.77494812011719
2015-02-05,148.8699951171875,146.4600067138672,147.25999450683594,148.60000610351562,4252600.0,128.97268676757812
2015-02-06,148.88999938964844,147.6999969482422,148.6199951171875,148.0,4398800.0,128.4519500732422
2015-02-09,148.16000366210938,145.6300048828125,146.16000366210938,147.5800018310547,4202900.0,128.08741760253906
2015-02-10,148.7100067138672,147.5,148.1999969482422,148.0399932861328,4034900.0,128.48663330078125
2015-02-11,148.3800048828125,147.08999633789062,147.50999450683594,147.9199981689453,3272700.0,129.176513671875
2015-02-12,148.57000732421875,147.67999267578125,148.25999450683594,148.08999633789062,2998900.0,129.3249969482422
2015-02-13,149.83999633789062,147.63999938964844,147.97999572753906,149.72999572753906,3418600.0,130.75718688964844
2015-02-17,149.9600067138672,148.52000427246094,148.72000122070312,149.9199981689453,3622400.0,130.9231414794922
2015-02-18,151.6199951171875,149.3699951171875,149.6999969482422,151.1699981689453,3722100.0,132.0147247314453
2015-02-19,154.24000549316406,151.0,151.0500030517578,153.75,4384000.0,134.26780700683594
2015-02-20,158.8300018310547,153.8000030517578,153.8000030517578,158.30999755859375,9366000.0,138.24998474121094
2015-02-23,155.9199981689453,153.36000061035156,155.0,154.74000549316406,8653700.0,135.1323699951172
2015-02-24,154.77999877929688,153.2100067138672,153.5,154.3800048828125,4391700.0,134.81797790527344
2015-02-25,154.74000549316406,152.13999938964844,154.30999755859375,153.00999450683594,4800500.0,133.62156677246094
2015-02-26,152.3800048828125,150.80999755859375,152.30999755859375,151.72999572753906,5149300.0,132.50375366210938
2015-02-27,151.88999938964844,150.4499969482422,151.0,150.85000610351562,4330700.0,131.7352752685547
2015-03-02,154.14999389648438,150.75,150.85000610351562,153.8000030517578,4622800.0,134.31149291992188
2015-03-03,156.91000366210938,154.1699981689453,154.7100067138672,155.57000732421875,8656600.0,135.85714721679688
2015-03-04,155.22000122070312,154.0,154.6199951171875,154.35000610351562,4476200.0,134.79176330566406
2015-03-05,155.97999572753906,154.30999755859375,154.86000061035156,154.47000122070312,3327200.0,134.8965606689453
2015-03-06,155.02999877929688,152.80999755859375,153.9199981689453,153.1199951171875,3556200.0,133.71762084960938
2015-03-09,155.61000061035156,153.14999389648438,153.3000030517578,154.75,3433000.0,135.14109802246094
2015-03-10,154.1300048828125,152.4199981689453,153.3000030517578,152.4199981689453,3839600.0,133.10629272460938
2015-03-11,152.69000244140625,151.1699981689453,152.50999450683594,151.1699981689453,3395400.0,132.0147247314453
2015-03-12,152.9199981689453,151.27999877929688,151.27999877929688,152.0399932861328,2965100.0,132.77447509765625
2015-03-13,152.38999938964844,149.7899932861328,151.88999938964844,151.57000732421875,3569600.0,132.3640594482422
2015-03-16,154.19000244140625,152.27000427246094,152.38999938964844,153.6699981689453,2742900.0,134.1979522705078
2015-03-17,155.0,152.72999572753906,152.8800048828125,154.50999450683594,2927200.0,134.93150329589844
2015-03-18,155.99000549316406,152.11000061035156,154.0399932861328,155.72999572753906,4053600.0,135.9968719482422
2015-03-19,155.3300018310547,153.66000366210938,154.91000366210938,154.11000061035156,2539000.0,134.58221435546875
2015-03-20,155.49000549316406,154.47999572753906,155.0399932861328,154.5,4464300.0,134.92279052734375
2015-03-23,154.97999572753906,152.80999755859375,154.97999572753906,152.80999755859375,3029700.0,133.44692993164062
2015-03-24,152.6199951171875,151.35000610351562,151.9600067138672,151.64999389648438,3319300.0,132.4338836669922
2015-03-25,152.0399932861328,148.1300048828125,151.39999389648438,148.22999572753906,3747900.0,129.44725036621094
2015-03-26,148.85000610351562,145.9600067138672,147.8300018310547,148.1699981689453,3627400.0,129.39486694335938
2015-03-27,149.30999755859375,147.49000549316406,148.58999633789062,148.85000610351562,2600300.0,129.98867797851562
2015-03-30,153.1699981689453,149.97999572753906,150.0800018310547,152.6999969482422,3738700.0,133.35086059570312
2015-03-31,152.25,149.94000244140625,152.22999572753906,150.0800018310547,2975600.0,131.06285095214844
2015-04-01,150.02000427246094,146.82000732421875,149.97000122070312,148.63999938964844,4167600.0,129.8052978515625
2015-04-02,150.5,148.30999755859375,149.13999938964844,149.27999877929688,2934200.0,130.3642120361328
2015-04-06,151.4499969482422,148.0,148.14999389648438,150.92999267578125,3371500.0,131.80508422851562
2015-04-07,153.5,151.13999938964844,151.27000427246094,152.32000732421875,4299500.0,133.0189971923828
2015-04-08,153.5,152.19000244140625,152.19000244140625,153.36000061035156,2763400.0,133.92721557617188
2015-04-09,153.6699981689453,151.6300048828125,152.6199951171875,153.4199981689453,3966800.0,133.97959899902344
2015-04-10,154.9600067138672,153.25,153.5500030517578,154.3800048828125,3183000.0,134.81797790527344
2015-04-13,155.5,152.9600067138672,153.7899932861328,153.24000549316406,3034000.0,133.8223876953125
2015-04-14,153.5399932861328,151.58999633789062,152.92999267578125,153.2100067138672,2845800.0,133.79623413085938
2015-04-15,154.3699951171875,152.2100067138672,154.3699951171875,152.42999267578125,3687400.0,133.1150360107422
2015-04-16,152.52999877929688,151.0500030517578,151.66000366210938,151.97000122070312,2559900.0,132.71334838867188
2015-04-17,151.42999267578125,149.44000244140625,150.8800048828125,149.60000610351562,4671600.0,130.6436767578125
2015-04-20,153.5500030517578,151.00999450683594,151.05999755859375,152.6699981689453,3169100.0,133.32464599609375
2015-04-21,154.08999633789062,152.0,153.50999450683594,153.3300018310547,3772900.0,133.90103149414062
2015-04-22,153.0,148.85000610351562,152.36000061035156,151.19000244140625,8468900.0,132.03219604492188
2015-04-23,150.8300018310547,149.72999572753906,150.8300018310547,149.8699951171875,4080800.0,130.87945556640625
2015-04-24,149.86000061035156,148.02000427246094,149.5399932861328,148.39999389648438,4889200.0,129.59571838378906
2015-04-27,149.0,147.7100067138672,148.58999633789062,147.8000030517578,4603500.0,129.07177734375
2015-04-28,148.3699951171875,146.00999450683594,147.89999389648438,147.50999450683594,4352900.0,128.8184814453125
2015-04-29,147.4600067138672,145.89999389648438,147.07000732421875,146.14999389648438,4761700.0,127.63084411621094
2015-04-30,145.94000244140625,142.75,145.25,143.33999633789062,4925300.0,125.1768798828125
2015-05-01,145.07000732421875,143.83999633789062,144.41000366210938,144.6699981689453,3556800.0,126.33837127685547
2015-05-04,144.7899932861328,143.17999267578125,143.85000610351562,144.02000427246094,8977500.0,125.77073669433594
2015-05-05,144.6999969482422,142.27000427246094,143.75999450683594,142.91000366210938,3670400.0,124.80136108398438
2015-05-06,143.14999389648438,140.42999267578125,143.00999450683594,141.0399932861328,5313500.0,123.95762634277344
2015-05-07,142.17999267578125,140.47999572753906,140.55999755859375,141.49000549316406,4868700.0,124.35313415527344
2015-05-08,145.94000244140625,142.97999572753906,143.0,145.4600067138672,7068000.0,127.84230041503906
2015-05-11,146.7899932861328,145.1300048828125,145.5500030517578,145.88999938964844,3969000.0,128.22021484375
2015-05-12,146.0800018310547,144.00999450683594,144.94000244140625,145.42999267578125,3543900.0,127.8159408569336
2015-05-13,146.52999877929688,145.10000610351562,145.41000366210938,145.6199951171875,2679400.0,127.98291015625
2015-05-14,148.25,146.64999389648438,146.8800048828125,147.9600067138672,3495800.0,130.03952026367188
2015-05-15,148.3000030517578,146.33999633789062,148.0500030517578,146.8800048828125,3368900.0,129.09033203125
2015-05-18,147.24000549316406,146.3000030517578,146.8800048828125,146.7100067138672,2153200.0,128.94091796875
2015-05-19,147.77000427246094,146.72999572753906,147.17999267578125,147.0500030517578,2366400.0,129.23973083496094
2015-05-20,147.33999633789062,146.10000610351562,147.13999938964844,146.4199981689453,2104000.0,128.68603515625
2015-05-21,147.7100067138672,146.10000610351562,146.55999755859375,147.35000610351562,2676400.0,129.50340270996094
2015-05-22,147.27000427246094,144.8000030517578,147.25999450683594,144.80999755859375,3878000.0,127.27104949951172
2015-05-26,144.42999267578125,142.16000366210938,144.33999633789062,142.8000030517578,3476800.0,125.50447082519531
2015-05-27,143.75,142.5800018310547,143.4199981689453,143.0,2837100.0,125.6802749633789
2015-05-28,145.2899932861328,141.5800018310547,142.50999450683594,142.3300018310547,3103200.0,125.0914077758789
2015-05-29,142.25999450683594,140.32000732421875,142.25999450683594,140.52000427246094,6199200.0,123.5006332397461
2015-06-01,142.0500030517578,140.27000427246094,141.4499969482422,141.25,3897000.0,124.14219665527344
2015-06-02,144.4600067138672,140.6300048828125,141.44000244140625,143.25,4986500.0,125.9000015258789
2015-06-03,145.05999755859375,142.88999938964844,143.77999877929688,143.80999755859375,3755800.0,126.39214324951172
2015-06-04,143.22999572753906,140.9499969482422,143.22000122070312,141.19000244140625,3239500.0,124.0894775390625
2015-06-05,141.3699951171875,140.0500030517578,141.0399932861328,140.72999572753906,3215600.0,123.68521118164062
2015-06-08,141.35000610351562,140.1999969482422,140.24000549316406,140.63999938964844,2756600.0,123.6061019897461
2015-06-09,140.99000549316406,139.89999389648438,140.5,140.10000610351562,2647600.0,123.13150024414062
2015-06-10,142.60000610351562,140.2899932861328,140.67999267578125,141.6199951171875,2784400.0,124.46742248535156
2015-06-11,143.97999572753906,141.75,142.00999450683594,142.9600067138672,2924500.0,125.64511108398438
2015-06-12,142.86000061035156,141.08999633789062,142.6199951171875,142.8000030517578,2395200.0,125.50447082519531
2015-06-15,142.58999633789062,141.27999877929688,142.0399932861328,142.2899932861328,2631400.0,125.05625915527344
2015-06-16,143.5800018310547,141.4199981689453,141.4199981689453,142.33999633789062,2450600.0,125.10018157958984
2015-06-17,144.0,141.89999389648438,142.8699951171875,143.42999267578125,2775400.0,126.05815887451172
2015-06-18,146.52999877929688,143.91000366210938,143.91000366210938,145.3800048828125,3728900.0,127.77201080322266
2015-06-19,146.10000610351562,144.9499969482422,145.19000244140625,145.1300048828125,4837300.0,127.55229187011719
2015-06-22,146.2100067138672,145.08999633789062,146.07000732421875,145.6999969482422,2086100.0,128.05322265625
2015-06-23,146.4499969482422,143.8000030517578,146.3300018310547,144.42999267578125,2864400.0,126.93704223632812
2015-06-24,144.8000030517578,142.50999450683594,143.75999450683594,143.0,3989100.0,125.6802749633789
2015-06-25,143.75999450683594,142.33999633789062,143.27000427246094,142.4499969482422,2153800.0,125.19685363769531
2015-06-26,143.0399932861328,141.88999938964844,143.02999877929688,142.47999572753906,3153300.0,125.22325134277344
2015-06-29,141.32000732421875,138.5800018310547,140.9600067138672,138.72999572753906,3755500.0,121.92743682861328
2015-06-30,140.05999755859375,138.44000244140625,140.05999755859375,138.72000122070312,3434800.0,121.91864013671875
2015-07-01,141.13999938964844,140.02000427246094,140.47999572753906,140.72999572753906,3260900.0,123.68521118164062
2015-07-02,141.52000427246094,139.8800048828125,141.2899932861328,140.2100067138672,2116500.0,123.22816467285156
2015-07-06,140.72999572753906,139.0,139.02000427246094,140.52000427246094,2093400.0,123.5006332397461
2015-07-07,143.44000244140625,140.13999938964844,140.8000030517578,143.14999389648438,3712000.0,125.81206512451172
2015-07-08,143.14999389648438,141.52000427246094,142.5,141.9199981689453,3386500.0,124.73104858398438
2015-07-09,144.1999969482422,142.72999572753906,143.88999938964844,142.8000030517578,2486800.0,125.50447082519531
2015-07-10,145.19000244140625,143.8699951171875,144.13999938964844,144.47999572753906,2192100.0,126.98103332519531
2015-07-13,146.75,145.60000610351562,145.9600067138672,146.6199951171875,2194200.0,128.86184692382812
2015-07-14,148.3000030517578,146.4499969482422,146.75999450683594,147.75,3388800.0,129.85494995117188
2015-07-15,147.75,146.47999572753906,147.75,146.88999938964844,2653900.0,129.09913635253906
2015-07-16,148.8000030517578,147.77000427246094,147.7899932861328,148.49000549316406,2509600.0,130.50531005859375
2015-07-17,147.44000244140625,146.02000427246094,147.25,146.83999633789062,3127100.0,129.05514526367188
2015-07-20,147.1999969482422,145.91000366210938,147.11000061035156,146.72000122070312,3016100.0,128.94973754882812
2015-07-21,146.58999633789062,144.22000122070312,146.58999633789062,145.0,4452600.0,127.43800354003906
2015-07-22,149.17999267578125,145.11000061035156,148.89999389648438,146.47000122070312,6238400.0,128.72996520996094
2015-07-23,147.9499969482422,145.7899932861328,147.0,146.11000061035156,4116000.0,128.41357421875
2015-07-24,146.47000122070312,143.97999572753906,145.80999755859375,144.05999755859375,2455000.0,126.61186981201172
2015-07-27,143.35000610351562,140.8000030517578,143.22000122070312,141.02999877929688,3532100.0,123.94886016845703
2015-07-28,142.1699981689453,139.50999450683594,141.61000061035156,141.80999755859375,4138200.0,124.6343765258789
2015-07-29,144.61000061035156,142.3699951171875,142.47999572753906,144.13999938964844,3260400.0,126.68216705322266
2015-07-30,143.9199981689453,142.2100067138672,143.35000610351562,143.00999450683594,2644000.0,125.68904113769531
2015-07-31,144.9199981689453,143.2899932861328,143.75999450683594,144.1699981689453,3163500.0,126.70853424072266
2015-08-03,144.75,142.58999633789062,144.44000244140625,143.69000244140625,3088000.0,126.28665924072266
2015-08-04,144.8699951171875,143.0399932861328,143.5500030517578,143.5399932861328,1973000.0,126.15483856201172
2015-08-05,145.60000610351562,143.77000427246094,143.89999389648438,144.9499969482422,2926100.0,128.2068328857422
2015-08-06,145.25,143.4199981689453,144.6999969482422,143.82000732421875,2457000.0,127.20735931396484
2015-08-07,143.83999633789062,141.6999969482422,143.22000122070312,142.4199981689453,2953200.0,125.96910095214844
2015-08-10,146.77000427246094,143.77999877929688,143.7899932861328,145.86000061035156,3432600.0,129.01171875
2015-08-11,144.92999267578125,143.27999877929688,144.13999938964844,144.0500030517578,2816700.0,127.41082000732422
2015-08-12,143.00999450683594,139.86000061035156,142.5500030517578,142.42999267578125,4355800.0,125.97791290283203
2015-08-13,145.4499969482422,141.52999877929688,142.02999877929688,144.80999755859375,5129500.0,128.0830535888672
2015-08-14,145.47000122070312,143.75999450683594,144.61000061035156,145.08999633789062,2927100.0,128.33070373535156
2015-08-17,144.86000061035156,142.92999267578125,144.60000610351562,144.44000244140625,3746000.0,127.75576782226562
2015-08-18,145.2100067138672,143.82000732421875,144.38999938964844,144.60000610351562,1955500.0,127.89730072021484
2015-08-19,144.47999572753906,142.32000732421875,143.4199981689453,142.72000122070312,2967700.0,126.23445129394531
2015-08-20,141.89999389648438,136.89999389648438,141.6199951171875,137.02000427246094,6601400.0,121.19286346435547
2015-08-21,135.08999633789062,131.4600067138672,134.8800048828125,131.7100067138672,7957600.0,116.49622344970703
2015-08-24,135.5,115.13999938964844,123.63999938964844,127.19000244140625,9425800.0,112.49832153320312
2015-08-25,130.72000122070312,125.43000030517578,130.0,125.48999786376953,7159100.0,110.99468994140625
2015-08-26,129.75999450683594,125.2300033569336,129.33999633789062,129.33999633789062,6428400.0,114.39995574951172
2015-08-27,132.36000061035156,129.4600067138672,131.0800018310547,131.8699951171875,5754600.0,116.63773345947266
2015-08-28,133.72000122070312,130.86000061035156,131.42999267578125,133.24000549316406,4508800.0,117.84947204589844
2015-08-31,132.6999969482422,130.38999938964844,132.3699951171875,130.67999267578125,4231700.0,115.58518981933594
2015-09-01,128.99000549316406,126.94000244140625,128.16000366210938,127.44000244140625,5772700.0,112.71945190429688
2015-09-02,130.6699981689453,127.73999786376953,128.7100067138672,130.6300048828125,4809300.0,115.54096221923828
2015-09-03,132.35000610351562,130.47999572753906,132.30999755859375,131.02000427246094,3379500.0,115.88591766357422
2015-09-04,130.49000549316406,128.66000366210938,129.5500030517578,129.75999450683594,3746700.0,114.77143859863281
2015-09-08,133.99000549316406,132.0,132.27000427246094,133.82000732421875,3505800.0,118.36249542236328
2015-09-09,136.25,132.2100067138672,135.58999633789062,132.64999389648438,4713900.0,117.32762908935547
2015-09-10,134.57000732421875,132.27000427246094,132.33999633789062,133.5500030517578,2932200.0,118.1236801147461
2015-09-11,134.86000061035156,132.88999938964844,133.16000366210938,134.6699981689453,2628200.0,119.11431121826172
2015-09-14,135.1300048828125,133.72999572753906,134.72000122070312,134.42999267578125,2389600.0,118.90202331542969
2015-09-15,137.0,134.52000427246094,134.52000427246094,136.3000030517578,3761800.0,120.5560302734375
2015-09-16,137.42999267578125,136.00999450683594,136.25999450683594,137.1999969482422,2505000.0,121.3520736694336
2015-09-17,139.91000366210938,136.94000244140625,137.36000061035156,137.4499969482422,3405600.0,121.57318878173828
2015-09-18,137.69000244140625,134.39999389648438,135.75,136.08999633789062,7302700.0,120.37026977539062
2015-09-21,137.4499969482422,134.94000244140625,136.4199981689453,136.02000427246094,2460900.0,120.30838012695312
2015-09-22,134.49000549316406,132.52000427246094,134.49000549316406,133.99000549316406,3465000.0,118.51285552978516
2015-09-23,135.0,131.61000061035156,134.66000366210938,131.6699981689453,4907500.0,116.4608383178711
2015-09-24,130.77000427246094,127.18000030517578,130.72000122070312,129.75,5297800.0,114.76261138916016
2015-09-25,131.72999572753906,129.27999877929688,131.57000732421875,131.00999450683594,4149900.0,115.8770751953125
2015-09-28,130.47999572753906,128.02999877929688,130.44000244140625,128.1300048828125,4160000.0,113.3297348022461
2015-09-29,129.14999389648438,127.47000122070312,128.11000061035156,128.75,2935100.0,113.87812805175781
2015-09-30,131.41000366210938,129.6199951171875,130.27000427246094,130.9499969482422,3062500.0,115.8239974975586
2015-10-01,131.7899932861328,128.97999572753906,131.32000732421875,130.61000061035156,2878400.0,115.52327728271484
2015-10-02,132.58999633789062,128.55999755859375,129.0,132.55999755859375,3020500.0,117.24801635742188
2015-10-05,134.14999389648438,131.35000610351562,132.27999877929688,134.02000427246094,4587500.0,118.53938293457031
2015-10-06,135.5399932861328,133.6699981689453,134.10000610351562,134.6300048828125,3059600.0,119.07892608642578
2015-10-07,137.72999572753906,135.25999450683594,135.69000244140625,137.02000427246094,3263800.0,121.19286346435547
2015-10-08,139.35000610351562,136.07000732421875,136.66000366210938,139.0399932861328,2835700.0,122.97950744628906
2015-10-09,140.24000549316406,138.36000061035156,139.0399932861328,139.6999969482422,3065700.0,123.56330108642578
2015-10-12,141.07000732421875,139.32000732421875,139.92999267578125,140.67999267578125,1942200.0,124.43012237548828
2015-10-13,140.5,139.42999267578125,139.44000244140625,140.2899932861328,2339700.0,124.08512115478516
2015-10-14,140.88999938964844,133.5800018310547,139.75,134.22000122070312,8752300.0,118.71629333496094
2015-10-15,137.6699981689453,135.0,135.16000366210938,137.38999938964844,6368300.0,121.52011108398438
2015-10-16,138.72999572753906,136.52000427246094,137.42999267578125,137.60000610351562,3173700.0,121.70588684082031
2015-10-19,138.61000061035156,136.38999938964844,137.60000610351562,138.4199981689453,4022000.0,122.4311294555664
2015-10-20,139.92999267578125,137.5800018310547,137.94000244140625,138.8800048828125,4202600.0,122.83802795410156
2015-10-21,142.14999389648438,136.61000061035156,141.6999969482422,141.19000244140625,8927200.0,124.88117980957031
2015-10-22,147.36000061035156,141.92999267578125,142.0,146.30999755859375,6976300.0,129.40977478027344
2015-10-23,147.75,144.91000366210938,147.3699951171875,146.6999969482422,4691200.0,129.75473022460938
2015-10-26,147.22999572753906,145.5500030517578,146.2100067138672,146.6999969482422,3143400.0,129.75473022460938
2015-10-27,148.99000549316406,146.00999450683594,146.22000122070312,148.4600067138672,3411300.0,131.31143188476562
2015-10-28,148.80999755859375,145.13999938964844,147.99000549316406,147.8800048828125,4408300.0,130.79843139648438
2015-10-29,147.8699951171875,145.8300018310547,147.5399932861328,147.17999267578125,3072100.0,130.1792755126953
2015-10-30,149.60000610351562,147.08999633789062,147.39999389648438,148.07000732421875,3938000.0,130.9665069580078
2015-11-02,149.47000122070312,147.55999755859375,148.3800048828125,148.39999389648438,2516700.0,131.2583770751953
2015-11-03,148.4600067138672,147.13999938964844,148.02999877929688,148.08999633789062,2470000.0,130.98416137695312
2015-11-04,148.75999450683594,147.17999267578125,147.25999450683594,148.19000244140625,2771500.0,131.8830108642578
2015-11-05,148.83999633789062,146.49000549316406,148.19000244140625,147.97000122070312,2545400.0,131.68727111816406
2015-11-06,148.1699981689453,146.00999450683594,146.5800018310547,147.94000244140625,2294100.0,131.66055297851562
2015-11-09,147.47999572753906,145.17999267578125,146.89999389648438,145.97999572753906,2980800.0,129.9162139892578
2015-11-10,146.13999938964844,144.02999877929688,145.27999877929688,145.14999389648438,2524100.0,129.17755126953125
2015-11-11,145.8300018310547,144.52000427246094,145.1999969482422,144.99000549316406,1579600.0,129.03514099121094
2015-11-12,144.39999389648438,141.58999633789062,143.0,142.5399932861328,3796800.0,126.85478210449219
2015-11-13,143.88999938964844,141.86000061035156,142.3300018310547,142.58999633789062,3063800.0,126.89925384521484
2015-11-16,144.5,142.3300018310547,142.5800018310547,144.4199981689453,2378300.0,128.5278778076172
2015-11-17,146.58999633789062,144.63999938964844,145.2899932861328,146.0800018310547,3038300.0,130.00523376464844
2015-11-18,148.38999938964844,146.22999572753906,146.24000549316406,148.27999877929688,3101100.0,131.96311950683594
2015-11-19,149.47999572753906,148.25999450683594,148.7899932861328,149.24000549316406,2492600.0,132.81752014160156
2015-11-20,150.58999633789062,149.1199951171875,149.83999633789062,149.39999389648438,3210200.0,132.95986938476562
2015-11-23,149.6999969482422,147.7100067138672,149.38999938964844,148.33999633789062,3183700.0,132.0165252685547
2015-11-24,149.58999633789062,147.22000122070312,147.49000549316406,148.64999389648438,2626600.0,132.29238891601562
2015-11-25,149.14999389648438,147.3800048828125,149.0399932861328,147.42999267578125,1852200.0,131.20664978027344
2015-11-27,147.97000122070312,146.67999267578125,147.5,146.9499969482422,1282100.0,130.77947998046875
2015-11-30,147.25999450683594,145.36000061035156,146.97000122070312,145.4499969482422,3176700.0,129.44454956054688
2015-12-01,149.39999389648438,146.47000122070312,146.5399932861328,147.74000549316406,3444300.0,131.48252868652344
2015-12-02,148.02999877929688,146.3800048828125,147.5500030517578,146.9600067138672,2648800.0,130.78836059570312
2015-12-03,147.6300048828125,144.27999877929688,147.0500030517578,145.55999755859375,3008700.0,129.5424041748047
2015-12-04,148.77999877929688,146.08999633789062,146.35000610351562,148.5,3892900.0,132.15887451171875
2015-12-07,149.5,147.32000732421875,148.3000030517578,148.4499969482422,3417700.0,132.11439514160156
2015-12-08,147.22999572753906,144.64999389648438,146.82000732421875,144.99000549316406,5021100.0,129.03514099121094
2015-12-09,145.69000244140625,142.27000427246094,144.60000610351562,144.24000549316406,5124600.0,128.36769104003906
2015-12-10,147.4600067138672,144.16000366210938,144.6199951171875,146.41000366210938,3278500.0,130.2989044189453
2015-12-11,145.6999969482422,143.72000122070312,145.0,144.6199951171875,3684700.0,128.7058868408203
2015-12-14,144.5,141.4600067138672,144.5,143.0,4845000.0,127.26414489746094
2015-12-15,147.10000610351562,144.1199951171875,145.66000366210938,146.52999877929688,4705300.0,130.4057159423828
2015-12-16,148.61000061035156,146.22999572753906,147.97999572753906,148.11000061035156,3316000.0,131.81179809570312
2015-12-17,149.8000030517578,145.5,148.85000610351562,145.55999755859375,3448800.0,129.5424041748047
2015-12-18,144.41000366210938,138.88999938964844,144.41000366210938,139.5800018310547,9952000.0,124.22048950195312
2015-12-21,141.94000244140625,139.6999969482422,140.2100067138672,140.89999389648438,3746400.0,125.39522552490234
2015-12-22,142.7899932861328,140.5,141.72000122070312,142.3800048828125,2791700.0,126.71236419677734
2015-12-23,144.07000732421875,142.80999755859375,143.0800018310547,144.05999755859375,3353900.0,128.20745849609375
2015-12-24,143.92999267578125,143.36000061035156,143.60000610351562,143.52999877929688,1185000.0,127.73580932617188
2015-12-28,144.6699981689453,142.85000610351562,143.25999450683594,144.5399932861328,1980000.0,128.6346893310547
2015-12-29,147.55999755859375,145.0,145.05999755859375,147.35000610351562,3133600.0,131.135498046875
2015-12-30,148.0,146.00999450683594,147.22000122070312,146.41000366210938,1619000.0,130.2989044189453
2015-12-31,145.9600067138672,144.5,145.9600067138672,144.58999633789062,2105200.0,128.67916870117188
2016-01-04,141.6999969482422,139.42999267578125,141.3800048828125,140.5,5719500.0,125.03923034667969
2016-01-05,141.6999969482422,139.77000427246094,140.99000549316406,141.07000732421875,3357000.0,125.54651641845703
2016-01-06,139.35000610351562,137.25999450683594,138.8300018310547,138.8300018310547,4254100.0,123.55300903320312
2016-01-07,136.6699981689453,132.50999450683594,136.3800048828125,133.00999450683594,7013700.0,118.37342834472656
2016-01-08,135.10000610351562,129.8000030517578,133.6999969482422,129.99000549316406,5776900.0,115.68577575683594
2016-01-11,131.0,128.9199981689453,130.85000610351562,130.2100067138672,5551500.0,115.88158416748047
2016-01-12,132.1699981689453,129.63999938964844,131.5800018310547,131.9199981689453,4171500.0,117.40338134765625
2016-01-13,132.8800048828125,127.75,132.6999969482422,128.1199951171875,5073100.0,114.02153015136719
2016-01-14,130.07000732421875,125.80999755859375,129.58999633789062,129.1999969482422,6517800.0,114.98269653320312
2016-01-15,127.13999938964844,124.51000213623047,125.80000305175781,125.62999725341797,6678400.0,111.80554962158203
2016-01-19,127.22000122070312,125.11000061035156,127.05999755859375,126.05999755859375,5478900.0,112.18821716308594
2016-01-20,124.94000244140625,119.81999969482422,124.0,122.13999938964844,7636600.0,108.6996078491211
2016-01-21,125.9800033569336,121.54000091552734,122.7699966430664,123.4000015258789,5546200.0,109.82095336914062
2016-01-22,125.68000030517578,123.31999969482422,124.41999816894531,124.61000061035156,5259900.0,110.89778900146484
2016-01-25,125.23999786376953,123.4000015258789,124.5999984741211,124.01000213623047,4551600.0,110.36381530761719
2016-01-26,128.14999389648438,124.5,124.9800033569336,128.00999450683594,5432600.0,113.92364501953125
2016-01-27,120.11000061035156,115.0199966430664,119.9000015258789,116.58000183105469,27945900.0,103.75141143798828
2016-01-28,118.02999877929688,115.05999755859375,117.0999984741211,118.01000213623047,10708400.0,105.02407836914062
2016-01-29,120.18000030517578,118.0199966430664,118.13999938964844,120.12999725341797,9195700.0,106.9107666015625
2016-02-01,122.29000091552734,118.6500015258789,119.63999938964844,121.55999755859375,6812800.0,108.18342590332031
2016-02-02,120.27999877929688,117.37000274658203,119.69000244140625,117.5199966430664,8646700.0,104.58797454833984
2016-02-03,122.12999725341797,117.1500015258789,118.80000305175781,121.87000274658203,7361900.0,108.45930480957031
2016-02-04,124.91000366210938,121.12000274658203,121.12000274658203,123.61000061035156,5837000.0,110.00784301757812
2016-02-05,124.16999816894531,121.02999877929688,123.62999725341797,122.55999755859375,6186700.0,109.07337951660156
2016-02-08,121.33000183105469,117.25,120.66999816894531,119.47000122070312,6453600.0,106.32339477539062
2016-02-09,119.9800033569336,117.43000030517578,117.9800033569336,118.87999725341797,4137600.0,105.79833984375
2016-02-10,119.45999908447266,116.2699966430664,118.16000366210938,116.36000061035156,4888600.0,104.51390838623047
2016-02-11,113.4000015258789,102.0999984741211,113.18000030517578,108.44000244140625,33735600.0,97.40022277832031
2016-02-12,109.83999633789062,105.0,105.12000274658203,108.62999725341797,12973400.0,97.57086944580078
2016-02-16,112.76000213623047,109.0,109.7300033569336,112.5999984741211,7587700.0,101.13670349121094
2016-02-17,116.83000183105469,113.98999786376953,114.02999877929688,116.33999633789062,6619600.0,104.4959487915039
2016-02-18,118.2300033569336,116.68000030517578,116.91000366210938,117.56999969482422,6489000.0,105.60072326660156
2016-02-19,117.33000183105469,114.41999816894531,117.30999755859375,115.16000366210938,6920600.0,103.43609619140625
2016-02-22,118.97000122070312,115.16000366210938,115.16000366210938,117.38999938964844,4930300.0,105.43904876708984
2016-02-23,118.5,115.93000030517578,116.97000122070312,116.9000015258789,3762300.0,104.9989242553711
2016-02-24,115.95999908447266,112.51000213623047,115.37000274658203,115.58999633789062,6859300.0,103.82230377197266
2016-02-25,117.5999984741211,115.77999877929688,116.3499984741211,116.81999969482422,4667100.0,104.92707061767578
2016-02-26,119.44999694824219,117.5,117.75,118.16000366210938,3757800.0,106.13066864013672
2016-02-29,119.47000122070312,117.5,118.12000274658203,118.18000030517578,4569700.0,106.14862060546875
2016-03-01,120.98999786376953,118.25,119.01000213623047,119.95999908447266,4595400.0,107.74742126464844
2016-03-02,120.75,118.5,119.62999725341797,119.6500015258789,4292500.0,107.468994140625
2016-03-03,119.7300033569336,118.25,118.83999633789062,119.61000061035156,3404600.0,107.43304443359375
2016-03-04,122.2300033569336,119.8499984741211,120.16999816894531,121.06999969482422,4421500.0,108.74440002441406
2016-03-07,123.31999969482422,120.56999969482422,120.80000305175781,122.9000015258789,4504700.0,110.38811492919922
2016-03-08,122.97000122070312,121.30999755859375,121.9800033569336,122.3499984741211,5257300.0,109.89409637451172
2016-03-09,123.26000213623047,122.02999877929688,122.37999725341797,122.86000061035156,3380300.0,110.3521728515625
2016-03-10,123.81999969482422,121.43000030517578,123.13999938964844,122.94000244140625,4111300.0,110.42402648925781
2016-03-11,125.5,123.86000061035156,124.12999725341797,124.62999725341797,3260100.0,111.94197845458984
2016-03-14,127.0,123.86000061035156,123.93000030517578,126.33999633789062,4283400.0,113.47789001464844
2016-03-15,126.37000274658203,124.20999908447266,125.55000305175781,126.36000061035156,3717500.0,113.49586486816406
2016-03-16,128.1300048828125,125.75,126.23999786376953,127.56999969482422,5154700.0,114.58268737792969
2016-03-17,131.60000610351562,127.41999816894531,128.07000732421875,130.6999969482422,5801000.0,117.3940200805664
2016-03-18,134.67999267578125,131.00999450683594,131.24000549316406,133.9600067138672,9108400.0,120.3221435546875
2016-03-21,136.77999877929688,133.38999938964844,133.4600067138672,135.86000061035156,5671400.0,122.02870178222656
2016-03-22,136.10000610351562,134.77999877929688,135.13999938964844,135.1199951171875,4989000.0,121.36405181884766
2016-03-23,135.0,132.74000549316406,134.99000549316406,132.86000061035156,4361200.0,119.3341293334961
2016-03-24,132.22999572753906,130.02999877929688,131.61000061035156,132.1199951171875,4573100.0,118.66944885253906
2016-03-28,132.6199951171875,130.5500030517578,132.52999877929688,131.2899932861328,3352200.0,117.92394256591797
2016-03-29,130.92999267578125,128.17999267578125,129.8300018310547,130.8800048828125,4910200.0,117.55570220947266
2016-03-30,132.72999572753906,128.02000427246094,131.47999572753906,128.5800018310547,5949000.0,115.48986053466797
2016-03-31,128.3800048828125,125.25,128.08999633789062,126.94000244140625,8758300.0,114.01679992675781
2016-04-01,127.08999633789062,125.11000061035156,126.2300033569336,126.95999908447266,5328000.0,114.03477478027344
2016-04-04,127.97000122070312,125.87999725341797,126.54000091552734,126.33999633789062,5036500.0,113.47789001464844
2016-04-05,128.58999633789062,125.58000183105469,126.1500015258789,127.02999877929688,4660100.0,114.09765625
2016-04-06,128.0399932861328,125.75,127.16000366210938,127.93000030517578,3998000.0,114.9060287475586
2016-04-07,128.94000244140625,126.55999755859375,127.0,127.0,4596300.0,114.07071685791016
2016-04-08,130.02000427246094,127.61000061035156,128.0399932861328,127.87999725341797,3939800.0,114.8611068725586
2016-04-11,129.89999389648438,127.68000030517578,128.25,127.91000366210938,3611700.0,114.8880615234375
2016-04-12,130.3800048828125,126.68000030517578,127.62000274658203,129.47000122070312,4239200.0,116.28925323486328
2016-04-13,131.5,129.80999755859375,130.49000549316406,131.13999938964844,3514800.0,117.7892074584961
2016-04-14,131.9499969482422,130.52999877929688,131.5,130.85000610351562,4527600.0,117.52873992919922
2016-04-15,131.60000610351562,130.67999267578125,130.9499969482422,131.1300048828125,5008700.0,117.78022766113281
2016-04-18,132.25,130.32000732421875,131.1300048828125,131.97000122070312,3056000.0,118.53475952148438
2016-04-19,133.85000610351562,132.2100067138672,132.57000732421875,132.67999267578125,2931000.0,119.17243194580078
2016-04-20,131.36000061035156,128.49000549316406,128.5500030517578,130.57000732421875,6799000.0,117.27726745605469
2016-04-21,132.63999938964844,130.3000030517578,130.97999572753906,130.74000549316406,4799600.0,117.42994689941406
2016-04-22,131.8300018310547,130.5,131.08999633789062,131.0500030517578,3858100.0,117.70838928222656
2016-04-25,131.0,129.30999755859375,130.4499969482422,130.75,4600100.0,117.43893432617188
2016-04-26,133.27000427246094,131.05999755859375,131.25,133.24000549316406,6103400.0,119.67542266845703
2016-04-27,137.88999938964844,131.9499969482422,133.1999969482422,137.0800018310547,6930800.0,123.12450408935547
2016-04-28,137.72000122070312,134.5,136.2899932861328,134.8000030517578,4938800.0,121.07661437988281
2016-04-29,135.22999572753906,132.80999755859375,134.4199981689453,134.8000030517578,3716700.0,121.07661437988281
2016-05-02,135.0,133.22999572753906,134.3800048828125,134.00999450683594,3703800.0,120.36701965332031
2016-05-03,133.30999755859375,131.4600067138672,132.6999969482422,132.49000549316406,4028700.0,119.00179290771484
2016-05-04,132.30999755859375,130.52999877929688,131.58999633789062,130.88999938964844,3340500.0,117.56468963623047
2016-05-05,132.63999938964844,131.1199951171875,131.72999572753906,132.0800018310547,4199200.0,118.63355255126953
2016-05-06,133.6300048828125,131.75999450683594,132.11000061035156,133.25999450683594,2466000.0,119.69338989257812
2016-05-09,133.80999755859375,131.82000732421875,132.8000030517578,132.10000610351562,3431100.0,118.65151977539062
2016-05-10,135.24000549316406,132.7899932861328,133.17999267578125,134.72000122070312,3382700.0,121.0047836303711
2016-05-11,134.99000549316406,132.94000244140625,133.80999755859375,133.0,3284100.0,120.43428802490234
2016-05-12,135.0399932861328,133.49000549316406,133.49000549316406,134.4199981689453,4591300.0,121.72013854980469
2016-05-13,134.94000244140625,131.91000366210938,133.74000549316406,132.1199951171875,3965900.0,119.63742065429688
2016-05-16,134.41000366210938,131.5500030517578,131.6300048828125,134.13999938964844,3165400.0,121.46659088134766
2016-05-17,134.49000549316406,131.9600067138672,133.6199951171875,132.55999755859375,4032000.0,120.03585052490234
2016-05-18,133.17999267578125,130.33999633789062,132.4499969482422,130.99000549316406,4060400.0,118.61419677734375
2016-05-19,130.42999267578125,127.08999633789062,130.24000549316406,128.0800018310547,5061600.0,115.97911834716797
2016-05-20,129.25,127.20999908447266,129.1300048828125,127.38999938964844,3297700.0,115.35431671142578
2016-05-23,128.41000366210938,125.87999725341797,127.4000015258789,127.58000183105469,3977700.0,115.52637481689453
2016-05-24,128.80999755859375,126.31999969482422,127.76000213623047,127.5,5102400.0,115.45391082763672
2016-05-25,129.77999877929688,127.37000274658203,128.0,128.86000061035156,4656700.0,116.68541717529297
2016-05-26,129.89999389648438,128.32000732421875,128.47999572753906,129.30999755859375,2586300.0,117.09291076660156
2016-05-27,129.6999969482422,128.8300018310547,128.9600067138672,129.22000122070312,3043700.0,117.01141357421875
2016-05-31,129.97999572753906,126.04000091552734,129.8800048828125,126.1500015258789,6894400.0,114.23147583007812
2016-06-01,126.5,124.77999877929688,126.0,126.41000366210938,4679600.0,114.46690368652344
2016-06-02,127.02999877929688,125.31999969482422,126.6500015258789,126.8499984741211,4802100.0,114.86532592773438
2016-06-03,127.58000183105469,125.94999694824219,126.41999816894531,127.37999725341797,5485600.0,115.34525299072266
2016-06-06,132.0800018310547,127.44999694824219,127.5999984741211,131.89999389648438,6996200.0,119.43821716308594
2016-06-07,133.38999938964844,131.82000732421875,132.41000366210938,131.92999267578125,4424000.0,119.46537017822266
2016-06-08,133.52999877929688,132.0399932861328,132.52000427246094,133.0,3883700.0,120.43428802490234
2016-06-09,133.82000732421875,131.9199981689453,132.10000610351562,133.10000610351562,3811200.0,120.52484893798828
2016-06-10,132.1199951171875,130.3699951171875,131.75999450683594,131.13999938964844,3828600.0,118.74999237060547
2016-06-13,131.50999450683594,129.8800048828125,130.7899932861328,129.9199981689453,3645000.0,117.64529418945312
2016-06-14,130.60000610351562,128.5,129.6300048828125,130.5,3717000.0,118.17049407958984
2016-06-15,131.75999450683594,129.97000122070312,130.8800048828125,130.16000366210938,3324800.0,117.86260223388672
2016-06-16,129.88999938964844,126.9000015258789,129.32000732421875,129.3699951171875,4066100.0,117.14723205566406
2016-06-17,129.99000549316406,128.80999755859375,129.8300018310547,129.82000732421875,6739600.0,117.55474853515625
2016-06-20,133.89999389648438,131.2100067138672,131.36000061035156,132.75,4331900.0,120.20790100097656
2016-06-21,133.27999877929688,131.49000549316406,133.19000244140625,131.52000427246094,2841100.0,119.09410858154297
2016-06-22,133.16000366210938,131.5800018310547,132.10000610351562,131.77000427246094,2640800.0,119.32051086425781
2016-06-23,134.5500030517578,132.72999572753906,133.91000366210938,133.5500030517578,4113900.0,120.93233489990234
2016-06-24,129.38999938964844,126.20999908447266,128.13999938964844,126.5199966430664,9707300.0,114.5665054321289
2016-06-27,125.75,122.3499984741211,125.68000030517578,122.69999694824219,6169000.0,111.107421875
2016-06-28,124.76000213623047,122.69999694824219,124.5,123.88999938964844,4438100.0,112.18498229980469
2016-06-29,127.31999969482422,124.16000366210938,125.48999786376953,126.98999786376953,4916700.0,114.99211120605469
2016-06-30,129.8699951171875,127.08000183105469,127.08000183105469,129.8699951171875,4110800.0,117.60001373291016
2016-07-01,130.33999633789062,129.16000366210938,129.5399932861328,129.69000244140625,3247900.0,117.43701171875
2016-07-05,129.0,126.62999725341797,128.42999267578125,126.97000122070312,4829400.0,114.9739990234375
2016-07-06,127.30999755859375,123.95999908447266,127.25,126.95999908447266,3981700.0,114.96493530273438
2016-07-07,128.1699981689453,126.26000213623047,126.91999816894531,127.16999816894531,3049400.0,115.15509796142578
2016-07-08,130.4600067138672,127.66000366210938,128.60000610351562,130.08999633789062,3597800.0,117.79922485351562
2016-07-11,133.25,130.8000030517578,130.83999633789062,132.0399932861328,3929900.0,119.56499481201172
2016-07-12,133.0,130.3300018310547,132.8000030517578,130.80999755859375,4318400.0,118.45118713378906
2016-07-13,131.38999938964844,129.3699951171875,131.27999877929688,130.11000061035156,3061400.0,117.81732940673828
2016-07-14,131.9199981689453,130.1999969482422,131.6300048828125,131.5500030517578,3984100.0,119.12128448486328
2016-07-15,132.75,131.4499969482422,131.8000030517578,132.38999938964844,2944900.0,119.88191223144531
2016-07-18,133.88999938964844,131.9499969482422,132.3800048828125,133.42999267578125,3338400.0,120.82366180419922
2016-07-19,135.6699981689453,132.8300018310547,132.91000366210938,134.66000366210938,3390000.0,121.93744659423828
2016-07-20,135.17999267578125,134.0399932861328,134.5500030517578,134.72000122070312,2669400.0,121.99180603027344
2016-07-21,134.97999572753906,133.02999877929688,134.75999450683594,133.52999877929688,2814100.0,120.91421508789062
2016-07-22,133.49000549316406,130.57000732421875,131.75,133.47000122070312,4844900.0,120.85987091064453
2016-07-25,133.3000030517578,132.3800048828125,133.17999267578125,132.94000244140625,3078600.0,120.37995147705078
2016-07-26,134.97000122070312,132.50999450683594,132.89999389648438,134.85000610351562,4667300.0,122.10950469970703
2016-07-27,139.4499969482422,135.7100067138672,136.13999938964844,135.9600067138672,5661700.0,123.11463165283203
2016-07-28,135.86000061035156,132.5500030517578,135.39999389648438,133.00999450683594,5142400.0,120.44331359863281
2016-07-29,133.8000030517578,132.3000030517578,133.0500030517578,133.66000366210938,3559100.0,121.03193664550781
2016-08-01,134.22999572753906,132.6999969482422,133.2100067138672,133.2100067138672,3067300.0,120.62444305419922
2016-08-02,133.39999389648438,131.35000610351562,132.9499969482422,131.60000610351562,3156800.0,119.16656494140625
2016-08-03,132.4499969482422,131.6199951171875,131.77000427246094,131.8699951171875,2359300.0,119.41106414794922
2016-08-04,132.5500030517578,130.9600067138672,132.0,131.2100067138672,3008500.0,118.81340789794922
2016-08-05,132.44000244140625,131.00999450683594,132.2100067138672,131.72999572753906,3119500.0,119.28426361083984
2016-08-08,132.9499969482422,131.75,132.13999938964844,132.19000244140625,2443800.0,119.7008285522461
2016-08-09,132.99000549316406,132.22999572753906,132.72999572753906,132.6199951171875,3013900.0,120.0901870727539
2016-08-10,133.52999877929688,131.7100067138672,132.10000610351562,132.27999877929688,2642200.0,120.77495574951172
2016-08-11,133.55999755859375,132.3000030517578,132.85000610351562,133.0,2275700.0,121.43230438232422
2016-08-12,133.77999877929688,132.6300048828125,132.89999389648438,133.10000610351562,2522600.0,121.52362823486328
2016-08-15,135.0,133.5500030517578,133.6999969482422,134.66000366210938,2812600.0,122.94795989990234
2016-08-16,135.2100067138672,133.39999389648438,134.14999389648438,135.0,2759200.0,123.25837707519531
2016-08-17,134.99000549316406,134.11000061035156,134.85000610351562,134.72000122070312,2854600.0,123.00275421142578
2016-08-18,135.9600067138672,134.52999877929688,134.72000122070312,135.0,2030800.0,123.25837707519531
2016-08-19,135.0,133.83999633789062,134.5,134.44000244140625,1922600.0,122.7470703125
2016-08-22,135.6699981689453,133.83999633789062,134.3000030517578,134.99000549316406,2520500.0,123.2492446899414
2016-08-23,136.3699951171875,133.63999938964844,135.32000732421875,134.13999938964844,3481900.0,122.47317504882812
2016-08-24,134.64999389648438,133.07000732421875,134.00999450683594,133.2899932861328,2135900.0,121.69710540771484
2016-08-25,133.3000030517578,132.4199981689453,133.3000030517578,132.97999572753906,1921400.0,121.4140625
2016-08-26,134.0800018310547,131.82000732421875,133.5,132.22999572753906,1973700.0,120.72930145263672
2016-08-29,133.5800018310547,132.32000732421875,132.72000122070312,132.89999389648438,2380000.0,121.34103393554688
2016-08-30,133.44000244140625,130.67999267578125,133.19000244140625,130.80999755859375,3437300.0,119.43280792236328
2016-08-31,130.8300018310547,129.13999938964844,130.8300018310547,129.4499969482422,3639200.0,118.19109344482422
2016-09-01,130.02999877929688,128.36000061035156,130.02999877929688,129.89999389648438,2807200.0,118.60195922851562
2016-09-02,131.9600067138672,130.5800018310547,130.88999938964844,131.16000366210938,2631000.0,119.75238037109375
2016-09-06,132.99000549316406,131.27000427246094,131.6300048828125,132.99000549316406,4151800.0,121.42318725585938
2016-09-07,133.0800018310547,132.0,132.47999572753906,132.63999938964844,2198700.0,121.10365295410156
2016-09-08,132.91000366210938,131.50999450683594,132.32000732421875,132.89999389648438,2618300.0,121.34103393554688
2016-09-09,131.94000244140625,128.52000427246094,131.94000244140625,128.52999877929688,4892900.0,117.35111236572266
2016-09-12,130.67999267578125,126.30999755859375,126.87999725341797,130.1199951171875,6381100.0,118.80282592773438
2016-09-13,130.02000427246094,128.25999450683594,129.22000122070312,128.75999450683594,4552400.0,117.56111145019531
2016-09-14,129.30999755859375,127.33999633789062,128.91000366210938,127.66999816894531,3955400.0,116.56590270996094
2016-09-15,128.4600067138672,126.94000244140625,127.56999969482422,127.7699966430664,3462400.0,116.6572036743164
2016-09-16,127.70999908447266,126.33999633789062,127.70999908447266,126.69999694824219,8035600.0,115.6802749633789
2016-09-19,128.3000030517578,127.2699966430664,127.5,127.4800033569336,3168100.0,116.39244079589844
2016-09-20,128.5,127.56999969482422,127.94999694824219,127.79000091552734,2639300.0,116.67547607421875
2016-09-21,130.6300048828125,128.17999267578125,128.17999267578125,130.55999755859375,3227800.0,119.20455169677734
2016-09-22,132.47999572753906,131.1699981689453,131.4499969482422,131.8699951171875,3253100.0,120.40061950683594
2016-09-23,132.2899932861328,131.00999450683594,131.25,131.77999877929688,2330700.0,120.31843566894531
2016-09-26,131.5800018310547,130.42999267578125,131.07000732421875,130.57000732421875,2219900.0,119.21366882324219
2016-09-27,131.74000549316406,129.86000061035156,130.2899932861328,131.32000732421875,1939000.0,119.89845275878906
2016-09-28,132.36000061035156,130.58999633789062,131.58999633789062,132.22999572753906,1773000.0,120.72930145263672
2016-09-29,132.77999877929688,130.67999267578125,131.8000030517578,131.02999877929688,2199400.0,119.6336669921875
2016-09-30,132.6300048828125,131.27000427246094,132.08999633789062,131.74000549316406,3118900.0,120.28192138671875
2016-10-03,132.72000122070312,130.74000549316406,131.27999877929688,132.3800048828125,2439400.0,120.86624908447266
2016-10-04,133.22999572753906,131.69000244140625,132.77000427246094,132.25,2829200.0,120.74756622314453
2016-10-05,134.89999389648438,132.5500030517578,132.92999267578125,134.66000366210938,3137500.0,122.94795989990234
2016-10-06,135.0,133.67999267578125,134.8300018310547,134.4199981689453,3614900.0,122.72881317138672
2016-10-07,134.66000366210938,132.5399932861328,133.92999267578125,133.85000610351562,4302000.0,122.20838928222656
2016-10-10,136.8699951171875,134.58999633789062,134.58999633789062,135.83999633789062,3343300.0,124.02532196044922
2016-10-11,135.69000244140625,133.27000427246094,134.94000244140625,133.74000549316406,3607300.0,122.10797882080078
2016-10-12,134.27999877929688,133.0,133.75999450683594,133.16000366210938,2264200.0,121.57841491699219
2016-10-13,133.92999267578125,131.38999938964844,132.4199981689453,133.3800048828125,3544200.0,121.779296875
2016-10-14,135.25,133.47999572753906,134.55999755859375,133.5,2317400.0,121.88887023925781
2016-10-17,135.3800048828125,133.3300018310547,133.5,134.0,2435100.0,122.34538269042969
2016-10-18,135.74000549316406,134.9199981689453,135.02999877929688,135.10000610351562,2271000.0,123.34972381591797
2016-10-19,136.9499969482422,135.3300018310547,135.4199981689453,136.17999267578125,2265900.0,124.33575439453125
2016-10-20,136.75,135.3699951171875,135.9199981689453,135.83999633789062,2539700.0,124.02532196044922
2016-10-21,136.19000244140625,134.25,134.72000122070312,135.6300048828125,2205000.0,123.83360290527344
2016-10-24,138.8800048828125,136.41000366210938,136.41000366210938,137.4499969482422,3814200.0,125.49530029296875
2016-10-25,139.4199981689453,137.35000610351562,137.52999877929688,139.02000427246094,5209100.0,126.92877197265625
2016-10-26,146.19000244140625,136.72000122070312,138.42999267578125,145.5399932861328,13272000.0,132.8816680908203
2016-10-27,146.22999572753906,141.77999877929688,145.8300018310547,143.30999755859375,7857100.0,130.84561157226562
2016-10-28,144.0,142.1699981689453,143.72000122070312,143.00999450683594,4636100.0,130.57171630859375
2016-10-31,143.35000610351562,142.14999389648438,143.0500030517578,142.42999267578125,3075900.0,130.0421600341797
2016-11-01,143.89999389648438,141.80999755859375,142.9499969482422,142.41000366210938,3245000.0,130.02391052246094
2016-11-02,142.8699951171875,140.58999633789062,142.0,140.75,2782100.0,128.50828552246094
2016-11-03,140.89999389648438,139.35000610351562,140.75999450683594,140.02000427246094,2280800.0,127.84175872802734
2016-11-04,140.85000610351562,138.8000030517578,139.11000061035156,139.5399932861328,2951500.0,127.4035415649414
2016-11-07,143.10000610351562,141.49000549316406,141.5,143.02999877929688,3228200.0,130.5899658203125
2016-11-08,143.30999755859375,141.2899932861328,141.9199981689453,142.1999969482422,2823800.0,130.8291778564453
2016-11-09,145.85000610351562,141.5399932861328,141.60000610351562,145.08999633789062,5494400.0,134.51918029785156
2016-11-10,149.33999633789062,146.38999938964844,146.50999450683594,147.69000244140625,6508300.0,136.92977905273438
2016-11-11,148.60000610351562,146.55999755859375,147.1199951171875,148.52000427246094,3585200.0,137.69931030273438
2016-11-14,150.08999633789062,148.2100067138672,148.2100067138672,149.99000549316406,4490900.0,139.0622100830078
2016-11-15,149.4499969482422,147.19000244140625,148.44000244140625,148.11000061035156,3856600.0,137.31918334960938
2016-11-16,148.41000366210938,146.13999938964844,147.3000030517578,146.44000244140625,3559700.0,135.7708740234375
2016-11-17,147.1199951171875,145.0,146.8300018310547,145.3300018310547,3656100.0,134.74172973632812
2016-11-18,146.60000610351562,144.4600067138672,145.17999267578125,146.35000610351562,2214400.0,135.6874237060547
2016-11-21,148.49000549316406,146.52000427246094,147.2100067138672,147.02000427246094,2825900.0,136.30860900878906
2016-11-22,149.75999450683594,147.8800048828125,147.89999389648438,149.52000427246094,3770000.0,138.62646484375
2016-11-23,150.80999755859375,149.02999877929688,149.61000061035156,149.74000549316406,2857500.0,138.8304443359375
2016-11-25,150.14999389648438,149.02999877929688,150.0,150.0399932861328,962300.0,139.1085662841797
2016-11-28,150.08999633789062,148.32000732421875,149.0,149.77000427246094,4728800.0,138.85824584960938
2016-11-29,152.11000061035156,149.11000061035156,149.8300018310547,151.63999938964844,3945600.0,140.5919952392578
2016-11-30,153.0800018310547,150.55999755859375,151.58999633789062,150.55999755859375,3991000.0,139.59071350097656
2016-12-01,152.69000244140625,150.38999938964844,150.74000549316406,152.38999938964844,2843900.0,141.28738403320312
2016-12-02,152.49000549316406,151.1199951171875,152.4499969482422,152.25,2105600.0,141.15756225585938
2016-12-05,153.75,151.85000610351562,153.24000549316406,152.16000366210938,2855900.0,141.07411193847656
2016-12-06,152.63999938964844,150.02000427246094,150.83999633789062,152.24000549316406,3476300.0,141.14828491210938
2016-12-07,154.30999755859375,151.07000732421875,151.6699981689453,154.13999938964844,2955800.0,142.90985107421875
2016-12-08,155.97000122070312,154.13999938964844,154.60000610351562,155.38999938964844,2928400.0,144.06878662109375
2016-12-09,156.8800048828125,155.4199981689453,155.64999389648438,156.49000549316406,2707900.0,145.08865356445312
2016-12-12,158.0,154.3000030517578,156.0,157.16000366210938,4250600.0,145.70982360839844
2016-12-13,160.07000732421875,154.8800048828125,159.10000610351562,156.66000366210938,5650400.0,145.24627685546875
2016-12-14,156.3699951171875,154.17999267578125,156.22999572753906,154.47000122070312,3640200.0,143.2157745361328
2016-12-15,155.24000549316406,153.05999755859375,153.92999267578125,153.77000427246094,2889300.0,142.56683349609375
2016-12-16,156.0,153.13999938964844,153.8800048828125,154.5,5888300.0,143.24365234375
2016-12-19,157.10000610351562,155.07000732421875,155.16000366210938,156.17999267578125,3002800.0,144.80123901367188
2016-12-20,157.88999938964844,155.9499969482422,156.9600067138672,156.38999938964844,2270100.0,144.9959259033203
2016-12-21,158.5,156.64999389648438,156.69000244140625,157.47999572753906,2326000.0,146.00648498535156
2016-12-22,158.99000549316406,156.25,158.5,157.4600067138672,3958500.0,145.98797607421875
2016-12-23,158.27000427246094,156.50999450683594,158.27000427246094,157.80999755859375,2135800.0,146.31248474121094
2016-12-27,158.47999572753906,156.91000366210938,158.41000366210938,157.47999572753906,1858700.0,146.00648498535156
2016-12-28,157.35000610351562,156.00999450683594,157.1199951171875,156.10000610351562,1810400.0,144.7270965576172
2016-12-29,156.75,155.16000366210938,156.0,155.69000244140625,1804000.0,144.34693908691406
2016-12-30,156.7899932861328,154.9600067138672,156.49000549316406,155.67999267578125,2027700.0,144.33763122558594
2017-01-03,157.13999938964844,155.2100067138672,156.3000030517578,156.97000122070312,3426100.0,145.53367614746094
2017-01-04,159.22999572753906,157.80999755859375,157.80999755859375,158.6199951171875,3189800.0,147.0634765625
2017-01-05,159.6999969482422,157.39999389648438,158.41000366210938,158.7100067138672,2796000.0,147.1469268798828
2017-01-06,159.66000366210938,157.88999938964844,158.97999572753906,159.10000610351562,2426000.0,147.50851440429688
2017-01-09,159.24000549316406,158.1699981689453,159.0,158.32000732421875,2839400.0,146.78530883789062
2017-01-10,159.94000244140625,158.57000732421875,158.9600067138672,159.07000732421875,2988300.0,147.4806671142578
2017-01-11,159.6999969482422,158.27999877929688,159.5399932861328,159.39999389648438,2416500.0,147.78660583496094
2017-01-12,159.16000366210938,156.6699981689453,159.14999389648438,158.2899932861328,3020500.0,146.7574920654297
2017-01-13,159.5800018310547,158.33999633789062,158.74000549316406,158.8300018310547,2435400.0,147.25814819335938
2017-01-17,159.0399932861328,157.22999572753906,158.1999969482422,157.6699981689453,2758800.0,146.18267822265625
2017-01-18,159.0500030517578,156.75,157.5500030517578,158.32000732421875,2087000.0,146.78530883789062
2017-01-19,159.8699951171875,157.91000366210938,158.8699951171875,159.0,3144000.0,147.41574096679688
2017-01-20,160.3000030517578,158.22999572753906,159.80999755859375,159.52999877929688,3384500.0,147.9071807861328
2017-01-23,159.5,157.2899932861328,158.94000244140625,157.83999633789062,3931200.0,146.3402862548828
2017-01-24,160.92999267578125,157.83999633789062,158.5800018310547,160.5500030517578,3927500.0,148.85284423828125
2017-01-25,168.64999389648438,163.24000549316406,163.58999633789062,167.36000061035156,7480000.0,155.16668701171875
2017-01-26,170.0,167.25,167.25,169.1199951171875,5436800.0,156.79844665527344
2017-01-27,169.8000030517578,167.00999450683594,169.2100067138672,167.6999969482422,4883200.0,155.48191833496094
2017-01-30,165.99000549316406,163.82000732421875,165.9199981689453,165.57000732421875,5456300.0,153.50709533691406
2017-01-31,165.10000610351562,163.22000122070312,164.9600067138672,163.4199981689453,5350700.0,151.5137481689453
2017-02-01,165.80999755859375,163.1199951171875,164.25,163.97000122070312,3138000.0,152.02369689941406
2017-02-02,163.97000122070312,160.82000732421875,163.22000122070312,162.25999450683594,3791700.0,150.43824768066406
2017-02-03,163.55999755859375,162.30999755859375,162.99000549316406,162.39999389648438,2981700.0,150.56809997558594
2017-02-06,164.0800018310547,162.3800048828125,162.4199981689453,163.97999572753906,3110500.0,152.03294372558594
2017-02-07,167.4199981689453,164.8699951171875,165.0,166.5,4243200.0,154.3693389892578
2017-02-08,165.24000549316406,163.69000244140625,165.0,163.80999755859375,3041600.0,153.18174743652344
2017-02-09,165.08999633789062,164.05999755859375,164.6699981689453,164.27999877929688,3451100.0,153.62124633789062
2017-02-10,166.4499969482422,164.47000122070312,165.25,166.22999572753906,2689700.0,155.4447479248047
2017-02-13,169.07000732421875,166.35000610351562,166.4499969482422,168.02999877929688,3765000.0,157.12794494628906
2017-02-14,168.8000030517578,167.22000122070312,167.6999969482422,168.5,2580300.0,157.5674285888672
2017-02-15,169.9499969482422,168.35000610351562,168.4199981689453,169.3000030517578,4033200.0,158.31553649902344
2017-02-16,170.80999755859375,168.75,169.74000549316406,170.80999755859375,3070100.0,159.72756958007812
2017-02-17,173.25,170.39999389648438,170.41000366210938,172.7100067138672,4982900.0,161.5043182373047
2017-02-21,176.1699981689453,173.67999267578125,173.9199981689453,175.55999755859375,4231700.0,164.16940307617188
2017-02-22,175.75,174.00999450683594,174.97999572753906,175.36000061035156,2832100.0,163.9823455810547
2017-02-23,177.0,175.6999969482422,175.97000122070312,176.86000061035156,3502600.0,165.3850555419922
2017-02-24,178.8000030517578,176.10000610351562,176.75,177.44000244140625,4197200.0,165.9274139404297
2017-02-27,179.8800048828125,177.5500030517578,178.0,179.42999267578125,2892600.0,167.78831481933594
2017-02-28,181.92999267578125,179.6699981689453,180.33999633789062,180.22999572753906,4785100.0,168.53636169433594
2017-03-01,184.8000030517578,181.82000732421875,181.85000610351562,183.91000366210938,5461800.0,171.97764587402344
2017-03-02,185.7100067138672,182.97000122070312,184.0,182.99000549316406,4909000.0,171.1173553466797
2017-03-03,183.5800018310547,181.4499969482422,182.99000549316406,182.17999267578125,3917500.0,170.35984802246094
2017-03-06,182.3000030517578,180.42999267578125,181.39999389648438,180.92999267578125,4244000.0,169.19094848632812
2017-03-07,182.83999633789062,180.6199951171875,180.63999938964844,182.02000427246094,2452000.0,170.21022033691406
2017-03-08,182.69000244140625,181.49000549316406,182.39999389648438,181.74000549316406,2321700.0,169.9484100341797
2017-03-09,182.58999633789062,179.5800018310547,181.42999267578125,180.57000732421875,3100500.0,168.85433959960938
2017-03-10,181.97000122070312,177.9199981689453,181.89999389648438,178.6999969482422,4595600.0,167.1056671142578
2017-03-13,179.19000244140625,177.07000732421875,177.16000366210938,179.0500030517578,3499000.0,167.43296813964844
2017-03-14,179.69000244140625,177.7100067138672,178.5399932861328,178.72999572753906,2346700.0,167.1337127685547
2017-03-15,179.24000549316406,177.97000122070312,179.0,178.7100067138672,3569000.0,167.11502075195312
2017-03-16,180.0,177.63999938964844,179.82000732421875,178.19000244140625,3100700.0,166.62872314453125
2017-03-17,180.3800048828125,178.1699981689453,178.30999755859375,180.10000610351562,5037400.0,168.41482543945312
2017-03-20,180.14999389648438,179.13999938964844,180.10000610351562,179.38999938964844,2062200.0,167.75088500976562
2017-03-21,180.25,175.5,179.99000549316406,175.9600067138672,3239600.0,164.54342651367188
2017-03-22,177.10000610351562,175.5,175.9600067138672,176.97999572753906,2505700.0,165.49725341796875
2017-03-23,177.85000610351562,176.58999633789062,177.33999633789062,177.25999450683594,2006400.0,165.75909423828125
2017-03-24,177.52999877929688,174.77000427246094,176.85000610351562,175.82000732421875,2386800.0,164.4125213623047
2017-03-27,176.44000244140625,173.75,174.3699951171875,176.10000610351562,2750700.0,164.67434692382812
2017-03-28,177.67999267578125,175.0,176.2899932861328,177.36000061035156,2412600.0,165.8526153564453
2017-03-29,177.99000549316406,176.97000122070312,177.39999389648438,177.6300048828125,1640600.0,166.10508728027344
2017-03-30,178.49000549316406,177.22000122070312,177.25,177.97999572753906,1737200.0,166.432373046875
2017-03-31,178.17999267578125,176.80999755859375,178.02000427246094,176.86000061035156,2032700.0,165.3850555419922
2017-04-03,177.72999572753906,175.5,177.0800018310547,176.64999389648438,2934800.0,165.1886444091797
2017-04-04,178.7899932861328,176.75999450683594,176.8800048828125,178.6999969482422,2326500.0,167.1056671142578
2017-04-05,180.17999267578125,176.88999938964844,179.0,177.0800018310547,2567200.0,165.59075927734375
2017-04-06,178.22000122070312,177.1199951171875,177.55999755859375,177.3699951171875,2343600.0,165.8619384765625
2017-04-07,179.08999633789062,177.25999450683594,178.38999938964844,178.85000610351562,2806900.0,167.2459259033203
2017-04-10,179.97000122070312,177.47999572753906,179.0,177.55999755859375,2309300.0,166.0396270751953
2017-04-11,178.60000610351562,176.9600067138672,177.5,178.57000732421875,2266300.0,166.98410034179688
2017-04-12,178.25,175.94000244140625,178.25,176.0500030517578,2922700.0,164.62759399414062
2017-04-13,176.8800048828125,175.55999755859375,175.74000549316406,175.6199951171875,2024100.0,164.22544860839844
2017-04-17,179.0800018310547,175.64999389648438,175.83999633789062,179.02000427246094,2450200.0,167.40489196777344
2017-04-18,179.97000122070312,177.1199951171875,178.58999633789062,177.85000610351562,2960200.0,166.31082153320312
2017-04-19,179.89999389648438,178.16000366210938,178.47000122070312,178.39999389648438,2124500.0,166.8251190185547
2017-04-20,179.82000732421875,178.35000610351562,178.74000549316406,179.3000030517578,2335200.0,167.66673278808594
2017-04-21,180.92999267578125,179.4199981689453,179.4199981689453,180.3800048828125,3146600.0,168.67666625976562
2017-04-24,182.4600067138672,181.61000061035156,181.75,182.05999755859375,3141900.0,170.24766540527344
2017-04-25,183.85000610351562,182.52999877929688,182.52999877929688,183.50999450683594,3735400.0,171.60357666015625
2017-04-26,183.0,180.11000061035156,182.30999755859375,181.7100067138672,4471600.0,169.9203643798828
2017-04-27,183.75999450683594,182.58999633789062,182.58999633789062,183.22000122070312,3129100.0,171.33238220214844
2017-04-28,184.92999267578125,183.02000427246094,183.4199981689453,184.8300018310547,2181600.0,172.8379364013672
2017-05-01,184.49000549316406,181.8000030517578,184.22999572753906,182.38999938964844,3516700.0,170.55625915527344
2017-05-02,183.91000366210938,182.52999877929688,182.5399932861328,183.44000244140625,1979800.0,171.53811645507812
2017-05-03,183.75,182.25,183.4499969482422,183.38999938964844,2983200.0,171.4913787841797
2017-05-04,184.25,182.17999267578125,183.3300018310547,183.07000732421875,2289300.0,171.192138671875
2017-05-05,185.07000732421875,183.16000366210938,183.16000366210938,185.00999450683594,2636900.0,173.0062713623047
2017-05-08,186.38999938964844,185.0,185.3800048828125,186.02000427246094,1963400.0,173.95069885253906
2017-05-09,187.2100067138672,186.0500030517578,186.11000061035156,186.91000366210938,3004000.0,174.78302001953125
2017-05-10,185.64999389648438,178.17999267578125,185.13999938964844,183.17999267578125,7060100.0,172.60629272460938
2017-05-11,184.3300018310547,182.1699981689453,182.89999389648438,183.94000244140625,2883800.0,173.32244873046875
2017-05-12,183.97999572753906,182.6300048828125,183.7100067138672,183.25,3479200.0,172.6722869873047
2017-05-15,184.11000061035156,182.27999877929688,183.3000030517578,182.38999938964844,3365000.0,171.86196899414062
2017-05-16,183.14999389648438,182.0399932861328,182.72999572753906,182.6999969482422,2156100.0,172.154052734375
2017-05-17,182.6999969482422,178.67999267578125,182.6999969482422,178.77999877929688,2535700.0,168.46029663085938
2017-05-18,178.5,175.47000122070312,178.47999572753906,177.39999389648438,3118100.0,167.15992736816406
2017-05-19,181.4199981689453,176.77000427246094,177.72999572753906,180.75999450683594,4038900.0,170.32598876953125
2017-05-22,185.32000732421875,182.52000427246094,183.77999877929688,183.6699981689453,2946800.0,173.0680389404297
2017-05-23,184.4600067138672,182.86000061035156,184.0,183.49000549316406,2123800.0,172.89845275878906
2017-05-24,185.39999389648438,183.4600067138672,183.4600067138672,185.25,2424700.0,174.55685424804688
2017-05-25,187.4199981689453,185.58999633789062,185.6300048828125,187.07000732421875,2363300.0,176.2718048095703
2017-05-26,187.61000061035156,186.27000427246094,186.72999572753906,186.58999633789062,1735800.0,175.81948852539062
2017-05-30,187.4199981689453,186.19000244140625,186.75999450683594,186.8800048828125,2231600.0,176.09275817871094
2017-05-31,188.25999450683594,186.72000122070312,187.3699951171875,187.6300048828125,5186700.0,176.79945373535156
2017-06-01,187.91000366210938,184.52999877929688,187.41000366210938,187.32000732421875,2870200.0,176.50733947753906
2017-06-02,191.6999969482422,187.64999389648438,187.82000732421875,190.22999572753906,3034300.0,179.24937438964844
2017-06-05,190.74000549316406,188.80999755859375,190.07000732421875,188.9499969482422,2522100.0,178.0432586669922
2017-06-06,188.86000061035156,186.69000244140625,188.41000366210938,186.75,2725000.0,175.9702606201172
2017-06-07,188.5399932861328,186.38999938964844,186.85000610351562,188.10000610351562,2383500.0,177.2423095703125
2017-06-08,191.07000732421875,187.6999969482422,188.10000610351562,189.92999267578125,2340300.0,178.96669006347656
2017-06-09,190.99000549316406,189.25,190.0,190.02999877929688,3344900.0,179.0609130859375
2017-06-12,190.52999877929688,188.0500030517578,190.3000030517578,190.0,2730100.0,179.03265380859375
2017-06-13,191.55999755859375,189.35000610351562,190.0500030517578,191.08999633789062,1882700.0,180.05972290039062
2017-06-14,193.3800048828125,190.82000732421875,191.0500030517578,192.3800048828125,2210000.0,181.2752685546875
2017-06-15,195.5500030517578,191.3699951171875,191.42999267578125,195.4499969482422,2894100.0,184.16806030273438
2017-06-16,197.9499969482422,195.80999755859375,196.00999450683594,196.44000244140625,6939100.0,185.1009063720703
2017-06-19,199.47000122070312,197.0,197.8800048828125,199.0800018310547,2726400.0,187.58856201171875
2017-06-20,201.24000549316406,198.30999755859375,198.75,198.3300018310547,3077400.0,186.8818359375
2017-06-21,199.7100067138672,197.55999755859375,199.5800018310547,199.1699981689453,3151100.0,187.67332458496094
2017-06-22,200.41000366210938,199.17999267578125,199.25,199.44000244140625,3339300.0,187.927734375
2017-06-23,202.35000610351562,198.67999267578125,199.25999450683594,202.22999572753906,4310100.0,190.55670166015625
2017-06-26,204.38999938964844,199.94000244140625,202.77000427246094,199.97999572753906,3077600.0,188.4365692138672
2017-06-27,200.9199981689453,198.88999938964844,199.8000030517578,198.88999938964844,2296900.0,187.40953063964844
2017-06-28,200.9499969482422,199.3000030517578,199.5,199.6199951171875,2096800.0,188.0973663330078
2017-06-29,199.75999450683594,196.4499969482422,199.6199951171875,197.4600067138672,2428900.0,186.06204223632812
2017-06-30,199.44000244140625,197.38999938964844,198.5,197.75,2225600.0,186.33529663085938
2017-07-03,199.44000244140625,197.75,198.07000732421875,198.58999633789062,1511200.0,187.1267852783203
2017-07-05,202.13999938964844,198.86000061035156,199.3000030517578,201.80999755859375,2716700.0,190.1609649658203
2017-07-06,202.49000549316406,200.77999877929688,201.63999938964844,201.47999572753906,2737400.0,189.8500213623047
2017-07-07,203.27999877929688,201.25999450683594,202.24000549316406,202.3699951171875,3090400.0,190.68861389160156
2017-07-10,204.5800018310547,202.19000244140625,202.32000732421875,203.9600067138672,2701900.0,192.18687438964844
2017-07-11,206.66000366210938,204.0,204.0,206.27000427246094,2815800.0,194.363525390625
2017-07-12,208.61000061035156,206.32000732421875,206.9499969482422,206.44000244140625,2817400.0,194.523681640625
2017-07-13,207.0,205.35000610351562,206.8000030517578,206.22999572753906,1943600.0,194.32579040527344
2017-07-14,208.72999572753906,206.74000549316406,206.8000030517578,208.50999450683594,3229000.0,196.4741973876953
2017-07-17,209.72000122070312,208.55999755859375,208.72999572753906,209.0,2416000.0,196.9359130859375
2017-07-18,209.19000244140625,207.52999877929688,209.11000061035156,208.24000549316406,1942300.0,196.2198028564453
2017-07-19,210.92999267578125,208.99000549316406,209.42999267578125,210.8800048828125,2258400.0,198.7073974609375
2017-07-20,211.25,209.9199981689453,211.10000610351562,210.27999877929688,2235100.0,198.1420135498047
2017-07-21,212.1999969482422,209.41000366210938,209.99000549316406,212.13999938964844,2098400.0,199.89466857910156
2017-07-24,212.63999938964844,211.39999389648438,212.0,212.17999267578125,2392700.0,199.93234252929688
2017-07-25,214.0,211.9499969482422,213.22000122070312,212.4600067138672,2889000.0,200.19622802734375
2017-07-26,233.97999572753906,223.02000427246094,223.47999572753906,233.4499969482422,14140000.0,219.97459411621094
2017-07-27,242.67999267578125,236.6999969482422,237.1300048828125,241.0,10860600.0,227.08877563476562
2017-07-28,242.0,238.5500030517578,240.82000732421875,241.27000427246094,4602400.0,227.34323120117188
2017-07-31,246.49000549316406,241.82000732421875,241.85000610351562,242.4600067138672,5777300.0,228.4645233154297
2017-08-01,243.99000549316406,239.16000366210938,243.3800048828125,239.44000244140625,5018400.0,225.61883544921875
2017-08-02,241.55999755859375,237.8800048828125,239.05999755859375,237.9499969482422,5119900.0,224.21482849121094
2017-08-03,239.58999633789062,236.0399932861328,237.05999755859375,238.25,5112700.0,224.49755859375
2017-08-04,239.72999572753906,236.3800048828125,238.5800018310547,237.7100067138672,5590500.0,223.98870849609375
2017-08-07,241.42999267578125,237.2100067138672,237.60000610351562,240.22999572753906,3674700.0,226.3632354736328
2017-08-08,240.52000427246094,238.92999267578125,239.91000366210938,239.5,4871500.0,225.6753692626953
2017-08-09,238.6999969482422,234.10000610351562,238.00999450683594,234.30999755859375,5680400.0,222.101806640625
2017-08-10,236.16000366210938,231.91000366210938,234.02999877929688,232.8800048828125,6817700.0,220.74630737304688
2017-08-11,235.39999389648438,230.94000244140625,232.75999450683594,234.8800048828125,3461700.0,222.64210510253906
2017-08-14,237.47999572753906,235.72000122070312,236.00999450683594,237.14999389648438,2953500.0,224.7938232421875
2017-08-15,239.63999938964844,236.00999450683594,237.2100067138672,239.1699981689453,2851100.0,226.7085723876953
2017-08-16,240.25999450683594,237.41000366210938,239.6999969482422,237.58999633789062,3012700.0,225.21090698242188
2017-08-17,237.60000610351562,235.25,237.3800048828125,235.58999633789062,2810900.0,223.31509399414062
2017-08-18,237.25999450683594,234.57000732421875,235.0,235.77000427246094,2939500.0,223.48570251464844
2017-08-21,236.94000244140625,234.35000610351562,235.77000427246094,235.67999267578125,2545400.0,223.40040588378906
2017-08-22,239.88999938964844,236.11000061035156,236.16000366210938,239.75,2915700.0,227.25836181640625
2017-08-23,239.36000061035156,237.19000244140625,239.36000061035156,238.08999633789062,2518300.0,225.6848602294922
2017-08-24,238.89999389648438,236.60000610351562,238.52000427246094,238.74000549316406,2553100.0,226.3009796142578
2017-08-25,239.08999633789062,235.60000610351562,239.0,235.88999938964844,2270300.0,223.5994873046875
2017-08-28,237.5500030517578,234.61000061035156,236.22000122070312,237.17999267578125,2395000.0,224.822265625
2017-08-29,241.1699981689453,236.0800018310547,237.2100067138672,240.49000549316406,3535500.0,227.95980834960938
2017-08-30,241.44000244140625,239.0,240.99000549316406,240.4600067138672,2801100.0,227.931396484375
2017-08-31,241.10000610351562,238.41000366210938,241.0,239.66000366210938,3075800.0,227.17303466796875
2017-09-01,242.52999877929688,239.1699981689453,239.66000366210938,240.3300018310547,3270700.0,227.8081512451172
2017-09-05,240.36000061035156,236.22999572753906,240.3000030517578,237.0,3866600.0,224.65164184570312
2017-09-06,237.86000061035156,234.33999633789062,237.52999877929688,234.6199951171875,4252700.0,222.39561462402344
2017-09-07,236.5399932861328,234.2899932861328,234.75,236.30999755859375,2994500.0,223.9976043701172
2017-09-08,239.38999938964844,235.2100067138672,235.75,238.77999877929688,3404200.0,226.33888244628906
2017-09-11,241.85000610351562,239.30999755859375,239.5,240.58999633789062,3628100.0,228.0546112060547
2017-09-12,241.7100067138672,238.9499969482422,240.58999633789062,240.5800018310547,2702700.0,228.04510498046875
2017-09-13,243.47999572753906,237.08999633789062,240.0,241.92999267578125,4529100.0,229.3247833251953
2017-09-14,245.61000061035156,242.5,243.0,245.22999572753906,4995200.0,232.4528350830078
2017-09-15,249.9499969482422,246.2100067138672,247.36000061035156,249.0,9033300.0,236.02639770507812
2017-09-18,253.7899932861328,248.91000366210938,249.97000122070312,253.0800018310547,5193000.0,239.8938446044922
2017-09-19,255.1699981689453,251.6300048828125,253.0800018310547,252.4600067138672,4124700.0,239.30613708496094
2017-09-20,256.69000244140625,252.25,253.25999450683594,255.4600067138672,3853200.0,242.14981079101562
2017-09-21,256.989990234375,254.4199981689453,256.1300048828125,256.0400085449219,2809400.0,242.69960021972656
2017-09-22,259.29998779296875,256.1300048828125,256.30999755859375,256.45001220703125,3475600.0,243.0882568359375
2017-09-25,256.9700012207031,251.5,256.9700012207031,254.32000732421875,3479200.0,241.06919860839844
2017-09-26,256.4800109863281,253.5399932861328,254.60000610351562,253.6999969482422,2173600.0,240.4815216064453
2017-09-27,258.7699890136719,253.97000122070312,255.27000427246094,255.27999877929688,3840100.0,241.9792022705078
2017-09-28,255.8000030517578,251.1699981689453,254.11000061035156,254.27000427246094,2586100.0,241.02183532714844
2017-09-29,255.25999450683594,252.58999633789062,253.85000610351562,254.2100067138672,2531100.0,240.96495056152344
2017-10-02,255.99000549316406,253.52999877929688,254.64999389648438,255.99000549316406,2685100.0,242.65220642089844
2017-10-03,258.260009765625,254.69000244140625,255.99000549316406,255.4600067138672,3163400.0,242.14981079101562
2017-10-04,257.1300048828125,254.07000732421875,256.1199951171875,255.75999450683594,3031000.0,242.43417358398438
2017-10-05,258.989990234375,254.77999877929688,255.27999877929688,258.8900146484375,3940200.0,245.40113830566406
2017-10-06,258.8999938964844,257.05999755859375,258.0,258.5799865722656,2736400.0,245.1072235107422
2017-10-09,259.0,257.1099853515625,259.0,258.3900146484375,2146100.0,244.92718505859375
2017-10-10,261.05999755859375,257.20001220703125,259.739990234375,260.92999267578125,2740700.0,247.33482360839844
2017-10-11,261.6499938964844,259.0199890136719,261.32000732421875,261.44000244140625,2890300.0,247.8182373046875
2017-10-12,262.9800109863281,260.0,260.95001220703125,261.9100036621094,2577900.0,248.26376342773438
2017-10-13,263.7900085449219,260.739990234375,262.8999938964844,260.739990234375,2243900.0,247.1547393798828
2017-10-16,262.0,259.69000244140625,261.5,259.75,1818900.0,246.21629333496094
2017-10-17,259.04998779296875,256.260009765625,256.489990234375,258.6199951171875,2515900.0,245.14517211914062
2017-10-18,260.7300109863281,256.6600036621094,258.4700012207031,260.0400085449219,2051700.0,246.49124145507812
2017-10-19,259.1000061035156,256.0299987792969,258.9800109863281,259.0400085449219,2589200.0,245.54330444335938
2017-10-20,264.8299865722656,259.44000244140625,260.3599853515625,264.75,3955900.0,250.9557647705078
2017-10-23,265.9800109863281,262.1400146484375,265.1300048828125,262.32000732421875,3302400.0,248.65245056152344
2017-10-24,267.2099914550781,263.239990234375,263.239990234375,266.0,4401600.0,252.14065551757812
2017-10-25,266.0,254.5,264.7799987792969,258.4200134277344,7895300.0,244.95559692382812
2017-10-26,261.44000244140625,257.30999755859375,259.7200012207031,259.2699890136719,3419100.0,245.76132202148438
2017-10-27,259.5,255.8000030517578,258.260009765625,256.4599914550781,2899200.0,243.0977020263672
2017-10-30,260.4100036621094,255.3300018310547,255.4499969482422,259.25,3025900.0,245.7423553466797
2017-10-31,259.92999267578125,257.4700012207031,259.3399963378906,257.9800109863281,2742800.0,244.53855895996094
2017-11-01,259.4100036621094,256.239990234375,258.2900085449219,258.5,2929500.0,245.0314178466797
2017-11-02,263.239990234375,258.0,258.30999755859375,262.6300048828125,2529900.0,248.9462890625
2017-11-03,263.7900085449219,260.0799865722656,262.4200134277344,261.75,2610800.0,248.1121063232422
2017-11-06,265.8399963378906,262.5299987792969,262.6199951171875,264.07000732421875,2911600.0,250.31121826171875
2017-11-07,267.2799987792969,264.07000732421875,264.07000732421875,266.1300048828125,3205400.0,252.2638702392578
2017-11-08,267.6199951171875,265.2900085449219,266.1400146484375,265.57000732421875,2841800.0,251.73306274414062
2017-11-09,266.75,259.55999755859375,265.010009765625,262.70001220703125,3215900.0,250.3512420654297
2017-11-10,262.5,259.6000061035156,262.1099853515625,260.8500061035156,1740600.0,248.5882110595703
2017-11-13,263.3599853515625,260.489990234375,261.6700134277344,262.4200134277344,2604100.0,250.0844268798828
2017-11-14,262.3999938964844,260.20001220703125,262.0,261.760009765625,2358200.0,249.45541381835938
2017-11-15,264.7699890136719,260.1499938964844,261.4200134277344,262.8599853515625,2510500.0,250.50369262695312
2017-11-16,265.0400085449219,263.3399963378906,263.760009765625,263.70001220703125,2710200.0,251.3042449951172
2017-11-17,263.739990234375,262.0299987792969,262.82000732421875,262.260009765625,1724800.0,249.931884765625
2017-11-20,265.6199951171875,262.760009765625,263.0,264.6300048828125,2447400.0,252.19053649902344
2017-11-21,267.0,264.7099914550781,266.239990234375,266.989990234375,2267100.0,254.43955993652344
2017-11-22,267.4800109863281,264.5299987792969,267.0,265.1499938964844,1471400.0,252.6860809326172
2017-11-24,266.57000732421875,264.5299987792969,265.260009765625,265.8800048828125,788900.0,253.38177490234375
2017-11-27,266.8399963378906,264.7200012207031,265.3800048828125,265.5799865722656,1772200.0,253.09585571289062
2017-11-28,268.010009765625,265.2300109863281,267.0,267.989990234375,2262100.0,255.39259338378906
2017-11-29,269.67999267578125,266.1499938964844,269.4800109863281,269.29998779296875,3029100.0,256.6409912109375
2017-11-30,277.0400085449219,269.42999267578125,269.9100036621094,276.79998779296875,4820300.0,263.78839111328125
2017-12-01,278.7300109863281,270.6000061035156,277.510009765625,271.3800048828125,4592500.0,258.6231994628906
2017-12-04,281.8299865722656,276.0,276.1600036621094,277.9700012207031,5523000.0,264.9034423828125
2017-12-05,279.44000244140625,274.8599853515625,279.010009765625,275.5400085449219,2806100.0,262.58770751953125
2017-12-06,279.1400146484375,274.0,276.5799865722656,278.2699890136719,2538100.0,265.18927001953125
2017-12-07,284.7900085449219,277.79998779296875,282.80999755859375,281.9700012207031,4264400.0,268.7153625488281
2017-12-08,287.32000732421875,283.55999755859375,285.010009765625,285.8999938964844,4440500.0,272.46063232421875
2017-12-11,286.489990234375,279.8999938964844,286.2099914550781,283.1600036621094,4065200.0,269.8494873046875
2017-12-12,292.79998779296875,287.7200012207031,291.3399963378906,289.94000244140625,5517600.0,276.310791015625
2017-12-13,295.8500061035156,289.70001220703125,290.5,291.8399963378906,5003300.0,278.12139892578125
2017-12-14,296.82000732421875,292.6000061035156,293.3500061035156,293.8800048828125,3913400.0,280.0655822753906
2017-12-15,297.3699951171875,293.0199890136719,295.8699951171875,293.94000244140625,6933500.0,280.1227111816406
2017-12-18,297.1400146484375,294.5199890136719,296.0,296.1400146484375,2901600.0,282.2193298339844
2017-12-19,297.5799865722656,294.17999267578125,296.5,297.25,2728400.0,283.2771301269531
2017-12-20,299.3299865722656,297.1099853515625,298.70001220703125,297.8999938964844,2533700.0,283.89654541015625
2017-12-21,298.3900146484375,294.1300048828125,298.04998779296875,295.0299987792969,5398300.0,281.1614990234375
2017-12-22,296.5199890136719,293.010009765625,296.3299865722656,295.1000061035156,2257400.0,281.22821044921875
2017-12-26,297.44000244140625,294.6499938964844,295.5400085449219,295.3599853515625,1394700.0,281.4759216308594
2017-12-27,296.79998779296875,294.79998779296875,296.4100036621094,295.6199951171875,1447800.0,281.72369384765625
2017-12-28,296.989990234375,294.739990234375,295.80999755859375,296.3500061035156,1436800.0,282.41943359375
2017-12-29,297.29998779296875,294.8299865722656,296.94000244140625,294.9100036621094,1824600.0,281.0471496582031
2018-01-02,296.989990234375,295.3999938964844,295.75,296.8399963378906,2978900.0,282.8863830566406
2018-01-03,298.5,295.4700012207031,295.94000244140625,297.79998779296875,3211200.0,283.8012390136719
2018-01-04,298.4200134277344,295.4700012207031,297.94000244140625,296.6700134277344,4171700.0,282.7243957519531
2018-01-05,308.8900146484375,296.7200012207031,296.7699890136719,308.8399963378906,6177700.0,294.3222961425781
2018-01-08,310.8599853515625,305.75,308.6600036621094,310.1499938964844,4124900.0,295.57073974609375
2018-01-09,319.9100036621094,310.489990234375,310.5899963378906,318.42999267578125,5641300.0,303.4615173339844
2018-01-10,322.1499938964844,315.5,317.489990234375,320.260009765625,4479300.0,305.20550537109375
2018-01-11,328.3999938964844,321.19000244140625,322.1300048828125,328.1199951171875,4635300.0,312.6960144042969
2018-01-12,336.8800048828125,330.3800048828125,330.3800048828125,336.2099914550781,6559300.0,320.40570068359375
2018-01-16,347.7300109863281,331.3299865722656,339.8999938964844,335.1600036621094,12305500.0,319.40509033203125
2018-01-17,352.2300109863281,336.4100036621094,337.7300109863281,351.010009765625,9699900.0,334.5100402832031
2018-01-18,350.8299865722656,339.1499938964844,350.70001220703125,340.1600036621094,9458600.0,324.1700744628906
2018-01-19,344.0,335.75,341.6700134277344,337.7300109863281,7264400.0,321.85430908203125
2018-01-22,341.3800048828125,332.0400085449219,335.2900085449219,338.0,6792900.0,322.111572265625
2018-01-23,338.94000244140625,334.80999755859375,338.3399963378906,335.5899963378906,4537800.0,319.8148498535156
2018-01-24,338.989990234375,334.1400146484375,336.20001220703125,334.69000244140625,4205400.0,318.9571838378906
2018-01-25,343.6199951171875,335.29998779296875,336.2099914550781,343.1099853515625,4747500.0,326.9814147949219
2018-01-26,345.9800109863281,341.25,344.3299865722656,343.2200012207031,5236300.0,327.0862121582031
2018-01-29,344.4800109863281,340.1000061035156,341.2300109863281,340.82000732421875,3324900.0,324.7990417480469
2018-01-30,339.9800109863281,334.1600036621094,339.1700134277344,337.7099914550781,4983100.0,321.8352355957031
2018-01-31,360.9700012207031,351.6199951171875,360.5,354.3699951171875,11409600.0,337.71209716796875
2018-02-01,361.45001220703125,352.0400085449219,352.95001220703125,356.94000244140625,6067600.0,340.1612854003906
2018-02-02,355.20001220703125,348.70001220703125,354.0,348.9100036621094,5486100.0,332.50872802734375
2018-02-05,350.0,317.3900146484375,342.6700134277344,328.8800048828125,10511300.0,313.4203186035156
2018-02-06,341.6700134277344,317.6499938964844,320.0,340.9100036621094,11935100.0,324.8847961425781
2018-02-07,353.5899963378906,339.8699951171875,340.5199890136719,348.1199951171875,7946700.0,331.7558898925781
2018-02-08,349.0,329.3999938964844,348.0,329.6600036621094,8295900.0,315.7144775390625
2018-02-09,337.80999755859375,319.25,333.54998779296875,332.8299865722656,8833000.0,318.75030517578125
2018-02-12,347.75,335.1300048828125,336.57000732421875,343.79998779296875,6885000.0,329.2562255859375
2018-02-13,347.8800048828125,340.2900085449219,340.45001220703125,343.1600036621094,4030200.0,328.6433410644531
2018-02-14,347.42999267578125,341.1700134277344,341.3399963378906,344.8500061035156,4340200.0,330.2618408203125
2018-02-15,356.54998779296875,348.04998779296875,348.4700012207031,356.4599914550781,5827500.0,341.38079833984375
2018-02-16,359.5,353.510009765625,356.5899963378906,355.0400085449219,5211600.0,340.02081298828125
2018-02-20,357.7900085449219,351.3999938964844,352.0,353.3500061035156,4303400.0,338.4023132324219
2018-02-21,360.80999755859375,351.75,352.55999755859375,352.3699951171875,5258600.0,337.4637451171875
2018-02-22,358.07000732421875,352.6400146484375,354.6499938964844,355.9200134277344,3414300.0,340.86358642578125
2018-02-23,358.7699890136719,353.07000732421875,358.17999267578125,356.6600036621094,3355400.0,341.5722961425781
2018-02-26,364.04998779296875,358.2099914550781,359.5,363.4800109863281,4148100.0,348.103759765625
2018-02-27,369.8900146484375,363.29998779296875,364.6000061035156,364.6400146484375,4774100.0,349.2146911621094
2018-02-28,371.6000061035156,362.2099914550781,366.79998779296875,362.2099914550781,5472900.0,346.887451171875
2018-03-01,362.739990234375,346.3999938964844,362.3299865722656,349.69000244140625,8978000.0,334.8971252441406
2018-03-02,346.0899963378906,335.29998779296875,341.82000732421875,344.6700134277344,10021300.0,330.0895080566406
2018-03-05,354.7699890136719,336.6099853515625,338.0,352.75,8140200.0,337.82763671875
2018-03-06,355.2099914550781,346.0199890136719,354.239990234375,348.9200134277344,4888300.0,334.1596984863281
2018-03-07,348.4100036621094,339.5,341.5199890136719,347.0400085449219,4575700.0,332.3592224121094
2018-03-08,352.5,343.95001220703125,349.510009765625,348.7300109863281,4319900.0,333.9777526855469
2018-03-09,354.8900146484375,350.2300109863281,352.6499938964844,354.5199890136719,3538300.0,339.5228271484375
2018-03-12,355.2300109863281,343.260009765625,355.20001220703125,344.19000244140625,6088800.0,329.62982177734375
2018-03-13,347.8800048828125,337.6099853515625,345.32000732421875,338.6700134277344,5443800.0,324.3432922363281
2018-03-14,340.5199890136719,322.29998779296875,339.7900085449219,330.260009765625,13057900.0,316.2890625
2018-03-15,332.9200134277344,322.9100036621094,332.29998779296875,329.9800109863281,8766000.0,316.02093505859375
2018-03-16,330.8299865722656,325.6300048828125,329.82000732421875,330.4700012207031,9329000.0,316.49017333984375
2018-03-19,333.3299865722656,326.7799987792969,327.45001220703125,331.760009765625,6328900.0,317.7256164550781
2018-03-20,339.70001220703125,331.0,331.8399963378906,337.6300048828125,6500500.0,323.3472900390625
2018-03-21,341.9100036621094,335.1700134277344,337.07000732421875,337.1000061035156,4056300.0,322.8397216796875
2018-03-22,332.67999267578125,319.010009765625,330.1099853515625,319.6099853515625,7282200.0,306.08953857421875
2018-03-23,331.1400146484375,318.32000732421875,320.1499938964844,321.0,7237500.0,307.4207763671875
2018-03-26,331.94000244140625,323.5899963378906,330.4800109863281,328.9700012207031,5392900.0,315.0536193847656
2018-03-27,334.8800048828125,319.0,331.510009765625,321.1199951171875,5355500.0,307.5357360839844
2018-03-28,323.239990234375,311.1700134277344,321.8500061035156,320.0199890136719,5634700.0,306.4822082519531
2018-03-29,330.4800109863281,322.0,323.3800048828125,327.8800048828125,3652100.0,314.009765625
2018-04-02,329.94000244140625,317.1700134277344,325.20001220703125,322.44000244140625,5024900.0,308.79986572265625
2018-04-03,331.1000061035156,323.0899963378906,324.760009765625,330.82000732421875,4783100.0,316.8254089355469
2018-04-04,327.80999755859375,311.8800048828125,312.29998779296875,327.44000244140625,8235700.0,313.58837890625
2018-04-05,338.9599914550781,330.260009765625,330.5899963378906,336.3999938964844,6220000.0,322.1693115234375
2018-04-06,334.5899963378906,322.2099914550781,330.6099853515625,326.1199951171875,5713600.0,312.32421875
2018-04-09,334.8800048828125,322.04998779296875,332.25,322.4800109863281,4931700.0,308.8381652832031
2018-04-10,336.69000244140625,329.54998779296875,331.3500061035156,334.8299865722656,5552000.0,320.6657409667969
2018-04-11,337.57000732421875,326.30999755859375,331.6000061035156,327.3599853515625,4573500.0,313.5117492675781
2018-04-12,338.3500061035156,330.4599914550781,331.9800109863281,337.4800109863281,4325000.0,323.2036437988281
2018-04-13,339.6700134277344,326.6000061035156,338.989990234375,329.2799987792969,4733500.0,315.35052490234375
2018-04-16,333.2200012207031,327.6300048828125,332.3399963378906,331.7699890136719,3901400.0,317.73516845703125
2018-04-17,339.739990234375,333.6499938964844,334.7300109863281,336.7200012207031,3381800.0,322.4757995605469
2018-04-18,342.3999938964844,337.17999267578125,338.3299865722656,341.0,3117500.0,326.57476806640625
2018-04-19,342.4100036621094,337.5,340.19000244140625,340.6400146484375,3006800.0,326.2300109863281
2018-04-20,341.3999938964844,335.04998779296875,340.7300109863281,338.6700134277344,3038000.0,324.3432922363281
2018-04-23,341.260009765625,336.0,339.54998779296875,338.8399963378906,2765600.0,324.506103515625
2018-04-24,347.6700134277344,323.2799987792969,343.1700134277344,329.05999755859375,7051800.0,315.1398010253906
2018-04-25,344.9100036621094,330.5199890136719,338.1199951171875,342.8599853515625,11023600.0,328.35601806640625
2018-04-26,345.6499938964844,338.3299865722656,344.010009765625,342.7900085449219,5273600.0,328.2890319824219
2018-04-27,342.9200134277344,337.7699890136719,341.25,340.8800048828125,3390400.0,326.4598083496094
2018-04-30,342.5799865722656,333.3999938964844,341.1700134277344,333.55999755859375,3721600.0,319.449462890625
2018-05-01,333.9100036621094,324.17999267578125,332.5,329.5400085449219,4313100.0,315.59954833984375
2018-05-02,330.7099914550781,323.9800109863281,329.5,324.19000244140625,3436100.0,310.4758605957031
2018-05-03,332.6300048828125,319.1300048828125,322.9700012207031,330.69000244140625,6383200.0,316.70086669921875
2018-05-04,335.8900146484375,328.0400085449219,328.0400085449219,334.42999267578125,3655100.0,320.28265380859375
2018-05-07,342.9800109863281,335.2099914550781,335.2300109863281,340.42999267578125,4192200.0,326.0288391113281
2018-05-08,341.94000244140625,336.6099853515625,339.7699890136719,338.3699951171875,4014100.0,324.0559997558594
2018-05-09,346.92999267578125,338.5799865722656,339.489990234375,344.5,4347000.0,329.9266662597656
2018-05-10,348.57000732421875,342.4100036621094,343.989990234375,344.07000732421875,3920400.0,331.1586608886719
2018-05-11,345.4200134277344,341.04998779296875,343.7699890136719,342.4599914550781,2332200.0,329.60906982421875
2018-05-14,347.739990234375,343.8900146484375,344.0,344.5899963378906,2520300.0,331.6591491699219
2018-05-15,343.8500061035156,340.260009765625,343.0,342.1199951171875,3009100.0,329.2818298339844
2018-05-16,343.55999755859375,340.29998779296875,342.0,340.9700012207031,2230100.0,328.1749572753906
2018-05-17,344.7699890136719,340.25,340.4700012207031,344.1400146484375,2483300.0,331.2259826660156
2018-05-18,352.04998779296875,345.19000244140625,345.6000061035156,351.2300109863281,4327700.0,338.0499267578125
2018-05-21,365.0,358.45001220703125,358.4599914550781,363.9200134277344,6785400.0,350.2637939453125
2018-05-22,364.8500061035156,354.5199890136719,364.0,355.0199890136719,5389400.0,341.69775390625
2018-05-23,359.6000061035156,351.6199951171875,352.2799987792969,359.2099914550781,4497500.0,345.7304992675781
2018-05-24,360.6600036621094,354.3699951171875,358.45001220703125,359.0,3932100.0,345.52838134765625
2018-05-25,360.6000061035156,357.04998779296875,358.1199951171875,360.0899963378906,2463700.0,346.5774841308594
2018-05-29,360.9700012207031,350.6600036621094,357.7099914550781,352.4800109863281,4249600.0,339.2530212402344
2018-05-30,358.9200134277344,354.1000061035156,355.6499938964844,358.19000244140625,2825200.0,344.748779296875
2018-05-31,356.8299865722656,351.6199951171875,356.8299865722656,352.1600036621094,4406300.0,338.9450378417969
2018-06-01,358.1499938964844,354.4599914550781,355.7900085449219,356.7200012207031,2657800.0,343.33392333984375
2018-06-04,363.3900146484375,358.8500061035156,358.9700012207031,360.7300109863281,2950300.0,347.1934814453125
2018-06-05,363.3699951171875,358.8500061035156,360.5,360.1000061035156,2567800.0,346.58709716796875
2018-06-06,371.6000061035156,360.989990234375,362.4599914550781,371.55999755859375,4488400.0,357.6170349121094
2018-06-07,374.4800109863281,366.04998779296875,372.0,368.5299987792969,4517800.0,354.7007751464844
2018-06-08,371.4200134277344,365.4599914550781,368.1400146484375,369.5,3292900.0,355.6343078613281
2018-06-11,373.3299865722656,368.79998779296875,371.0,370.94000244140625,2468500.0,357.02032470703125
2018-06-12,372.7300109863281,367.989990234375,371.239990234375,370.6199951171875,2440400.0,356.71234130859375
2018-06-13,371.0,363.2900085449219,370.6700134277344,363.8500061035156,3867600.0,350.1963806152344
2018-06-14,367.6400146484375,358.8299865722656,366.1499938964844,362.4200134277344,4039500.0,348.8200988769531
2018-06-15,361.6600036621094,353.4700012207031,358.1499938964844,357.8800048828125,9946000.0,344.4504089355469
2018-06-18,357.6499938964844,352.3699951171875,353.19000244140625,354.739990234375,3363200.0,341.4281921386719
2018-06-19,347.1700134277344,338.57000732421875,347.1700134277344,341.1199951171875,6857300.0,328.3193359375
2018-06-20,346.9800109863281,340.4599914550781,346.0,342.69000244140625,4540000.0,329.83038330078125
2018-06-21,341.1499938964844,336.20001220703125,341.1499938964844,337.6600036621094,4048300.0,324.9891662597656
2018-06-22,340.94000244140625,336.6000061035156,340.42999267578125,338.9100036621094,3192000.0,326.1922607421875
2018-06-25,333.8500061035156,327.6000061035156,332.5199890136719,331.20001220703125,5006200.0,318.7716064453125
2018-06-26,334.3999938964844,330.4800109863281,332.3900146484375,331.29998779296875,3112400.0,318.86785888671875
2018-06-27,341.4200134277344,329.760009765625,334.8500061035156,329.82000732421875,4578900.0,317.44342041015625
2018-06-28,337.5400085449219,327.2900085449219,330.0,334.6499938964844,3348000.0,322.0921325683594
2018-06-29,340.0,335.3599853515625,337.19000244140625,335.510009765625,3108500.0,322.9198303222656
2018-07-02,336.3299865722656,329.32000732421875,330.69000244140625,336.0799865722656,2820700.0,323.4684753417969
2018-07-03,339.69000244140625,332.0,338.17999267578125,332.92999267578125,1464400.0,320.4366760253906
2018-07-05,337.2799987792969,329.1000061035156,336.1499938964844,333.17999267578125,2427900.0,320.67730712890625
2018-07-06,336.1000061035156,330.45001220703125,332.8399963378906,334.6400146484375,2105100.0,322.08258056640625
2018-07-09,343.0400085449219,336.510009765625,337.5,341.9200134277344,3128700.0,329.08935546875
2018-07-10,348.0,342.7799987792969,342.7799987792969,347.1600036621094,3278300.0,334.13262939453125
2018-07-11,344.3900146484375,339.19000244140625,341.7300109863281,340.6000061035156,3056900.0,327.81884765625
2018-07-12,346.6000061035156,342.739990234375,345.2799987792969,346.0299987792969,2030700.0,333.0450744628906
2018-07-13,351.239990234375,346.20001220703125,347.0,350.7900085449219,2272300.0,337.62646484375
2018-07-16,356.3399963378906,352.3500061035156,353.9700012207031,356.1000061035156,2889000.0,342.7371826171875
2018-07-17,359.0,355.0400085449219,357.6099853515625,356.8800048828125,2730500.0,343.4879455566406
2018-07-18,361.8599853515625,354.260009765625,359.0,360.2300109863281,3090100.0,346.7122497558594
2018-07-19,359.3900146484375,355.260009765625,357.69000244140625,355.3299865722656,2711700.0,341.99609375
2018-07-20,356.989990234375,353.0,353.0400085449219,354.8999938964844,1816700.0,341.58221435546875
2018-07-23,355.0,352.3900146484375,355.0,353.2699890136719,1943700.0,340.01336669921875
2018-07-24,359.4700012207031,354.6400146484375,356.75,358.2699890136719,3182000.0,344.82574462890625
2018-07-25,356.29998779296875,345.5,351.5199890136719,355.9200134277344,7378100.0,342.5639343261719
2018-07-26,360.20001220703125,355.2699890136719,355.3800048828125,359.32000732421875,3191200.0,345.8363342285156
2018-07-27,364.5400085449219,359.4700012207031,361.05999755859375,360.6499938964844,2914700.0,347.116455078125
2018-07-30,362.45001220703125,350.4700012207031,361.989990234375,351.05999755859375,3080400.0,337.8863220214844
2018-07-31,359.0199890136719,354.05999755859375,354.3800048828125,356.29998779296875,2728400.0,342.9296875
2018-08-01,357.9100036621094,350.5,354.0899963378906,352.760009765625,2717800.0,339.5225830078125
2018-08-02,350.7300109863281,346.0299987792969,348.6199951171875,349.7300109863281,2655900.0,336.6062316894531
2018-08-03,350.989990234375,345.6700134277344,349.5,348.44000244140625,2285200.0,335.3646545410156
2018-08-06,347.3699951171875,343.1199951171875,347.3699951171875,346.57000732421875,3251100.0,333.5647888183594
2018-08-07,352.1199951171875,345.5,348.04998779296875,350.760009765625,2267400.0,337.5975646972656
2018-08-08,351.6199951171875,346.25,350.5,347.7799987792969,2333600.0,334.72943115234375
2018-08-09,346.8399963378906,343.1199951171875,346.07000732421875,343.7200012207031,2301800.0,332.4564208984375
2018-08-10,341.0,336.45001220703125,341.0,339.4100036621094,2745700.0,328.28765869140625
2018-08-13,342.1499938964844,337.3399963378906,339.6000061035156,338.3599853515625,1877200.0,327.2720947265625
2018-08-14,340.1499938964844,337.6199951171875,339.1199951171875,339.1400146484375,2017300.0,328.0264892578125
2018-08-15,337.1400146484375,328.0299987792969,336.57000732421875,331.760009765625,3798600.0,320.88836669921875
2018-08-16,347.7200012207031,338.29998779296875,339.05999755859375,345.9800109863281,5867900.0,334.6423645019531
2018-08-17,348.5,341.6700134277344,346.0,346.3999938964844,3069200.0,335.048583984375
2018-08-20,352.6099853515625,347.1000061035156,348.6000061035156,350.739990234375,3018200.0,339.246337890625
2018-08-21,354.45001220703125,349.6300048828125,351.0,353.7699890136719,2967200.0,342.1770935058594
2018-08-22,355.8699951171875,349.8399963378906,354.32000732421875,350.0299987792969,2682900.0,338.55963134765625
2018-08-23,350.2799987792969,345.4599914550781,349.1499938964844,347.4800109863281,1833400.0,336.09320068359375
2018-08-24,350.6300048828125,348.1000061035156,348.7699890136719,349.3800048828125,1954100.0,337.93096923828125
2018-08-27,355.0,351.010009765625,352.1099853515625,353.739990234375,2279500.0,342.1480712890625
2018-08-28,355.67999267578125,350.6099853515625,355.0,351.2099914550781,2475100.0,339.7009582519531
2018-08-29,352.3500061035156,349.2099914550781,352.260009765625,350.19000244140625,1850100.0,338.71441650390625
2018-08-30,350.95001220703125,345.75,350.3500061035156,346.8999938964844,3257700.0,335.5322265625
2018-08-31,345.8500061035156,341.5799865722656,345.04998779296875,342.7900085449219,3462700.0,331.5569152832031
2018-09-04,346.32000732421875,339.2799987792969,341.6000061035156,346.25,2699400.0,334.90350341796875
2018-09-05,347.25,343.1600036621094,345.7699890136719,346.67999267578125,2959000.0,335.31939697265625
2018-09-06,353.3500061035156,346.5799865722656,347.54998779296875,351.2699890136719,3585900.0,339.7590026855469
2018-09-07,350.010009765625,344.4599914550781,348.82000732421875,349.2799987792969,3921900.0,337.834228515625
2018-09-10,350.75,341.67999267578125,349.489990234375,341.8599853515625,3065500.0,330.6573181152344
2018-09-11,346.6199951171875,337.30999755859375,339.010009765625,345.25,2731800.0,333.936279296875
2018-09-12,355.0400085449219,344.6099853515625,345.0,353.4100036621094,4003800.0,341.8288879394531
2018-09-13,360.4200134277344,354.29998779296875,356.3599853515625,355.4599914550781,3166500.0,343.8117370605469
2018-09-14,362.260009765625,356.1000061035156,356.44000244140625,359.79998779296875,2835800.0,348.00946044921875
2018-09-17,361.29998779296875,354.5400085449219,359.2799987792969,355.9599914550781,2554500.0,344.2953186035156
2018-09-18,365.80999755859375,356.1000061035156,357.29998779296875,363.5799865722656,3003500.0,351.6656188964844
2018-09-19,371.2300109863281,363.19000244140625,363.5799865722656,365.2200012207031,4753400.0,353.2518615722656
2018-09-20,371.7300109863281,365.6700134277344,368.739990234375,367.4599914550781,4011100.0,355.4184875488281
2018-09-21,372.57000732421875,366.04998779296875,369.3999938964844,372.2300109863281,7144000.0,360.0322265625
2018-09-24,371.8900146484375,367.3299865722656,371.0,367.989990234375,2800200.0,355.9311218261719
2018-09-25,370.4599914550781,366.8800048828125,369.0799865722656,367.2300109863281,2969200.0,355.1960144042969
2018-09-26,368.55999755859375,364.32000732421875,367.5,365.0299987792969,2368600.0,353.068115234375
2018-09-27,368.9700012207031,364.3999938964844,368.3999938964844,367.3900146484375,2355900.0,355.35076904296875
2018-09-28,374.2200012207031,366.2200012207031,368.6300048828125,371.8999938964844,3600500.0,359.71295166015625
2018-10-01,383.2099914550781,375.0,375.1600036621094,382.2900085449219,4755700.0,369.76251220703125
2018-10-02,388.6199951171875,379.7699890136719,380.8500061035156,386.3699951171875,4622600.0,373.70880126953125
2018-10-03,394.2799987792969,386.69000244140625,388.8999938964844,392.29998779296875,4794300.0,379.4444885253906
2018-10-04,391.0899963378906,385.2900085449219,390.739990234375,389.989990234375,3822300.0,377.2101745605469
2018-10-05,392.3900146484375,383.0299987792969,389.0,386.4700012207031,2899700.0,373.8055419921875
2018-10-08,386.7300109863281,377.3500061035156,383.8399963378906,385.7699890136719,3324000.0,373.12847900390625
2018-10-09,386.82000732421875,381.1400146484375,384.3699951171875,385.44000244140625,2862700.0,372.80926513671875
2018-10-10,383.79998779296875,367.0899963378906,382.9599914550781,367.4700012207031,6033100.0,355.42816162109375
2018-10-11,369.8500061035156,355.1000061035156,363.44000244140625,358.1099853515625,6266800.0,346.3748474121094
2018-10-12,367.1199951171875,352.260009765625,366.010009765625,360.1099853515625,5509700.0,348.309326171875
2018-10-15,362.54998779296875,355.5,359.4599914550781,358.8800048828125,2979800.0,347.11968994140625
2018-10-16,368.57000732421875,358.54998779296875,360.45001220703125,368.25,2822500.0,356.1825866699219
2018-10-17,368.5,362.70001220703125,368.0,365.5,2238200.0,353.5226745605469
2018-10-18,367.760009765625,356.760009765625,364.82000732421875,359.3500061035156,3254900.0,347.5742492675781
2018-10-19,359.8699951171875,354.2099914550781,359.79998779296875,356.260009765625,3491600.0,344.5854797363281
2018-10-22,358.760009765625,352.4599914550781,357.8500061035156,355.9800109863281,2263500.0,344.314697265625
2018-10-23,353.55999755859375,342.8299865722656,349.5,350.04998779296875,4389600.0,338.5789794921875
2018-10-24,364.6000061035156,351.69000244140625,361.5899963378906,354.6499938964844,8442600.0,343.0282287597656
2018-10-25,364.3900146484375,354.9700012207031,357.29998779296875,363.7699890136719,4003500.0,351.8493957519531
2018-10-26,363.29998779296875,354.1199951171875,360.70001220703125,359.2699890136719,4073000.0,347.496826171875
2018-10-29,361.7099914550781,328.6300048828125,360.54998779296875,335.5899963378906,7462000.0,324.59283447265625
2018-10-30,351.04998779296875,329.7699890136719,330.3500061035156,349.9100036621094,5774000.0,338.4435729980469
2018-10-31,363.4100036621094,352.510009765625,352.510009765625,354.8599853515625,4175600.0,343.2313232421875
2018-11-01,364.57000732421875,353.20001220703125,357.4700012207031,363.07000732421875,3760700.0,351.17236328125
2018-11-02,371.5400085449219,356.760009765625,366.9700012207031,357.75,4029800.0,346.02667236328125
2018-11-05,363.2900085449219,356.4800109863281,359.760009765625,361.9800109863281,2253900.0,350.1180725097656
2018-11-06,368.44000244140625,362.1099853515625,362.4100036621094,366.4700012207031,2471900.0,354.4609375
2018-11-07,372.8500061035156,359.5,367.6400146484375,372.0199890136719,4015300.0,359.82904052734375
2018-11-08,373.70001220703125,365.54998779296875,369.3299865722656,370.7699890136719,2751800.0,360.2759704589844
2018-11-09,371.0,366.1199951171875,367.8299865722656,369.3399963378906,2590300.0,358.886474609375
2018-11-12,370.4800109863281,355.989990234375,370.2099914550781,357.0299987792969,3088700.0,346.9248962402344
2018-11-13,355.3800048828125,342.0400085449219,349.54998779296875,349.510009765625,4960000.0,339.61773681640625
2018-11-14,355.8500061035156,343.8900146484375,352.0899963378906,344.7200012207031,3445800.0,334.96331787109375
2018-11-15,347.9800109863281,336.510009765625,341.1199951171875,341.57000732421875,4863000.0,331.9024658203125
2018-11-16,340.19000244140625,331.1600036621094,339.0,335.95001220703125,4425200.0,326.4415588378906
2018-11-19,336.0400085449219,317.20001220703125,335.54998779296875,320.94000244140625,6782800.0,311.85638427734375
2018-11-20,322.17999267578125,296.6099853515625,302.1000061035156,317.70001220703125,6875900.0,308.7080993652344
2018-11-21,326.8900146484375,315.57000732421875,325.07000732421875,317.32000732421875,4401000.0,308.33880615234375
2018-11-23,317.0,311.8699951171875,315.0,312.32000732421875,1599400.0,303.4803161621094
2018-11-26,318.5899963378906,310.6600036621094,315.55999755859375,316.3599853515625,3362300.0,307.406005859375
2018-11-27,318.55999755859375,310.9599914550781,315.2799987792969,318.0299987792969,2946400.0,309.0287780761719
2018-11-28,334.010009765625,321.7300109863281,325.7200012207031,333.5,6117600.0,324.06085205078125
2018-11-29,343.2300109863281,334.05999755859375,335.9700012207031,342.55999755859375,5331900.0,332.8644714355469
2018-11-30,347.5799865722656,337.5,341.94000244140625,346.760009765625,5374000.0,336.94561767578125
2018-12-03,369.0,356.3699951171875,364.30999755859375,359.9599914550781,6573400.0,349.77197265625
2018-12-04,358.32000732421875,341.739990234375,357.0,342.5,5199100.0,332.80615234375
2018-12-06,333.6300048828125,317.29998779296875,329.989990234375,331.8999938964844,9297400.0,322.5061950683594
2018-12-07,337.6099853515625,321.3900146484375,332.3500061035156,323.2200012207031,4526300.0,314.07183837890625
2018-12-10,327.20001220703125,315.510009765625,321.2699890136719,326.3500061035156,4400500.0,317.11328125
2018-12-11,334.489990234375,318.75,333.25,322.0299987792969,3566400.0,312.9154968261719
2018-12-12,331.8999938964844,324.6600036621094,327.3800048828125,326.69000244140625,3424800.0,317.443603515625
2018-12-13,328.739990234375,324.1700134277344,328.3999938964844,325.4700012207031,2247700.0,316.2581787109375
2018-12-14,323.9100036621094,315.55999755859375,322.45001220703125,318.75,3298400.0,309.7283630371094
2018-12-17,327.2200012207031,314.44000244140625,316.9100036621094,316.1300048828125,4968400.0,307.1825256347656
2018-12-18,332.0899963378906,323.20001220703125,325.4599914550781,328.05999755859375,5881100.0,318.77484130859375
2018-12-19,333.4800109863281,316.1000061035156,329.3299865722656,319.54998779296875,4871500.0,310.5057067871094
2018-12-20,321.82000732421875,308.0,317.0,313.04998779296875,5368600.0,304.1896667480469
2018-12-21,314.9700012207031,304.010009765625,309.0899963378906,304.54998779296875,7641700.0,295.9302673339844
2018-12-24,303.0,294.1600036621094,300.6499938964844,294.1600036621094,3435300.0,285.8343200683594
2018-12-26,314.0899963378906,292.4700012207031,298.6099853515625,313.92999267578125,4843400.0,305.0447692871094
2018-12-27,317.1400146484375,302.239990234375,309.0400085449219,317.1400146484375,4341100.0,308.1639099121094
2018-12-28,321.5299987792969,315.1499938964844,319.739990234375,316.3800048828125,3725200.0,307.4254455566406
2018-12-31,323.6400146484375,318.75,320.5,322.5,3557700.0,313.3722229003906
2019-01-02,323.95001220703125,313.7099914550781,316.19000244140625,323.80999755859375,3292200.0,314.6451416015625
2019-01-03,319.739990234375,309.3999938964844,319.489990234375,310.8999938964844,5705600.0,302.1005554199219
2019-01-04,328.44000244140625,316.0799865722656,316.69000244140625,327.0799865722656,4448800.0,317.8226013183594
2019-01-07,330.69000244140625,323.3500061035156,330.5199890136719,328.1099853515625,4030300.0,318.8233947753906
2019-01-08,341.25,332.6499938964844,334.1099853515625,340.5299987792969,4736500.0,330.8919372558594
2019-01-09,347.20001220703125,340.8699951171875,342.9599914550781,343.8299865722656,4213900.0,334.0984802246094
2019-01-10,353.4700012207031,343.0,346.510009765625,352.6099853515625,5358100.0,342.6300048828125
2019-01-11,354.3599853515625,348.0899963378906,348.55999755859375,352.8999938964844,3158900.0,342.9118347167969
2019-01-14,352.80999755859375,347.010009765625,348.20001220703125,350.3599853515625,2476400.0,340.4436950683594
2019-01-15,353.32000732421875,347.9800109863281,352.0,352.239990234375,2940900.0,342.2705078125
2019-01-16,355.0,351.55999755859375,352.5,352.05999755859375,2731100.0,342.0955505371094
2019-01-17,363.8299865722656,350.7300109863281,350.75,359.0899963378906,4270400.0,348.9266357421875
2019-01-18,367.32000732421875,361.32000732421875,363.8800048828125,364.7300109863281,4256500.0,354.4070129394531
2019-01-22,364.20001220703125,354.2300109863281,362.8599853515625,357.8999938964844,4336500.0,347.77032470703125
2019-01-23,362.20001220703125,353.6700134277344,361.9100036621094,358.6099853515625,2924900.0,348.460205078125
2019-01-24,363.17999267578125,356.8999938964844,358.9100036621094,358.2699890136719,2801300.0,348.12982177734375
2019-01-25,366.94000244140625,360.3299865722656,362.489990234375,364.20001220703125,3185600.0,353.8919677734375
2019-01-28,363.1700134277344,357.5,360.6499938964844,362.9700012207031,3128900.0,352.69677734375
2019-01-29,367.7799987792969,362.4100036621094,363.07000732421875,364.9100036621094,3202700.0,354.5819091796875
2019-01-30,391.9700012207031,380.5,387.3999938964844,387.7200012207031,12705300.0,376.74627685546875
2019-01-31,388.989990234375,382.0799865722656,387.1600036621094,385.6199951171875,6878500.0,374.7056884765625
2019-02-01,392.79998779296875,384.7300109863281,386.1099853515625,387.42999267578125,5625700.0,376.4645080566406
2019-02-04,397.07000732421875,388.1199951171875,388.9700012207031,397.0,4256600.0,385.7636413574219
2019-02-05,410.75,399.54998779296875,400.75,410.17999267578125,7230400.0,398.570556640625
2019-02-06,413.8800048828125,405.6600036621094,411.510009765625,411.1099853515625,5356000.0,399.4742431640625
2019-02-07,410.3500061035156,402.2900085449219,407.92999267578125,405.1700134277344,5211400.0,395.6802673339844
2019-02-08,404.9599914550781,397.79998779296875,400.0,404.9100036621094,4570900.0,395.4263610839844
2019-02-11,409.8299865722656,402.69000244140625,408.1000061035156,403.95001220703125,3046900.0,394.4888610839844
2019-02-12,411.2099914550781,405.3999938964844,407.0,410.7200012207031,3263300.0,401.1003112792969
2019-02-13,412.7200012207031,407.6700134277344,412.5199890136719,410.5799865722656,3078700.0,400.9635925292969
2019-02-14,412.2200012207031,407.79998779296875,408.92999267578125,409.82000732421875,2724300.0,400.2213439941406
2019-02-15,418.04998779296875,411.42999267578125,412.4800109863281,417.9700012207031,4017300.0,408.1805114746094
2019-02-19,417.94000244140625,414.5400085449219,415.5,416.260009765625,3051500.0,406.5105285644531
2019-02-20,421.8399963378906,417.1099853515625,417.1400146484375,421.54998779296875,3990100.0,411.6766357421875
2019-02-21,422.4100036621094,415.67999267578125,421.5799865722656,417.5799865722656,2880500.0,407.79962158203125
2019-02-22,424.4700012207031,419.1400146484375,419.70001220703125,424.04998779296875,3132300.0,414.1180725097656
2019-02-25,429.9200134277344,426.5199890136719,427.489990234375,426.8699951171875,3276100.0,416.8720397949219
2019-02-26,429.0,424.25,426.0,426.7699890136719,2503700.0,416.77435302734375
2019-02-27,436.3299865722656,427.1499938964844,427.1700134277344,435.44000244140625,4603800.0,425.2413024902344
2019-02-28,441.4200134277344,437.0799865722656,438.70001220703125,439.9599914550781,5063100.0,429.6554260253906
2019-03-01,446.010009765625,440.19000244140625,446.010009765625,440.6199951171875,5124200.0,430.29998779296875
2019-03-04,444.5,426.6300048828125,443.2200012207031,432.69000244140625,5971000.0,422.55572509765625
2019-03-05,433.8500061035156,428.6400146484375,431.0400085449219,430.1199951171875,2844300.0,420.0458984375
2019-03-06,432.0,422.0799865722656,429.70001220703125,424.4599914550781,4159400.0,414.5184631347656
2019-03-07,434.3500061035156,416.44000244140625,423.3599853515625,422.55999755859375,4893600.0,412.6629638671875
2019-03-08,423.42999267578125,415.5,416.7699890136719,422.5400085449219,3794900.0,412.6434631347656
2019-03-11,402.6700134277344,365.54998779296875,371.2699890136719,400.010009765625,34742200.0,390.6411437988281
2019-03-12,390.0,368.0,384.7099914550781,375.4100036621094,36922600.0,366.6173095703125
2019-03-13,381.7699890136719,363.3299865722656,378.42999267578125,377.1400146484375,32662300.0,368.30682373046875
2019-03-14,380.3900146484375,372.1000061035156,374.989990234375,373.29998779296875,13514100.0,364.55670166015625
2019-03-15,385.7099914550781,366.45001220703125,370.8800048828125,378.989990234375,26697700.0,370.1134338378906
2019-03-18,373.07000732421875,367.20001220703125,370.0,372.2799987792969,13119200.0,363.5606384277344
2019-03-19,378.7699890136719,371.010009765625,371.1400146484375,373.42999267578125,9856100.0,364.6836853027344
2019-03-20,380.79998779296875,373.67999267578125,374.70001220703125,376.1600036621094,8737600.0,367.3497619628906
2019-03-21,377.0,372.2300109863281,374.0400085449219,372.70001220703125,6951000.0,363.9707946777344
2019-03-22,369.8599853515625,361.5299987792969,368.7900085449219,362.1700134277344,10143900.0,353.68743896484375
2019-03-25,371.2099914550781,362.8900146484375,365.0,370.4599914550781,7939600.0,361.783203125
2019-03-26,375.6000061035156,367.6000061035156,375.5799865722656,370.3800048828125,6479700.0,361.7051086425781
2019-03-27,376.6600036621094,365.54998779296875,371.8900146484375,374.2099914550781,9600000.0,365.4454040527344
2019-03-28,376.6600036621094,372.3299865722656,376.6000061035156,374.44000244140625,4921300.0,365.6700439453125
2019-03-29,382.17999267578125,374.739990234375,376.5199890136719,381.4200134277344,7694700.0,372.486572265625
2019-04-01,392.8999938964844,383.1000061035156,385.79998779296875,391.5400085449219,7735700.0,382.3695373535156
2019-04-02,394.8299865722656,388.5,388.5,390.75,6401000.0,381.5979919433594
2019-04-03,391.5400085449219,384.07000732421875,389.67999267578125,384.739990234375,7350300.0,375.728759765625
2019-04-04,397.05999755859375,385.1000061035156,385.989990234375,395.8599853515625,9388100.0,386.5883483886719
2019-04-05,398.6600036621094,390.95001220703125,398.07000732421875,391.92999267578125,6857200.0,382.7503356933594
2019-04-08,379.79998779296875,371.8599853515625,376.20001220703125,374.5199890136719,14482600.0,365.7481689453125
2019-04-09,372.239990234375,367.75,370.2900085449219,369.0400085449219,7980100.0,360.3965148925781
2019-04-10,368.7900085449219,362.9200134277344,368.3999938964844,364.94000244140625,8285000.0,356.39251708984375
2019-04-11,371.0799865722656,364.2099914550781,364.6199951171875,370.1600036621094,6598400.0,361.49029541015625
2019-04-12,379.95001220703125,372.0,375.75,379.6400146484375,7334600.0,370.74822998046875
2019-04-15,377.8999938964844,373.67999267578125,376.70001220703125,375.4599914550781,3822100.0,366.6661071777344
2019-04-16,384.6400146484375,375.0299987792969,376.510009765625,381.7200012207031,7083800.0,372.7795104980469
2019-04-17,384.19000244140625,377.4800109863281,384.1000061035156,377.5199890136719,4424400.0,368.6778869628906
2019-04-18,382.1700134277344,377.5199890136719,377.5199890136719,380.07000732421875,4703100.0,371.1681823730469
2019-04-22,378.95001220703125,374.8999938964844,375.69000244140625,375.1700134277344,4147700.0,366.3829650878906
2019-04-23,376.8699951171875,372.6099853515625,375.5400085449219,374.0199890136719,4894500.0,365.25982666015625
2019-04-24,381.1499938964844,373.6600036621094,377.8900146484375,375.4599914550781,9855100.0,366.6661071777344
2019-04-25,384.79998779296875,372.760009765625,376.010009765625,382.79998779296875,6615000.0,373.834228515625
2019-04-26,384.0,378.1400146484375,383.8900146484375,380.7900085449219,4259600.0,371.87127685546875
2019-04-29,385.29998779296875,376.760009765625,378.489990234375,379.04998779296875,5457300.0,370.17205810546875
2019-04-30,381.1400146484375,375.04998779296875,379.5,377.69000244140625,3732800.0,368.8439025878906
2019-05-01,381.20001220703125,376.3800048828125,378.5299987792969,376.79998779296875,2765600.0,367.9747619628906
2019-05-02,377.6499938964844,373.25,375.5,375.79998779296875,2438800.0,366.9981689453125
2019-05-03,377.8999938964844,374.2200012207031,376.0799865722656,376.4599914550781,2953800.0,367.6427001953125
2019-05-06,372.4800109863281,365.6300048828125,367.8800048828125,371.6000061035156,4747600.0,362.89654541015625
2019-05-07,367.7099914550781,355.0199890136719,366.3299865722656,357.2300109863281,9740300.0,348.86309814453125
2019-05-08,361.5199890136719,353.3299865722656,357.7699890136719,359.75,6030000.0,351.3240661621094
2019-05-09,355.6499938964844,347.4700012207031,354.760009765625,354.1300048828125,6075200.0,347.82257080078125
2019-05-10,355.5400085449219,347.54998779296875,351.8699951171875,354.6700134277344,4574100.0,348.35296630859375
2019-05-13,346.6300048828125,337.0,344.510009765625,337.3699951171875,7757800.0,331.361083984375
2019-05-14,346.1000061035156,337.2300109863281,339.8999938964844,343.0400085449219,4747800.0,336.93011474609375
2019-05-15,348.79998779296875,337.6400146484375,339.79998779296875,345.6400146484375,4810000.0,339.48382568359375
2019-05-16,356.5,345.82000732421875,348.6400146484375,353.80999755859375,6036500.0,347.5082702636719
2019-05-17,359.989990234375,351.1600036621094,351.5,355.0199890136719,5282900.0,348.69671630859375
2019-05-20,355.94000244140625,350.5299987792969,353.0,352.7900085449219,3219900.0,346.5064697265625
2019-05-21,360.7699890136719,354.8800048828125,358.0299987792969,358.75,4022600.0,352.36029052734375
2019-05-22,357.57000732421875,351.75,357.2200012207031,352.7799987792969,3841400.0,346.4966125488281
2019-05-23,351.4700012207031,341.1499938964844,345.9200134277344,350.54998779296875,5305400.0,344.30633544921875
2019-05-24,361.3999938964844,353.0,355.0,354.8999938964844,5387500.0,348.578857421875
2019-05-28,359.30999755859375,354.8800048828125,355.2900085449219,354.8800048828125,3504300.0,348.5592346191406
2019-05-29,352.7900085449219,346.04998779296875,352.5899963378906,348.79998779296875,4160500.0,342.5874938964844
2019-05-30,351.9200134277344,347.94000244140625,350.0,349.8699951171875,2183900.0,343.638427734375
2019-05-31,345.8500061035156,341.3599853515625,345.8500061035156,341.6099853515625,3217600.0,335.52557373046875
2019-06-03,339.1099853515625,330.6700134277344,338.20001220703125,338.8900146484375,5148000.0,332.8540344238281
2019-06-04,346.4100036621094,340.1199951171875,342.57000732421875,344.6199951171875,3592300.0,338.4819641113281
2019-06-05,353.25,332.489990234375,346.2200012207031,348.75,3188400.0,342.53839111328125
2019-06-06,351.6400146484375,345.5799865722656,348.17999267578125,350.6400146484375,2582300.0,344.394775390625
2019-06-07,355.2799987792969,352.29998779296875,352.29998779296875,353.70001220703125,2470700.0,347.4002685546875
2019-06-10,357.3999938964844,353.54998779296875,356.0,353.79998779296875,2560800.0,347.4984436035156
2019-06-11,355.4700012207031,348.1300048828125,355.4200134277344,349.3299865722656,2702700.0,343.1080627441406
2019-06-12,349.2699890136719,342.79998779296875,349.0,347.0299987792969,2737000.0,340.8490295410156
2019-06-13,349.05999755859375,344.1000061035156,347.25,348.8599853515625,2621300.0,342.64642333984375
2019-06-14,349.1700134277344,345.8900146484375,348.0,347.1600036621094,2258400.0,340.9767150878906
2019-06-17,356.04998779296875,347.04998779296875,348.6199951171875,354.8999938964844,3746400.0,348.578857421875
2019-06-18,374.6499938964844,357.6000061035156,357.6099853515625,373.9599914550781,9199200.0,367.29937744140625
2019-06-19,379.30999755859375,368.3500061035156,375.3999938964844,368.55999755859375,5716000.0,361.9955749511719
2019-06-20,375.7900085449219,368.9599914550781,373.0,374.8800048828125,3794500.0,368.2030029296875
2019-06-21,376.1099853515625,371.7200012207031,374.3900146484375,371.8399963378906,4923700.0,365.2171325683594
2019-06-24,375.489990234375,372.1000061035156,372.95001220703125,373.989990234375,2323200.0,367.3288269042969
2019-06-25,375.25,368.0299987792969,374.75,369.32000732421875,3005400.0,362.74200439453125
2019-06-26,378.9800109863281,370.0,371.0199890136719,374.94000244140625,4542000.0,368.26190185546875
2019-06-27,369.92999267578125,362.3500061035156,367.5400085449219,364.0199890136719,8980000.0,357.5364074707031
2019-06-28,366.2300109863281,361.57000732421875,363.9200134277344,364.010009765625,4737100.0,357.5265808105469
2019-07-01,365.2300109863281,353.32000732421875,364.8800048828125,356.4599914550781,6409600.0,350.111083984375
2019-07-02,356.7799987792969,352.69000244140625,355.6300048828125,354.1600036621094,3774700.0,347.85205078125
2019-07-03,354.8500061035156,352.260009765625,354.5,354.4700012207031,2164900.0,348.156494140625
2019-07-05,357.25,351.42999267578125,354.0,355.8599853515625,3208200.0,349.521728515625
2019-07-08,352.9599914550781,349.3999938964844,350.4100036621094,351.1199951171875,3262300.0,344.8661804199219
2019-07-09,353.8500061035156,347.8999938964844,349.04998779296875,353.0899963378906,4828200.0,346.8011169433594
2019-07-10,356.5199890136719,351.25,354.489990234375,352.29998779296875,2946700.0,346.025146484375
2019-07-11,359.260009765625,350.70001220703125,352.6199951171875,359.0,5059200.0,352.6058349609375
2019-07-12,365.45001220703125,358.1400146484375,360.0,365.3299865722656,3592800.0,358.8230895996094
2019-07-15,362.8500061035156,359.0199890136719,360.5,361.6099853515625,4814600.0,355.1693420410156
2019-07-16,365.3500061035156,361.20001220703125,361.260009765625,362.75,2960400.0,356.2890319824219
2019-07-17,369.75,362.0,362.75,369.5199890136719,4010000.0,362.9384765625
2019-07-18,368.45001220703125,359.75,367.6000061035156,361.1099853515625,4615200.0,354.67822265625
2019-07-19,378.3999938964844,368.5,370.6700134277344,377.3599853515625,9504000.0,370.6387939453125
2019-07-22,382.4800109863281,371.8900146484375,376.94000244140625,373.4200134277344,4265100.0,366.76904296875
2019-07-23,376.42999267578125,370.67999267578125,374.2699890136719,373.07000732421875,3354900.0,366.4252624511719
2019-07-24,371.3599853515625,360.0299987792969,370.2799987792969,361.42999267578125,7447900.0,354.9925537109375
2019-07-25,357.69000244140625,345.7099914550781,356.17999267578125,348.0899963378906,9663700.0,341.8901672363281
2019-07-26,348.42999267578125,342.0,346.20001220703125,345.0,4441100.0,338.8551940917969
2019-07-29,346.0799865722656,339.1099853515625,344.989990234375,340.2099914550781,4116600.0,334.1504821777344
2019-07-30,347.489990234375,336.55999755859375,339.8399963378906,347.4599914550781,4528000.0,341.2713623046875
2019-07-31,351.2900085449219,341.04998779296875,348.489990234375,341.17999267578125,5219700.0,335.10321044921875
2019-08-01,344.2900085449219,333.0,341.9100036621094,334.2900085449219,6465300.0,328.3359375
2019-08-02,340.5400085449219,332.32000732421875,334.55999755859375,339.55999755859375,4675400.0,333.5120849609375
2019-08-05,333.3699951171875,326.9599914550781,332.4599914550781,331.05999755859375,5876100.0,325.1634521484375
2019-08-06,335.70001220703125,329.1400146484375,333.989990234375,332.45001220703125,3653300.0,326.52874755859375
2019-08-07,333.6499938964844,324.57000732421875,328.6000061035156,331.3800048828125,4187600.0,325.477783203125
2019-08-08,336.42999267578125,328.8599853515625,331.29998779296875,336.3500061035156,3673000.0,332.42071533203125
2019-08-09,339.0799865722656,333.1700134277344,334.05999755859375,337.54998779296875,3102900.0,333.606689453125
2019-08-12,336.010009765625,331.3699951171875,333.67999267578125,332.94000244140625,2542500.0,329.050537109375
2019-08-13,337.3999938964844,330.5,331.82000732421875,332.8599853515625,3689700.0,328.9714660644531
2019-08-14,329.5400085449219,320.4100036621094,328.3500061035156,320.4200134277344,5110400.0,316.6767883300781
2019-08-15,328.07000732421875,319.54998779296875,323.0,328.0,4721800.0,324.1682434082031
2019-08-16,331.1600036621094,326.4800109863281,330.2200012207031,330.45001220703125,3866600.0,326.58966064453125
2019-08-19,335.9100036621094,331.3999938964844,334.17999267578125,333.7799987792969,2335600.0,329.8807067871094
2019-08-20,333.5,328.8800048828125,332.4700012207031,331.75,2039000.0,327.87445068359375
2019-08-21,342.5799865722656,333.2099914550781,335.4800109863281,339.989990234375,3265600.0,336.0181884765625
2019-08-22,356.44000244140625,341.010009765625,342.42999267578125,354.4100036621094,8320900.0,350.26971435546875
2019-08-23,369.69000244140625,354.3500061035156,355.3500061035156,356.010009765625,11518700.0,351.8510437011719
2019-08-26,367.3399963378906,356.8900146484375,365.0400085449219,359.0400085449219,4661100.0,354.84564208984375
2019-08-27,361.30999755859375,353.6199951171875,359.4200134277344,354.7300109863281,3740300.0,350.58599853515625
2019-08-28,360.19000244140625,351.17999267578125,353.30999755859375,359.9700012207031,2402000.0,355.7647705078125
2019-08-29,366.0400085449219,360.1700134277344,363.8500061035156,362.739990234375,2717500.0,358.5024108886719
2019-08-30,366.3699951171875,362.3999938964844,364.3699951171875,364.0899963378906,3147000.0,359.8366394042969
2019-09-03,355.32000732421875,350.6099853515625,354.1099853515625,354.4200134277344,4272200.0,350.2796325683594
2019-09-04,358.0299987792969,354.42999267578125,357.67999267578125,356.5299987792969,2737100.0,352.3649597167969
2019-09-05,364.7099914550781,359.1300048828125,360.1400146484375,360.29998779296875,3643300.0,356.09088134765625
2019-09-06,364.9100036621094,359.1199951171875,361.6099853515625,363.0,3022600.0,358.7593688964844
2019-09-09,360.92999267578125,354.7300109863281,357.9800109863281,358.7799987792969,4183300.0,354.5886535644531
2019-09-10,369.489990234375,358.54998779296875,359.0,369.489990234375,4547200.0,365.17352294921875
2019-09-11,383.5,368.0,368.739990234375,382.94000244140625,8437000.0,378.4664306640625
2019-09-12,384.0,374.30999755859375,383.7099914550781,375.6300048828125,4495300.0,371.2418212890625
2019-09-13,381.75,377.04998779296875,377.3900146484375,379.760009765625,3628900.0,375.3235778808594
2019-09-16,381.6300048828125,375.0,378.1400146484375,378.8500061035156,3055500.0,374.4241943359375
2019-09-17,385.30999755859375,377.79998779296875,378.4100036621094,384.20001220703125,3269500.0,379.7117004394531
2019-09-18,386.739990234375,379.79998779296875,383.25,386.4100036621094,4186400.0,381.8959045410156
2019-09-19,388.5199890136719,382.8999938964844,386.1400146484375,384.44000244140625,2928800.0,379.94891357421875
2019-09-20,384.7300109863281,377.9200134277344,384.1099853515625,379.3900146484375,6643000.0,374.9579162597656
2019-09-23,380.1000061035156,374.4200134277344,376.6099853515625,377.0299987792969,2674900.0,372.6254577636719
2019-09-24,381.8900146484375,375.30999755859375,379.5400085449219,381.6499938964844,3533300.0,377.1914978027344
2019-09-25,391.0,383.1000061035156,384.9100036621094,386.20001220703125,4705500.0,381.6883544921875
2019-09-26,388.2300109863281,383.3299865722656,387.1000061035156,386.8900146484375,2520400.0,382.37030029296875
2019-09-27,389.69000244140625,381.30999755859375,388.19000244140625,382.8599853515625,2730800.0,378.3873596191406
2019-09-30,383.7699890136719,376.69000244140625,383.0,380.4700012207031,3183300.0,376.0252685546875
2019-10-01,382.8500061035156,374.6300048828125,381.70001220703125,374.94000244140625,2943800.0,370.55987548828125
2019-10-02,372.989990234375,363.7699890136719,371.8500061035156,367.3599853515625,3698300.0,363.06842041015625
2019-10-03,372.25,363.2300109863281,366.2099914550781,372.07000732421875,2623900.0,367.7234191894531
2019-10-04,376.1300048828125,371.7200012207031,372.25,375.70001220703125,2008400.0,371.31103515625
2019-10-07,378.1499938964844,373.05999755859375,374.05999755859375,376.5400085449219,1931800.0,372.1412048339844
2019-10-08,377.3399963378906,368.6400146484375,371.04998779296875,374.1000061035156,4030200.0,369.7297058105469
2019-10-09,377.8599853515625,373.5,376.0,374.9599914550781,2774100.0,370.57965087890625
2019-10-10,374.5400085449219,370.3299865722656,373.70001220703125,371.0,2723700.0,366.6659240722656
2019-10-11,376.94000244140625,370.0799865722656,373.0,374.9200134277344,3935400.0,370.5401306152344
2019-10-14,378.70001220703125,372.67999267578125,374.25,373.17999267578125,2124500.0,368.8204345703125
2019-10-15,373.5299987792969,370.5299987792969,372.5799865722656,370.9599914550781,2836600.0,366.6263732910156
2019-10-16,377.4200134277344,369.239990234375,370.2200012207031,372.42999267578125,3657100.0,368.0792236328125
2019-10-17,373.79998779296875,369.05999755859375,372.4200134277344,369.05999755859375,2397100.0,364.74859619140625
2019-10-18,369.3500061035156,344.0,369.0,344.0,13544300.0,339.9813537597656
2019-10-21,334.239990234375,324.3999938964844,332.8900146484375,331.05999755859375,15493100.0,327.1924743652344
2019-10-22,341.4800109863281,334.4599914550781,336.07000732421875,337.0,7949700.0,333.0631103515625
2019-10-23,350.79998779296875,336.5,345.0,340.5,10960800.0,336.522216796875
2019-10-24,345.739990234375,337.7699890136719,341.70001220703125,344.54998779296875,5382700.0,340.52490234375
2019-10-25,343.3699951171875,338.8999938964844,342.9200134277344,339.8299865722656,4058000.0,335.86004638671875
2019-10-28,344.9800109863281,339.489990234375,341.5,340.8800048828125,3234500.0,336.89776611328125
2019-10-29,349.7200012207031,339.2200012207031,340.19000244140625,348.92999267578125,6113600.0,344.8537292480469
2019-10-30,350.0,343.2699890136719,346.6300048828125,346.05999755859375,3997600.0,342.01727294921875
2019-10-31,346.05999755859375,339.45001220703125,344.70001220703125,339.9100036621094,3868400.0,335.9391174316406
2019-11-01,345.19000244140625,339.5,340.5899963378906,345.19000244140625,3538200.0,341.1574401855469
2019-11-04,351.45001220703125,346.04998779296875,346.4599914550781,351.0899963378906,3703000.0,346.9884948730469
2019-11-05,361.6099853515625,353.19000244140625,355.2300109863281,358.2900085449219,5468900.0,354.1044006347656
2019-11-06,359.3999938964844,353.1300048828125,358.8599853515625,354.19000244140625,3815700.0,350.05230712890625
2019-11-07,359.3999938964844,355.04998779296875,356.1199951171875,357.30999755859375,2834500.0,355.1966857910156
2019-11-08,357.0,350.54998779296875,356.3999938964844,351.0,3218200.0,348.92401123046875
2019-11-11,369.75,345.55999755859375,349.0400085449219,366.9599914550781,11483400.0,364.78961181640625
2019-11-12,367.1099853515625,360.010009765625,366.489990234375,362.8800048828125,5769700.0,360.7337341308594
2019-11-13,366.6199951171875,361.1199951171875,361.8699951171875,362.5,3453700.0,360.3559875488281
2019-11-14,368.4800109863281,361.4800109863281,363.1000061035156,367.44000244140625,5339600.0,365.26678466796875
2019-11-15,373.4800109863281,369.29998779296875,370.0,371.67999267578125,5493100.0,369.481689453125
2019-11-18,375.6000061035156,367.8999938964844,371.6700134277344,369.4599914550781,3823800.0,367.2748107910156
2019-11-19,374.8299865722656,361.6099853515625,373.510009765625,367.0,6670200.0,364.8293762207031
2019-11-20,370.989990234375,365.75,366.0,370.9100036621094,3774800.0,368.71624755859375
2019-11-21,370.760009765625,366.260009765625,369.75,366.44000244140625,2703800.0,364.2726745605469
2019-11-22,373.54998779296875,366.6099853515625,368.2699890136719,371.3399963378906,3915700.0,369.1437072753906
2019-11-25,374.29998779296875,369.20001220703125,372.5199890136719,373.1300048828125,3324400.0,370.9231262207031
2019-11-26,374.7699890136719,371.3599853515625,373.6600036621094,373.510009765625,2859000.0,371.3008728027344
2019-11-27,371.8299865722656,366.79998779296875,369.9599914550781,368.0,4145000.0,365.8234558105469
2019-11-29,368.29998779296875,366.17999267578125,367.5,366.17999267578125,1390900.0,364.01422119140625
2019-12-02,367.3800048828125,355.1600036621094,367.0799865722656,355.17999267578125,4794500.0,353.07928466796875
2019-12-03,355.55999755859375,347.6099853515625,352.0899963378906,352.0799865722656,4683500.0,349.99761962890625
2019-12-04,355.2900085449219,348.82000732421875,354.70001220703125,348.8399963378906,3014200.0,346.7767639160156
2019-12-05,350.4200134277344,345.5899963378906,350.2200012207031,345.67999267578125,4719600.0,343.6354675292969
2019-12-06,354.3999938964844,347.1099853515625,347.739990234375,354.0899963378906,2856100.0,351.9957275390625
2019-12-09,353.6000061035156,349.57000732421875,352.6700134277344,351.2099914550781,2844600.0,349.13275146484375
2019-12-10,351.3999938964844,347.45001220703125,350.1499938964844,347.8999938964844,2920900.0,345.84234619140625
2019-12-11,350.0299987792969,338.5,342.1000061035156,350.0,7369100.0,347.929931640625
2019-12-12,351.07000732421875,341.0,348.25,346.2900085449219,5970000.0,344.24188232421875
2019-12-13,349.30999755859375,341.1000061035156,346.29998779296875,341.6700134277344,4526300.0,339.6492004394531
2019-12-16,336.2300109863281,326.42999267578125,328.5299987792969,327.0,16488200.0,325.0659484863281
2019-12-17,330.95001220703125,320.6099853515625,322.05999755859375,327.0,13526400.0,325.0659484863281
2019-12-18,335.25,328.1400146484375,328.7200012207031,330.67999267578125,7029300.0,328.72418212890625
2019-12-19,334.80999755859375,330.9800109863281,332.8999938964844,333.5,5492600.0,331.5274963378906
2019-12-20,335.5,328.0,334.6199951171875,328.0,9489400.0,326.0600280761719
2019-12-23,340.5899963378906,334.20001220703125,336.75,337.54998779296875,9534800.0,335.5535583496094
2019-12-24,339.75,332.6199951171875,339.510009765625,333.0,4120100.0,331.03045654296875
2019-12-26,333.3599853515625,329.29998779296875,332.70001220703125,329.9200134277344,4593400.0,327.96868896484375
2019-12-27,333.6499938964844,329.1700134277344,330.20001220703125,330.1400146484375,4124000.0,328.1874084472656
2019-12-30,330.6300048828125,325.7099914550781,330.5,326.3999938964844,4525500.0,324.4695129394531
2019-12-31,326.57000732421875,323.32000732421875,325.4100036621094,325.760009765625,4958800.0,323.83331298828125
2020-01-02,333.3500061035156,327.70001220703125,328.54998779296875,333.32000732421875,4544400.0,331.34857177734375
2020-01-03,334.8900146484375,330.29998779296875,330.6300048828125,332.760009765625,3875900.0,330.7919006347656
2020-01-06,334.8599853515625,327.8800048828125,329.29998779296875,333.739990234375,5355000.0,331.7660827636719
2020-01-07,344.19000244140625,330.7099914550781,334.260009765625,337.2799987792969,9898600.0,335.28515625
2020-01-08,334.0299987792969,329.6000061035156,332.3999938964844,331.3699951171875,8239200.0,329.41009521484375
2020-01-09,341.7300109863281,332.04998779296875,334.95001220703125,336.3399963378906,8175600.0,334.3507080078125
2020-01-10,337.70001220703125,329.45001220703125,335.55999755859375,329.9200134277344,7161700.0,327.96868896484375
2020-01-13,334.1000061035156,330.0799865722656,332.3999938964844,330.2200012207031,5648500.0,328.26690673828125
2020-01-14,335.3500061035156,328.2799987792969,330.760009765625,332.3500061035156,6945300.0,330.3843078613281
2020-01-15,333.1099853515625,329.69000244140625,332.3500061035156,329.79998779296875,4578300.0,327.8493957519531
2020-01-16,332.8699951171875,329.30999755859375,331.04998779296875,332.0,4024100.0,330.036376953125
2020-01-17,332.5,323.0,332.3900146484375,324.1499938964844,11061700.0,322.2328186035156
2020-01-21,326.6000061035156,305.75,322.6000061035156,313.3699951171875,19318000.0,311.5165710449219
2020-01-22,312.8399963378906,302.7200012207031,309.82000732421875,309.0,18792600.0,307.17242431640625
2020-01-23,318.1700134277344,307.70001220703125,308.5,317.7900085449219,9702100.0,315.9104309082031
2020-01-24,326.20001220703125,312.510009765625,322.0,323.04998779296875,17798200.0,321.1393127441406
2020-01-27,321.260009765625,314.5799865722656,316.2099914550781,316.6000061035156,7468100.0,314.72747802734375
2020-01-28,319.3599853515625,314.0,318.04998779296875,316.55999755859375,5502200.0,314.6877136230469
2020-01-29,327.17999267578125,319.1400146484375,324.3500061035156,322.0199890136719,12454700.0,320.1153869628906
2020-01-30,325.3500061035156,317.6400146484375,320.5,323.29998779296875,6022000.0,321.3878173828125
2020-01-31,321.92999267578125,316.989990234375,321.75,318.2699890136719,4999600.0,316.3875732421875
2020-02-03,320.739990234375,314.8800048828125,318.75,316.0,4847700.0,314.1310119628906
2020-02-04,319.4800109863281,315.0299987792969,318.2799987792969,317.94000244140625,3779800.0,316.0595397949219
2020-02-05,329.67999267578125,319.2300109863281,320.5,329.54998779296875,6071800.0,327.6008605957031
2020-02-06,343.44000244140625,325.6600036621094,330.9100036621094,341.42999267578125,12845500.0,339.4106140136719
2020-02-07,340.739990234375,335.69000244140625,340.3699951171875,336.75,5337800.0,334.75830078125
2020-02-10,345.94000244140625,336.32000732421875,337.2200012207031,344.6700134277344,5876400.0,342.6314697265625
2020-02-11,348.07000732421875,342.1000061035156,347.6400146484375,344.4200134277344,5311500.0,342.3829345703125
2020-02-12,349.95001220703125,345.8500061035156,346.4200134277344,347.45001220703125,4421500.0,345.39501953125
2020-02-13,347.8900146484375,342.6300048828125,344.32000732421875,342.82000732421875,3783100.0,342.82000732421875
2020-02-14,344.5,338.0,342.29998779296875,340.489990234375,4199800.0,340.489990234375
2020-02-18,339.989990234375,336.1000061035156,338.7699890136719,338.8800048828125,2904600.0,338.8800048828125
2020-02-19,341.4700012207031,335.8599853515625,338.1199951171875,338.29998779296875,4935700.0,338.29998779296875
2020-02-20,341.239990234375,335.3900146484375,338.2900085449219,336.2799987792969,2807500.0,336.2799987792969
2020-02-21,334.6600036621094,330.2300109863281,334.04998779296875,330.3800048828125,3709900.0,330.3800048828125
2020-02-24,321.739990234375,316.3299865722656,320.0,317.8999938964844,6073200.0,317.8999938964844
2020-02-25,320.6400146484375,303.6300048828125,318.260009765625,304.1400146484375,8052500.0,304.1400146484375
2020-02-26,315.2200012207031,304.05999755859375,307.0,305.5899963378906,6987300.0,305.5899963378906
2020-02-27,301.0,284.2900085449219,300.3699951171875,287.760009765625,10972400.0,287.760009765625
2020-02-28,282.8599853515625,269.6000061035156,278.07000732421875,275.1099853515625,15375100.0,275.1099853515625
2020-03-02,291.7099914550781,274.2900085449219,279.5400085449219,289.2699890136719,11012300.0,289.2699890136719
2020-03-03,297.44000244140625,278.0799865722656,292.0,280.6199951171875,7499300.0,280.6199951171875
2020-03-04,285.9100036621094,277.010009765625,284.54998779296875,283.1199951171875,6986100.0,283.1199951171875
2020-03-05,276.30999755859375,259.6499938964844,275.7900085449219,260.3699951171875,14669100.0,260.3699951171875
2020-03-06,264.2900085449219,249.8000030517578,253.6999969482422,262.3299865722656,12861800.0,262.3299865722656
2020-03-09,241.47999572753906,224.3699951171875,238.0,227.1699981689453,11585500.0,227.1699981689453
2020-03-10,237.8300018310547,215.0,237.0,231.00999450683594,13059600.0,231.00999450683594
2020-03-11,226.99000549316406,187.0,222.99000549316406,189.0800018310547,28503500.0,189.0800018310547
2020-03-12,189.85000610351562,154.80999755859375,160.52999877929688,154.83999633789062,31734400.0,154.83999633789062
2020-03-13,178.27999877929688,161.3800048828125,174.97000122070312,170.1999969482422,21168500.0,170.1999969482422
2020-03-16,151.0,128.75999450683594,149.4199981689453,129.61000061035156,26844400.0,129.61000061035156
2020-03-17,134.9600067138672,101.25,132.50999450683594,124.13999938964844,54492200.0,124.13999938964844
2020-03-18,107.8499984741211,89.0,99.86000061035156,101.88999938964844,61943200.0,101.88999938964844
2020-03-19,103.56999969482422,90.3499984741211,98.80000305175781,97.70999908447266,40210600.0,97.70999908447266
2020-03-20,107.0,94.27999877929688,99.8499984741211,95.01000213623047,41370700.0,95.01000213623047
2020-03-23,114.48999786376953,93.55999755859375,98.75,105.62000274658203,46140100.0,105.62000274658203
2020-03-24,127.95999908447266,116.12999725341797,123.68000030517578,127.68000030517578,43683100.0,127.68000030517578
2020-03-25,174.77000427246094,141.0,154.89999389648438,158.72999572753906,77826000.0,158.72999572753906
2020-03-26,186.47999572753906,167.17999267578125,172.2899932861328,180.5500030517578,63267300.0,180.5500030517578
2020-03-27,172.9199981689453,155.5399932861328,172.0,162.0,47880200.0,162.0
2020-03-30,153.80999755859375,140.67999267578125,153.80999755859375,152.27999877929688,51052500.0,152.27999877929688
2020-03-31,160.63999938964844,149.0,155.0,149.13999938964844,29954000.0,149.13999938964844
2020-04-01,144.3800048828125,130.0,138.91000366210938,130.6999969482422,41899700.0,130.6999969482422
2020-04-02,136.67999267578125,120.0199966430664,128.50999450683594,123.2699966430664,42372400.0,123.2699966430664
2020-04-03,131.2899932861328,122.5,125.0,124.5199966430664,37347400.0,124.5199966430664
2020-04-06,149.69000244140625,129.2100067138672,133.6999969482422,148.77000427246094,51085500.0,148.77000427246094
2020-04-07,164.8000030517578,140.25999450683594,162.0,141.5800018310547,56699100.0,141.5800018310547
2020-04-08,154.0,144.5500030517578,147.50999450683594,146.8699951171875,41351000.0,146.8699951171875
2020-04-09,157.97999572753906,150.08999633789062,154.7100067138672,151.83999633789062,38049500.0,151.83999633789062
2020-04-13,156.0,146.25999450683594,155.5,147.3300018310547,26034100.0,147.3300018310547
2020-04-14,152.39999389648438,140.0,150.50999450683594,141.0,33970500.0,141.0
2020-04-15,148.69000244140625,132.89999389648438,139.0,145.97999572753906,39297600.0,145.97999572753906
2020-04-16,143.24000549316406,134.0,141.4600067138672,134.24000549316406,41364800.0,134.24000549316406
2020-04-17,154.0,145.0,149.41000366210938,154.0,52389400.0,154.0
2020-04-20,151.6300048828125,142.5,147.2100067138672,143.61000061035156,34983800.0,143.61000061035156
2020-04-21,141.89999389648438,135.4499969482422,139.00999450683594,136.3300018310547,27043800.0,136.3300018310547
2020-04-22,140.82000732421875,134.52000427246094,140.4199981689453,134.97000122070312,22842600.0,134.97000122070312
2020-04-23,142.3800048828125,136.0500030517578,136.5,137.74000549316406,25936400.0,137.74000549316406
2020-04-24,137.57000732421875,128.3300018310547,137.0,128.97999572753906,35947700.0,128.97999572753906
2020-04-27,131.1999969482422,123.83000183105469,129.97000122070312,128.67999267578125,34563000.0,128.67999267578125
2020-04-28,137.1999969482422,127.73999786376953,133.8800048828125,131.3000030517578,37806900.0,131.3000030517578
2020-04-29,147.17999267578125,135.25,138.0800018310547,139.0,60454400.0,139.0
2020-04-30,144.64999389648438,132.30999755859375,137.6699981689453,141.02000427246094,37732800.0,141.02000427246094
2020-05-01,143.7100067138672,132.83999633789062,143.22999572753906,133.3699951171875,36613100.0,133.3699951171875
2020-05-04,131.5,124.3499984741211,127.12000274658203,131.4600067138672,30708900.0,131.4600067138672
2020-05-05,133.8000030517578,125.0,132.8800048828125,125.4000015258789,30621000.0,125.4000015258789
2020-05-06,126.86000061035156,121.37000274658203,125.80000305175781,121.86000061035156,29627700.0,121.86000061035156
2020-05-07,130.7100067138672,122.36000061035156,122.80999755859375,128.64999389648438,29525000.0,128.64999389648438
2020-05-08,135.5500030517578,131.55999755859375,132.57000732421875,133.44000244140625,22739700.0,133.44000244140625
2020-05-11,131.0,127.94999694824219,130.9199981689453,128.91000366210938,20018600.0,128.91000366210938
2020-05-12,133.1199951171875,125.19999694824219,129.72000122070312,125.22000122070312,22579000.0,125.22000122070312
2020-05-13,125.06999969482422,119.33000183105469,125.0,121.5,26002000.0,121.5
2020-05-14,122.61000061035156,113.88999938964844,118.9800033569336,122.5199966430664,37499200.0,122.5199966430664
2020-05-15,121.88999938964844,117.77999877929688,118.33000183105469,120.0,26756800.0,120.0
2020-05-18,136.1999969482422,125.80000305175781,126.18000030517578,135.44000244140625,43891500.0,135.44000244140625
2020-05-19,137.0399932861328,130.27999877929688,137.0,130.44000244140625,32373000.0,130.44000244140625
2020-05-20,135.4499969482422,131.30999755859375,133.27000427246094,133.32000732421875,21835500.0,133.32000732421875
2020-05-21,144.24000549316406,136.14999389648438,137.0,139.0,48263900.0,139.0
2020-05-22,141.0800018310547,135.77999877929688,141.00999450683594,137.52999877929688,21098800.0,137.52999877929688
2020-05-26,145.91000366210938,142.61000061035156,145.2100067138672,144.72999572753906,30338300.0,144.72999572753906
2020-05-27,149.64999389648438,141.24000549316406,149.13999938964844,149.52000427246094,32799900.0,149.52000427246094
2020-05-28,156.6999969482422,149.0500030517578,156.10000610351562,149.82000732421875,34734300.0,149.82000732421875
2020-05-29,152.0,142.94000244140625,145.3000030517578,145.85000610351562,33905100.0,145.85000610351562
2020-06-01,153.5500030517578,144.5500030517578,145.4499969482422,151.38999938964844,27127300.0,151.38999938964844
2020-06-02,155.85000610351562,151.80999755859375,154.0,153.30999755859375,24780500.0,153.30999755859375
2020-06-03,173.77999877929688,155.49000549316406,157.10000610351562,173.16000366210938,66486400.0,173.16000366210938
2020-06-04,188.60000610351562,177.39999389648438,181.27999877929688,184.3000030517578,67155600.0,184.3000030517578
2020-06-05,218.7899932861328,197.36000061035156,205.0,205.42999267578125,99846000.0,205.42999267578125
2020-06-08,234.1999969482422,218.92999267578125,222.94000244140625,230.5,80902800.0,230.5
2020-06-09,227.0,213.0800018310547,222.13999938964844,216.74000549316406,66532100.0,216.74000549316406
2020-06-10,213.02999877929688,197.39999389648438,211.1699981689453,203.41000366210938,89033409.0,203.41000366210938
